date,VOO,AMZN,GOOGL,RF
2023-09-20,388.9691772,135.2899933,132.4793549,0.0002
2023-09-21,382.5944824,129.3300018,129.2104645,0.0002
2023-09-22,381.6714783,129.1199951,129.0222778,0.0002
2023-09-25,383.2578735,131.2700043,129.8741608,0.0002
2023-09-26,377.6332397,125.9800034,127.3581009,0.0002
2023-09-27,377.7197266,125.9800034,129.3095398,0.0002
2023-09-28,379.9232483,125.9800034,131.062851,0.0002
2023-09-29,379.0160217,127.1200027,129.6264954,0.0002
2023-10-02,378.98703,129.4600067,132.9053192,0.0002
2023-10-03,373.8910217,124.7200012,131.1817169,0.0002
2023-10-04,376.6416931,127,133.9652405,0.0002
2023-10-05,376.3232117,125.9599991,133.796814,0.0002
2023-10-06,380.8111267,127.9599991,136.2831573,0.0002
2023-10-09,383.3495483,128.2599945,137.1152496,0.0002
2023-10-10,385.328064,129.4799957,136.7586517,0.0002
2023-10-11,386.959198,131.8300018,139.225174,0.0002
2023-10-12,384.6331787,132.3300018,137.66008,0.0002
2023-10-13,382.6063843,129.7899933,136.0652466,0.0002
2023-10-16,386.6117249,132.5500031,137.7888489,0.0002
2023-10-17,386.6213379,131.4700012,138.4029846,0.0002
2023-10-18,381.4480896,128.1300049,136.6595764,0.0002
2023-10-19,378.2148743,128.3999939,136.4515839,0.0002
2023-10-20,373.5049438,125.1699982,134.3218231,0.0002
2023-10-23,372.8486633,126.5599976,135.2133484,0.0002
2023-10-24,375.6379395,128.5599976,137.5015564,0.0002
2023-10-25,370.3392334,121.3899994,124.4260025,0.0002
2023-10-26,365.7933655,119.5699997,121.127388,0.0002
2023-10-27,364.1719055,127.7399979,121.018425,0.0002
2023-10-30,368.5537109,132.7100067,123.2868423,0.0002
2023-10-31,370.7832031,133.0899963,122.9104309,0.0002
2023-11-01,374.8657227,137,125.2580719,0.0002
2023-11-02,381.9886169,138.0700073,126.2882767,0.0002
2023-11-03,385.5211182,138.6000061,127.88311,0.0002
2023-11-06,386.2641907,139.7400055,129.0222778,0.0002
2023-11-07,387.3548889,142.7100067,129.7354736,0.0002
2023-11-08,387.6734314,142.0800018,130.59729,0.0002
2023-11-09,384.7489929,140.6000061,129.0123444,0.0002
2023-11-10,390.7522278,143.5599976,131.3401947,0.0002
2023-11-13,390.3565674,142.5899963,130.8449097,0.0002
2023-11-14,397.8557434,145.8000031,132.3604736,0.0002
2023-11-15,398.7244263,143.1999969,133.351059,0.0002
2023-11-16,399.2841797,142.8300018,135.6392822,0.0002
2023-11-17,399.8729858,145.1799927,134.0345612,0.0002
2023-11-20,402.8841858,146.1300049,134.9657135,0.0002
2023-11-21,401.8321838,143.8999939,135.6789246,0.0002
2023-11-22,403.5695496,146.7100067,137.1846008,0.0002
2023-11-24,403.7915039,146.7400055,135.4015656,0.0002
2023-11-27,403.0869141,147.7299957,135.1242065,0.0002
2023-11-28,403.4826355,147.0299988,135.9067383,0.0002
2023-11-29,403.2220459,146.3200073,133.7175903,0.0002
2023-11-30,404.785553,146.0899963,131.280777,0.0002
2023-12-01,407.1598511,147.0299988,130.6170807,0.0002
2023-12-04,405.1137085,144.8399963,128.0515137,0.0002
2023-12-05,404.9882812,146.8800049,129.7552948,0.0002
2023-12-06,403.2992249,144.5200043,128.7944489,0.0002
2023-12-07,406.4552917,146.8800049,135.6392822,0.0002
2023-12-08,408.1829224,147.4199982,133.7175903,0.0002
2023-12-11,409.7657776,145.8899994,132.0335999,0.0002
2023-12-12,411.8022766,147.4799957,131.2708435,0.0002
2023-12-13,417.4098206,148.8399963,131.3203735,0.0002
2023-12-14,418.6355286,147.4199982,130.6963501,0.0002
2023-12-15,417.9985046,149.9700012,131.3501129,0.0002
2023-12-18,420.3631592,154.0700073,134.5199585,0.0002
2023-12-19,422.9208374,153.7899933,135.3619385,0.0002
2023-12-20,416.8162231,152.1199951,137.0360107,0.0002
2023-12-21,420.8769226,153.8399963,139.0964355,0.0002
2023-12-22,421.8557739,153.4199982,140.1563263,0.0002
2023-12-26,423.6099243,153.4100037,140.1860504,0.0002
2023-12-27,424.3852234,153.3399963,139.0468903,0.0002
2023-12-28,424.4530945,153.3800049,138.9082031,0.0002
2023-12-29,423.3191223,151.9400024,138.373291,0.0002
2024-01-02,420.6152649,149.9299927,136.8676147,0.0002
2024-01-03,417.4946289,148.4700012,137.6105499,0.0002
2024-01-04,416.1765747,144.5700073,135.1043701,0.0002
2024-01-05,416.7096558,145.2400055,134.4506073,0.0002
2024-01-08,422.6698608,149.1000061,137.531311,0.0002
2024-01-09,421.6425476,151.3699951,139.6213989,0.0002
2024-01-10,424.4239807,153.7299957,140.938858,0.0002
2024-01-11,424.278656,155.1799927,140.7407379,0.0002
2024-01-12,424.4724731,154.6199951,141.3053741,0.0002
2024-01-16,423.0284119,153.1600037,141.1468964,0.0002
2024-01-17,420.6734009,151.7100067,140.1365204,0.0002
2024-01-18,424.4142761,153.5,142.1275787,0.0002
2024-01-19,429.6088257,155.3399963,145.0002289,0.0002
2024-01-22,430.5876465,154.7799988,144.6139221,0.0002
2024-01-23,431.8669434,156.0200043,145.6540222,0.0002
2024-01-24,432.2254944,156.8699951,147.2983551,0.0002
2024-01-25,434.6580505,157.75,150.4384766,0.0002
2024-01-26,434.3963928,159.1199951,150.7554626,0.0002
2024-01-29,437.5557556,161.2599945,152.0630341,0.0002
2024-01-30,437.245697,159,150.0323486,0.0002
2024-01-31,430.1224976,155.1999969,138.7794189,0.0002
2024-02-01,435.7822571,159.2799988,139.8294525,0.0002
2024-02-02,440.259613,171.8099976,141.0379486,0.0002
2024-02-05,438.6509094,170.3099976,142.3256683,0.0002
2024-02-06,440.017395,169.1499939,142.7417145,0.0002
2024-02-07,443.6322632,170.5299988,144.1681213,0.0002
2024-02-08,443.9327087,169.8399963,144.5346527,0.0002
2024-02-09,446.4524841,174.4499969,147.5955505,0.0002
2024-02-12,446.2489014,172.3399963,146.139389,0.0002
2024-02-13,439.9592285,168.6399994,143.7719116,0.0002
2024-02-14,444.1459351,170.9799957,144.5643768,0.0002
2024-02-15,447.1502075,169.8000031,141.4242401,0.0002
2024-02-16,444.8630676,169.5099945,139.1954498,0.0002
2024-02-20,442.4208984,167.0800018,139.7898254,0.0002
2024-02-21,442.8666077,168.5899963,141.2063293,0.0002
2024-02-22,452.1703491,174.5800018,142.7317963,0.0002
2024-02-23,452.3739014,174.9900055,142.6030273,0.0002
2024-02-26,450.7166748,174.7299957,136.2732697,0.0002
2024-02-27,451.5500488,173.5399933,137.5709381,0.0002
2024-02-28,450.8523254,173.1600037,135.0944672,0.0002
2024-02-29,452.5191956,176.7599945,137.1548767,0.0002
2024-03-01,456.8804016,178.2200012,135.8473358,0.0002
2024-03-04,456.3376465,177.5800018,132.0930634,0.0002
2024-03-05,451.7633057,174.1199951,131.4194489,0.0002
2024-03-06,454.1570435,173.5099945,130.1614227,0.0002
2024-03-07,458.6538696,176.8200073,133.1133423,0.0002
2024-03-08,455.872467,175.3500061,134.1336365,0.0002
2024-03-11,455.4945068,171.9600067,136.3722992,0.0002
2024-03-12,460.3692627,175.3899994,137.1944885,0.0002
2024-03-13,459.6714783,176.5599976,138.4723206,0.0002
2024-03-14,458.6635437,178.75,141.7511597,0.0002
2024-03-15,455.5042114,174.4199982,139.8492279,0.0002
2024-03-18,458.3535156,174.4799957,146.2879333,0.0002
2024-03-19,460.9216309,175.8999939,145.6440735,0.0002
2024-03-20,464.9436035,178.1499939,147.3379822,0.0002
2024-03-21,466.4942322,178.1499939,146.208725,0.0002
2024-03-22,465.8845825,178.8699951,149.3488464,0.0002
2024-03-25,464.6789856,179.7100067,148.6554413,0.0002
2024-03-26,463.3761902,178.3000031,149.2497864,0.0002
2024-03-27,467.4207764,179.8300018,149.4478912,0.0002
2024-03-28,467.3624573,180.3800049,149.5073242,0.0002
2024-04-01,466.7498779,180.9700012,154.0243683,0.0002
2024-04-02,463.696991,180.6900024,153.1031189,0.0002
2024-04-03,464.1150818,182.4100037,153.4597321,0.0002
2024-04-04,458.3982239,180,149.1111145,0.0002
2024-04-05,463.2692566,185.0700073,151.0625305,0.0002
2024-04-08,463.453949,185.1900024,153.3903809,0.0002
2024-04-09,464.0275269,185.6699982,155.1238861,0.0002
2024-04-10,459.5357361,185.9499969,154.6682281,0.0002
2024-04-11,462.8511353,189.0500031,157.9073944,0.0002
2024-04-12,456.5412292,186.1300049,156.2432556,0.0002
2024-04-15,450.746582,183.6199951,153.4002991,0.0002
2024-04-16,449.9396057,183.3200073,152.9446411,0.0002
2024-04-17,447.2270508,181.2799988,154.0045319,0.0002
2024-04-18,446.2061768,179.2200012,154.5394287,0.0002
2024-04-19,442.4727478,174.6300049,152.6375427,0.0002
2024-04-22,446.3131104,177.2299957,154.8069153,0.0002
2024-04-23,451.9424133,179.5399933,156.7682495,0.0002
2024-04-24,451.611908,176.5899963,157.6300507,0.0002
2024-04-25,449.7451782,173.6699982,154.5295105,0.0002
2024-04-26,454.2467346,179.6199951,170.3292084,0.0002
2024-04-29,455.8314819,180.9600067,164.5838776,0.0002
2024-04-30,448.6270447,175,161.2456512,0.0002
2024-05-01,447.1687012,179,162.3154449,0.0002
2024-05-02,451.3396606,184.7200012,165.0494385,0.0002
2024-05-03,456.9398804,186.2100067,165.66362,0.0002
2024-05-06,461.5483093,188.6999969,166.5155334,0.0002
2024-05-07,462.2095032,188.7599945,169.635788,0.0002
2024-05-08,462.2289429,188,167.7834167,0.0002
2024-05-09,464.8831787,189.5,168.3579559,0.0002
2024-05-10,465.4568176,187.4799957,167.0603027,0.0002
2024-05-13,465.4859924,186.5700073,167.5456696,0.0002
2024-05-14,467.6930237,187.0700073,168.734375,0.0002
2024-05-15,473.3903809,185.9900055,170.8839264,0.0002
2024-05-16,472.4862061,183.6300049,172.5381622,0.0002
2024-05-17,473.1861877,184.6999969,174.4004669,0.0002
2024-05-20,473.6528625,183.5399933,175.2523804,0.0002
2024-05-21,474.9265747,183.1499939,176.173584,0.0002
2024-05-22,473.545929,183.1300049,174.7174683,0.0002
2024-05-23,470.0263672,181.0500031,171.9141235,0.0002
2024-05-24,473.2251282,180.75,173.3405457,0.0002
2024-05-28,473.6042786,182.1499939,174.7372589,0.0002
2024-05-29,470.2694397,182.0200043,174.2419434,0.0002
2024-05-30,467.1096802,179.3200073,170.4877014,0.0002
2024-05-31,471.173584,176.4400024,170.8740082,0.0002
2024-06-03,471.6889954,178.3399963,171.5376892,0.0002
2024-06-04,472.2625427,179.3399963,172.1518555,0.0002
2024-06-05,477.911377,181.2799988,173.7565765,0.0002
2024-06-06,477.8044434,185,175.0641632,0.0002
2024-06-07,477.1821899,184.3000031,172.8155365,0.0002
2024-06-10,478.7475281,187.0599976,173.5593109,0.0002
2024-06-11,479.8364258,187.2299957,175.1559601,0.0002
2024-06-12,483.8323669,186.8899994,176.3162689,0.0002
2024-06-13,484.7463074,183.8300018,173.7080841,0.0002
2024-06-14,485.1351929,183.6600037,175.3245544,0.0002
2024-06-17,488.9853821,184.0599976,175.7708435,0.0002
2024-06-18,490.2881775,182.8099976,173.6386414,0.0002
2024-06-20,488.927002,186.1000061,174.8386536,0.0002
2024-06-21,487.8575134,189.0800018,178.1410522,0.0002
2024-06-24,486.5449524,185.5700073,177.7344055,0.0002
2024-06-25,488.5672302,186.3399963,182.5045471,0.0002
2024-06-26,489.1117554,193.6100006,182.3557892,0.0002
2024-06-27,489.8700867,197.8500061,183.8731232,0.0002
2024-06-28,487.9811707,193.25,180.640152,0.0002
2024-07-01,489.1032104,197.1999969,181.4731598,0.0002
2024-07-02,492.2742615,200,183.7045441,0.0002
2024-07-03,494.4988708,197.5899963,184.2797089,0.0002
2024-07-05,497.4552612,200,189.0201111,0.0002
2024-07-08,497.9333496,199.2899933,187.4631042,0.0002
2024-07-09,498.4797974,199.3399963,187.4135132,0.0002
2024-07-10,503.2802124,199.7899933,189.5952759,0.0002
2024-07-11,498.9675903,195.0500031,184.0317841,0.0002
2024-07-12,502.0508118,194.4900055,183.5359344,0.0002
2024-07-15,503.572876,192.7200012,184.9838409,0.0002
2024-07-16,506.4317932,193.0200043,182.3954468,0.0002
2024-07-17,499.3578796,187.9299927,179.519516,0.0002
2024-07-18,495.6014099,183.75,176.2171173,0.0002
2024-07-19,492.2937622,183.1300049,176.1873779,0.0002
2024-07-22,497.4064941,182.5500031,180.1641083,0.0002
2024-07-23,496.5771484,186.4100037,180.2831268,0.0002
2024-07-24,485.2101135,180.8300018,171.1990509,0.0002
2024-07-25,482.7611084,179.8500061,165.8934174,0.0002
2024-07-26,488.1762695,182.5,165.6157227,0.0002
2024-07-29,488.5372925,183.1999969,168.1247406,0.0002
2024-07-30,485.9808655,181.7100067,168.8784332,0.0002
2024-07-31,493.6402283,186.9799957,170.1180725,0.0002
2024-08-01,486.9078369,184.0700073,169.3445282,0.0002
2024-08-02,478.0093994,167.8999939,165.2785187,0.0002
2024-08-05,463.6567078,161.0200043,157.9299469,0.0002
2024-08-06,468.2815552,161.9299927,156.97789,0.0002
2024-08-07,465.0324402,162.7700043,157.6225128,0.0002
2024-08-08,475.8823853,165.8000031,160.6869202,0.0002
2024-08-09,477.9216003,166.9400024,162.3133087,0.0002
2024-08-12,478.1655579,166.8000031,160.9447632,0.0002
2024-08-13,486.1077576,170.2299957,162.7992706,0.0002
2024-08-14,487.6591187,170.1000061,159.0406647,0.0002
2024-08-15,496.0306702,177.5899963,159.9629517,0.0002
2024-08-16,497.0747681,177.0599976,161.6091919,0.0002
2024-08-19,501.8557129,178.2200012,165.2884674,0.0002
2024-08-20,501.0263672,178.8800049,165.7941895,0.0002
2024-08-21,502.7825928,180.1100006,164.4752502,0.0002
2024-08-22,498.7138977,176.1300049,162.4422455,0.0002
2024-08-23,504.1095886,177.0399933,164.2471619,0.0002
2024-08-26,502.8704529,175.5,164.7826691,0.0002
2024-08-27,503.5436707,173.1199951,163.3149567,0.0002
2024-08-28,500.6653137,170.8000031,161.5001068,0.0002
2024-08-29,500.7434387,172.1199951,160.4389648,0.0002
2024-08-30,505.4560242,178.5,162.0257263,0.0002
2024-09-03,495.2305908,176.25,156.0556335,0.0002
2024-09-04,494.0012512,173.3300018,155.1531677,0.0002
2024-09-05,492.7815552,177.8899994,155.936615,0.0002
2024-09-06,484.5759277,171.3899994,149.6690216,0.0002
2024-09-09,490.0301208,175.3999939,147.6730194,0.0002
2024-09-10,492.0498047,179.5500031,147.6233521,0.0002
2024-09-11,497.0845032,184.5200043,150.1059418,0.0002
2024-09-12,501.3581238,187,153.6113281,0.0002
2024-09-13,504.021759,186.4900055,156.3619995,0.0002
2024-09-16,504.7828064,184.8899994,156.9578094,0.0002
2024-09-17,505.0170593,186.8800049,158.2090454,0.0002
2024-09-18,503.3777771,186.4299927,158.6956329,0.0002
2024-09-19,512.1591797,189.8699951,161.0093536,0.0002
2024-09-20,511.1542358,191.6000061,162.4492493,0.0002
2024-09-23,512.4129028,193.8800049,160.7213898,0.0002
2024-09-24,513.8862305,193.9600067,161.1583252,0.0002
2024-09-25,512.8422241,192.5299988,160.3639069,0.0002
2024-09-26,514.8814697,191.1600037,161.5952454,0.0002
2024-09-27,514.2148438,187.9700012,162.8067322,0.0002
2024-09-30,516.4562378,186.3300018,164.6934967,0.0002
2024-10-01,511.6309814,185.1300049,165.8255615,0.0002
2024-10-02,511.7190552,184.7599945,164.7034302,0.0002
2024-10-03,510.7501221,181.9600067,164.7034302,0.0002
2024-10-04,515.4578857,186.5099945,165.8950653,0.0002
2024-10-07,510.8185425,180.8000031,161.8435211,0.0002
2024-10-08,515.6535645,182.7200012,163.2337494,0.0002
2024-10-09,519.177124,185.1699982,160.7313232,0.0002
2024-10-10,518.3060913,186.6499939,160.9497833,0.0002
2024-10-11,521.3892212,188.8200073,162.1016998,0.0002
2024-10-14,525.6564331,187.5399933,163.8097382,0.0002
2024-10-15,521.6533203,187.6900024,164.3062286,0.0002
2024-10-16,523.8457642,186.8899994,164.0083008,0.0002
2024-10-17,523.9240723,187.5299988,161.793869,0.0002
2024-10-18,525.9403076,188.9900055,162.2804413,0.0002
2024-10-21,525.1280518,189.0700073,162.9259338,0.0002
2024-10-22,524.7657471,189.6999969,163.9884491,0.0002
2024-10-23,519.9797974,184.7100067,161.644928,0.0002
2024-10-24,521.1542969,186.3800049,161.5853271,0.0002
2024-10-25,520.9486694,187.8300018,164.117569,0.0002
2024-10-28,522.5733643,188.3899994,165.5574341,0.0002
2024-10-29,523.4052734,190.8300018,168.4968109,0.0002
2024-10-30,521.8295898,192.7299957,173.243454,0.0002
2024-10-31,511.5625,186.3999939,169.9168091,0.0002
2024-11-01,513.7842407,197.9299927,170.0955505,0.0002
2024-11-04,512.668457,195.7799988,168.0598602,0.0002
2024-11-05,518.8345337,199.5,168.5563965,0.0002
2024-11-06,531.7540894,207.0899963,175.2791748,0.0002
2024-11-07,535.894165,210.0500031,179.4895782,0.0002
2024-11-08,538.2627563,208.1799927,177.1063385,0.0002
2024-11-11,538.703186,206.8399963,179.092392,0.0002
2024-11-12,537.0882568,208.9100037,180.3535461,0.0002
2024-11-13,537.3623047,214.1000061,177.6326447,0.0002
2024-11-14,533.9464722,211.4799957,174.3556519,0.0002
2024-11-15,527.0560913,202.6100006,171.2872009,0.0002
2024-11-18,529.2385864,201.6999969,174.0776062,0.0002
2024-11-19,531.166748,204.6100006,176.8779449,0.0002
2024-11-20,531.3625488,202.8800049,174.7528534,0.0002
2024-11-21,534.0443726,198.3800049,166.4610901,0.0002
2024-11-22,535.8353271,197.1199951,163.6110992,0.0002
2024-11-25,537.5579834,201.4499969,166.480957,0.0002
2024-11-26,540.5726318,207.8600006,167.9406891,0.0002
2024-11-27,538.8499756,205.7400055,168.0499115,0.0002
2024-11-29,541.6884155,207.8899994,167.7718658,0.0002
2024-12-02,543.2151489,210.7100067,170.2941742,0.0002
2024-12-03,543.3424683,213.4400024,170.1452179,0.0002
2024-12-04,546.7681885,218.1600037,173.1540833,0.0002
2024-12-05,545.8578491,220.5500031,171.436142,0.0002
2024-12-06,546.9441528,227.0299988,173.491745,0.0002
2024-12-09,544.0961304,226.0899963,174.3466949,0.0002
2024-12-10,542.5496826,225.0399933,184.0895233,0.0002
2024-12-11,546.6604614,230.2599945,194.2598267,0.0002
2024-12-12,543.8416138,228.9700012,190.8399048,0.0002
2024-12-13,543.8024292,227.4600067,188.7123871,0.0002
2024-12-16,545.9361572,232.9299927,195.5124817,0.0002
2024-12-17,543.645874,231.1499939,194.2796936,0.0002
2024-12-18,527.6824341,220.5200043,187.3006592,0.0002
2024-12-19,527.4866333,223.2899933,187.4100037,0.0002
2024-12-20,533.4570923,224.9199982,190.2930908,0.0002
2024-12-23,537.2755737,225.0599976,193.4943237,0.0002
2024-12-24,542.8035889,229.0500031,194.9656677,0.0002
2024-12-26,542.7938232,227.0500031,194.4586639,0.0002
2024-12-27,537.1676025,223.75,191.6352386,0.0002
2024-12-30,531.1878662,221.3000031,190.1240997,0.0002
2024-12-31,529.0474243,219.3899994,188.1954498,0.0002
2025-01-02,527.7219238,220.2200012,188.3246613,0.0002
2025-01-03,534.5361328,224.1900024,190.6708984,0.0002
2025-01-06,537.6487427,227.6100006,195.7212524,0.0002
2025-01-07,531.6003418,222.1100006,194.3493042,0.0002
2025-01-08,532.3170776,222.1300049,192.8182983,0.0002
2025-01-10,524.2165527,218.9400024,190.9194183,0.0002
2025-01-13,524.894165,218.4600067,189.8954163,0.0002
2025-01-14,525.5617676,217.7599945,188.5533142,0.0002
2025-01-15,535.1743164,223.3500061,194.4089355,0.0002
2025-01-16,534.3790894,220.6600037,191.7843475,0.0002
2025-01-17,539.5044556,225.9400024,194.8562927,0.0002
2025-01-21,544.4140015,230.7100067,196.8943634,0.0002
2025-01-22,547.5068359,235.0099945,197.2124939,0.0002
2025-01-23,550.5408936,235.4199982,196.8247833,0.0002
2025-01-24,548.8814697,234.8500061,199.041748,0.0002
2025-01-27,541.2423096,235.4199982,190.6907654,0.0002
2025-01-28,545.7786255,238.1499939,194.1604156,0.0002
2025-01-29,543.3828125,237.0700073,194.2697601,0.0002
2025-01-30,546.22052,234.6399994,199.697876,0.0002
2025-01-31,543.3043823,237.6799927,202.8295441,0.0002
2025-02-03,539.7401123,237.4199982,200.0557861,0.0002
2025-02-04,543.3239746,242.0599976,205.1757507,0.0002
2025-02-05,545.5529175,236.1699982,190.2135773,0.0002
2025-02-06,547.5166626,238.8300018,190.4819946,0.0002
2025-02-07,542.1948853,229.1499939,184.2585144,0.0002
2025-02-10,546.0733032,233.1399994,185.3819275,0.0002
2025-02-11,546.564209,232.7599945,184.2386627,0.0002
2025-02-12,544.7575073,228.9299927,182.5386353,0.0002
2025-02-13,550.5113525,230.3699951,185.0538635,0.0002
2025-02-14,550.5310059,228.6799927,184.1491394,0.0002
2025-02-18,552.1216431,226.6499939,182.6976776,0.0002
2025-02-19,553.4569702,226.6300049,184.1889496,0.0002
2025-02-20,551.1299438,222.8800049,183.483078,0.0002
2025-02-21,541.7529297,216.5800018,178.6116791,0.0002
2025-02-24,539.1903687,212.7100067,178.2040558,0.0002
2025-02-25,536.5097656,212.8000031,174.3964081,0.0002
2025-02-26,536.8436279,214.3500061,171.7221069,0.0002
2025-02-27,528.2226562,208.7400055,167.5167999,0.0002
2025-02-28,536.4312134,212.2799988,169.286377,0.0002
2025-03-03,527.1916504,205.0200043,166.0354767,0.0002
2025-03-04,520.8389282,203.8000031,169.9226837,0.0002
2025-03-05,526.6811523,208.3600006,172.0104218,0.0002
2025-03-06,517.1274414,200.6999969,171.3443298,0.0002
2025-03-07,519.9159546,199.25,172.84552,0.0002
2025-03-10,506.1696167,194.5399933,165.092041,0.0002
2025-03-11,502.0162659,196.5899963,163.2706299,0.0002
2025-03-12,504.451355,198.8899994,166.3262482,0.0002
2025-03-13,497.8628845,193.8899994,161.9966431,0.0002
2025-03-14,508.084259,197.9499969,164.7138367,0.0002
2025-03-17,511.9627075,195.7400055,163.519455,0.0002
2025-03-18,506.5622864,192.8200073,159.9164276,0.0002
2025-03-19,511.8842468,195.5399933,163.1213379,0.0002
2025-03-20,510.7059021,194.9499969,162.0364532,0.0002
2025-03-21,510.8335876,196.2100067,163.2208557,0.0002
2025-03-24,519.7981567,203.2599945,166.8935547,0.0002
2025-03-25,521.0352783,205.7100067,169.7600403,0.0002
2025-03-26,514.9574585,201.1300049,164.2858429,0.0002
2025-03-27,513.5405884,201.3600006,161.4790802,0.0002
2025-03-28,503.283783,192.7200012,153.6062012,0.0002
2025-03-31,506.3480225,190.2599945,153.9147186,0.0002
2025-04-01,508.2102051,192.1699982,156.3333282,0.0002
2025-04-02,511.2744751,196.0099945,156.3034668,0.0002
2025-04-03,486.8886414,178.4100037,150.0131226,0.0002
2025-04-04,458.6700439,171,144.9171295,0.0002
2025-04-07,456.7388916,175.2599945,146.0617371,0.0002
2025-04-08,450.0192261,170.6600037,144.021347,0.0002
2025-04-09,491.7559509,191.1000061,157.9656219,0.0002
2025-04-10,474.9667053,181.2200012,152.1032562,0.0002
2025-04-11,483.3317566,184.8699951,156.4029999,0.0002
2025-04-14,488.189209,182.1199951,158.3239594,0.0002
2025-04-15,486.8196716,179.5899963,155.576889,0.0002
2025-04-16,476.1194763,174.3300018,152.6108551,0.0002
2025-04-17,476.7796326,172.6100006,150.4510345,0.0002
2025-04-21,465.419281,167.3200073,146.9774017,0.0002
2025-04-22,477.1639404,173.1799927,150.7595825,0.0002
2025-04-23,484.8294067,180.6000061,154.6214142,0.0002
2025-04-24,495.0172119,186.5399933,158.5329437,0.0002
2025-04-25,498.6627808,188.9900055,161.2004089,0.0002
2025-04-28,498.9682617,187.6999969,159.8567047,0.0002
2025-04-29,501.9930115,187.3899994,159.408844,0.0002
2025-04-30,502.2393799,184.4199982,158.055191,0.0002
2025-05-01,505.7962646,190.1999969,160.5434723,0.0002
2025-05-02,513.0479736,189.9799957,163.2606812,0.0002
2025-05-05,510.3680115,186.3500061,163.4398499,0.0002
2025-05-06,506.0229187,185.0099945,162.4644165,0.0002
2025-05-07,508.3087769,188.7100067,150.6700134,0.0002
2025-05-08,511.6981506,192.0800018,153.556427,0.0002
2025-05-09,511.0183411,193.0599976,152.0335693,0.0002
2025-05-12,528.0341187,208.6399994,157.7168121,0.0002
2025-05-13,531.5023193,211.3699951,158.7817841,0.0002
2025-05-14,532.1624756,210.25,164.5944061,0.0002
2025-05-15,534.7734985,205.1699982,163.1910095,0.0002
2025-05-16,538.2220459,205.5899963,165.4105682,0.0002
2025-05-19,538.7737427,206.1600037,165.7588959,0.0002
2025-05-20,536.8623047,204.0700073,163.2109222,0.0002
2025-05-21,527.8864136,201.1199951,167.7694244,0.0002
2025-05-22,528.1326904,203.1000061,170.0685883,0.0002
2025-05-23,524.565979,200.9900055,167.6798553,0.0002
2025-05-27,535.3450317,206.0200043,172.0890808,0.0002
2025-05-28,532.2905273,204.7200012,171.5516205,0.0002
2025-05-29,534.3399658,205.6999969,171.0539551,0.0002
2025-05-30,533.7883301,205.0099945,170.9345398,0.0002
2025-06-02,536.8918457,206.6499939,168.2372589,0.0002
2025-06-03,539.9364624,205.7100067,165.4005737,0.0002
2025-06-04,539.5916138,207.2299957,167.2618256,0.0002
2025-06-05,537.0692139,207.9100037,167.4210968,0.0002
2025-06-06,542.557251,213.5700073,172.8654022,0.0002
2025-06-09,543.1384888,216.9799957,175.4762878,0.0002
2025-06-10,546.2324219,217.6100006,177.9775696,0.0002
2025-06-11,544.7248535,213.1999969,176.7319031,0.0002
2025-06-12,546.7841187,213.2400055,175.0876617,0.0002
2025-06-13,540.6950684,212.1000061,174.0612335,0.0002
2025-06-16,545.9171753,216.1000061,176.1539154,0.0002
2025-06-17,541.2665405,214.8200073,175.3367615,0.0002
2025-06-18,541.1581421,212.5200043,172.7159576,0.0002
2025-06-20,539.6605225,209.6900024,166.0592346,0.0002
2025-06-23,545.2174683,208.4700012,164.6142883,0.0002
2025-06-24,551.2081299,212.7700043,166.1887817,0.0002
2025-06-25,551.4839478,211.9900055,170.0851288,0.0002
2025-06-26,555.848877,217.1199951,172.9351807,0.0002
2025-06-27,558.6075439,223.3000031,177.9077911,0.0002
2025-06-30,561.3996582,219.3899994,175.6157837,0.0002
2025-07-01,561.1426392,220.4600067,175.2271576,0.0002
2025-07-02,563.6331177,219.9199982,178.017395,0.0002
2025-07-03,568.5056152,223.4100037,178.9042969,0.0002
2025-07-07,563.9494629,223.4700012,176.1738281,0.0002
2025-07-08,563.5738525,219.3600006,173.7523041,0.0002
2025-07-09,566.9144897,222.5399933,176.0044403,0.0002
2025-07-10,568.5748901,222.2599945,177.0009613,0.0002
2025-07-11,566.5289917,225.0200043,179.5620117,0.0002
2025-07-14,567.645752,225.6900024,180.9272308,0.0002
2025-07-15,565.1848755,226.3500061,181.3657074,0.0002
2025-07-16,567.0429077,223.1900024,182.3323212,0.0002
2025-07-17,570.4428101,223.8800049,182.9401703,0.0002
2025-07-18,570.185791,226.1300049,184.4150238,0.0002
2025-07-21,571.2037964,229.3000031,189.4374542,0.0002
2025-07-22,571.2037964,227.4700012,190.6731262,0.0002
2025-07-23,576.0564575,228.2899933,189.5670319,0.0002
2025-07-24,576.4517822,232.2299957,191.5002289,0.0002
2025-07-25,578.744812,231.4400024,192.5067291,0.0002
2025-07-28,578.6063843,232.7899933,191.9088135,0.0002
2025-07-29,577.104126,231.0099945,195.0677795,0.0002
2025-07-30,576.4024658,230.1900024,195.8450623,0.0002
2025-07-31,574.2379761,234.1100006,191.2312012,0.0002
2025-08-01,564.7796631,214.75,188.4708557,0.0002
2025-08-04,573.3682251,211.6499939,194.36026,0.0002
2025-08-05,570.6107788,213.75,193.9915161,0.0002
2025-08-06,574.850708,222.3099976,195.4065857,0.0002
2025-08-07,574.5047607,223.1300049,195.835083,0.0002
2025-08-08,578.902832,222.6900024,200.7180023,0.0002
2025-08-11,577.7168579,221.3000031,200.299469,0.0002
2025-08-12,583.8840942,221.4700012,202.6313171,0.0002
2025-08-13,585.9200439,224.5599976,201.256134,0.0002
2025-08-14,585.9298096,230.9799957,202.2327118,0.0002
2025-08-15,584.6647949,231.0299988,203.1893616,0.0002
2025-08-18,584.4572144,231.4900055,202.7907562,0.0002
2025-08-19,581.2649536,228.0099945,200.8675079,0.0002
2025-08-20,579.7330322,223.8099976,198.6253357,0.0002
2025-08-21,577.4500122,221.9499969,199.0538483,0.0002
2025-08-22,586.2857056,228.8399963,205.3717346,0.0002
2025-08-25,583.8049927,227.9400024,207.7633667,0.0002
2025-08-26,586.1373901,228.7100067,206.4180756,0.0002
2025-08-27,587.4815674,229.1199951,206.7568665,0.0002
2025-08-28,589.5570679,231.6000061,210.9023895,0.0002
2025-08-29,586.1571655,229,212.1679688,0.0002
2025-09-02,581.8381958,225.3399963,210.6134186,0.0002
2025-09-03,584.8129883,225.9900055,229.8561249,0.0002
2025-09-04,589.6262207,235.6799927,231.490387,0.0002
2025-09-05,588.0152588,232.3300018,234.1809845,0.0002
2025-09-08,589.5372925,235.8399963,233.4329224,0.0002
2025-09-09,590.9703979,238.2400055,239.0084381,0.0002
2025-09-10,592.6801758,230.3300018,238.5496216,0.0002
2025-09-11,597.5130615,229.9499969,239.746521,0.0002
2025-09-12,597.3845825,228.1499939,240.1753998,0.0002
2025-09-15,600.4978638,231.4299927,250.9573364,0.0002
2025-09-16,599.7071533,234.0500031,250.5085144,0.0002
2025-09-17,599.0153198,231.6199951,248.8827362,0.0002
2025-09-18,601.8320923,231.2299957,251.3762512,0.0002
2025-09-19,604.6389771,231.4799957,254.0592804,0.0002
2025-09-22,607.5841064,227.6300049,251.8749542,0.0002
2025-09-23,604.4017334,220.7100067,251.0072174,0.0002
2025-09-24,602.385498,220.2100067,246.4989471,0.0002
2025-09-25,599.5095825,218.1499939,245.1524353,0.0002
2025-09-26,603.0377808,219.7799988,245.9004822,0.0002
2025-09-29,604.7327271,222.1699982,243.4169617,0.0002
2025-09-30,606.9627686,219.5700073,242.4694366,0.0002
2025-10-01,609.1334229,220.6300049,244.2647552,0.0002
2025-10-02,609.8074341,222.4100037,245.0527191,0.0002
2025-10-03,609.8569336,219.5099945,244.7135773,0.0002
2025-10-06,611.9384155,220.8999939,249.7804108,0.0002
2025-10-07,609.7578735,221.7799988,245.1225281,0.0002
2025-10-08,613.2962646,225.2200012,243.9854736,0.0002
2025-10-09,611.6410522,227.7400055,240.9034882,0.0002
2025-10-10,595.1978149,216.3699951,235.9563446,0.0002
2025-10-13,604.2172852,220.0700073,243.5167084,0.0002
2025-10-14,603.3649292,216.3899994,244.813324,0.0002
2025-10-15,606.0211792,215.5700073,250.3788452,0.0002
2025-10-16,602.0169067,214.4700012,250.807724,0.0002
2025-10-17,605.3571167,213.0399933,252.6429749,0.0002
2025-10-20,611.7103882,216.4799957,255.8845367,0.0002
2025-10-21,611.6311646,222.0299988,249.810318,0.0002
2025-10-22,608.5386963,217.9499969,251.0371552,0.0002
2025-10-23,611.9780273,221.0899963,252.4235382,0.0002
2025-10-24,617.0427856,224.2100067,259.2458191,0.0002
2025-10-27,624.4269409,226.9700012,268.5715027,0.0002
2025-10-28,626.1019897,229.25,266.7762146,0.0002
2025-10-29,626.3596802,230.3000031,273.8578186,0.0002
2025-10-30,619.7089844,222.8600006,280.7499084,0.0002
2025-10-31,621.493103,244.2200012,280.4606323,0.0002
2025-11-03,622.7122192,254,282.9840393,0.0002
2025-11-04,615.496582,249.3200073,276.8200989,0.0002
2025-11-05,617.3500977,250.1999969,283.5725098,0.0002
2025-11-06,610.7886353,243.0399933,284.0114136,0.0002
2025-11-07,611.4329224,244.4100037,278.1066895,0.0002
2025-11-10,620.9281006,248.3999939,289.3475037,0.0002
2025-11-11,622.3553467,249.1000061,290.5543823,0.0002
2025-11-12,622.6626587,244.1999969,285.9663086,0.0002
2025-11-13,612.5231323,237.5800018,277.8474426,0.0002
2025-11-14,612.364624,234.6900024,275.6930237,0.0002
2025-11-17,606.6257935,232.8699951,284.2806396,0.0002
2025-11-18,601.6303711,222.5500031,283.5426331,0.0002
2025-11-19,603.8109131,222.6900024,292.0504456,0.0002
2025-11-20,594.65271,217.1399994,288.6992188,0.0002
2025-11-21,600.5698242,220.6900024,298.8826904,0.0002
2025-11-24,609.5001221,226.2799988,317.7536011,0.0002
2025-11-25,615.1694946,229.6699982,322.6010132,0.0002
2025-11-26,619.4216309,229.1600037,319.1201172,0.0002
2025-11-28,622.8510132,233.2200012,319.3494873,0.0002
2025-12-01,619.9865723,233.8800049,314.0732117,0.0002
2025-12-02,621.0372314,234.4199982,314.9908142,0.0002
2025-12-03,623.2077637,232.3800049,318.8009338,0.0002
2025-12-04,623.7330933,229.1100006,316.7961121,0.0002
2025-12-05,624.90271,229.5299988,320.436615,0.0002
2025-12-08,623.0491943,226.8899994,313.1109009,0.0002
2025-12-09,622.5437012,227.9199982,316.464386,0.0002
2025-12-10,626.5678101,231.7799988,319.5883179,0.0002
2025-12-11,628.104126,230.2799988,311.8234253,0.0002
2025-12-12,621.324646,226.1900024,308.6895142,0.0002
2025-12-15,620.4226685,222.5399933,307.621582,0.0002
2025-12-16,618.6881714,222.5599976,305.9747925,0.0002
2025-12-17,611.888855,221.2700043,296.1439209,0.0002
2025-12-18,616.5076294,226.7599945,301.8727722,0.0002
2025-12-19,622.0084839,227.3500061,306.5636597,0.0002
2025-12-22,625.9257202,228.4299927,309.1785583,0.0002
2025-12-23,628.8479614,232.1399994,313.7396851,0.0002
2025-12-24,630.9451904,232.3800049,313.4801941,0.0002
2025-12-26,631.0048828,232.5200043,312.9013367,0.0002
2025-12-29,628.7783203,232.0700073,312.9512329,0.0002
2025-12-30,627.9036255,232.5299988,313.2406616,0.0002
2025-12-31,623.3413696,230.8200073,312.392334,0.0002
2026-01-02,624.5043335,226.5,314.5381165,0.0002
2026-01-05,628.6392212,233.0599976,315.9254456,0.0002
2026-01-06,632.3665771,240.9299927,313.7296753,0.0002
2026-01-07,630.3388062,241.5599976,321.3548889,0.0002
2026-01-08,630.2295532,246.2899933,324.8081665,0.0002
2026-01-09,634.4539185,247.3800049,327.9320984,0.0002
2026-01-12,635.4777222,246.4700012,331.2156982,0.0002
2026-01-13,634.1755981,242.6000061,335.317688,0.0002
2026-01-14,631.104248,236.6499939,335.1879578,0.0002
2026-01-15,632.7741089,238.1799927,332.1339417,0.0002
2026-01-16,632.2473145,239.1199951,329.359314,0.0002
2026-01-20,619.385498,231,321.3748474,0.0002
2026-01-21,626.4822998,231.3099976,327.7424622,0.0002
2026-01-22,629.7424927,234.3399963,329.8982544,0.0002
2026-01-23,630.0009766,239.1600037,327.293335,0.0002
2026-01-26,633.241272,238.4199982,332.6129761,0.0002
2026-01-27,635.8354492,244.6799927,333.9004517,0.0002
2026-01-28,635.7360229,243.0099945,335.3576355,0.0002
2026-01-29,634.4141235,241.7299957,337.5932922,0.0002
2026-01-30,632.3764648,239.3000031,337.3437805,0.0002
2026-02-02,635.8155518,242.9600067,343.0227051,0.0001
2026-02-03,630.3190308,238.6199951,339.0504456,0.0001
2026-02-04,627.0985718,232.9900055,332.3934326,0.0001
2026-02-05,619.3357544,222.6900024,330.6069031,0.0001
2026-02-06,631.4024048,210.3200073,322.2331543,0.0001
2026-02-09,634.3743286,208.7200012,323.6903381,0.0001
2026-02-10,632.5951538,206.9600067,317.9614563,0.0001
2026-02-11,632.5056763,204.0800018,310.3562622,0.0001
2026-02-12,622.7052612,199.6000061,308.4000854,0.0001
2026-02-13,623.1029053,198.7899933,305.1264648,0.0001
2026-02-17,624.196167,201.1499939,301.4336243,0.0001
2026-02-18,627.3371582,204.7899933,302.7410889,0.0001
2026-02-19,625.7269287,204.8600006,302.2620239,0.0001
2026-02-20,630.1898193,210.1100006,314.3684692,0.0001
2026-02-23,623.8384399,205.2700043,310.8852234,0.0001
2026-02-24,628.3907471,208.5599976,310.2963867,0.0001
2026-02-25,633.6786499,210.6399994,312.292511,0.0001
2026-02-26,630.1202393,207.9199982,306.7832031,0.0001
2026-02-27,627.2277222,210,311.1547546,0.0001
2026-03-02,627.4663696,208.3899994,305.9248657,0.0001
2026-03-03,621.9398804,208.7299957,302.9906006,0.0001
2026-03-04,626.3729858,216.8200073,302.5414734,0.0001
2026-03-05,623.0233765,218.9400024,300.2958679,0.0001
2026-03-06,614.6939697,213.2100067,297.9403992,0.0001
2026-03-09,620.0315552,213.4900055,305.9804077,0.0001
2026-03-10,618.9580078,214.3300018,306.6596069,0.0001
2026-03-11,618.2722778,212.6499939,308.3175659,0.0001
2026-03-12,608.7997437,209.5299988,303.1738892,0.0001
2026-03-13,605.4104614,207.6699982,301.9054871,0.0001
2026-03-16,611.4735107,211.7400055,305.181427,0.0001
2026-03-17,613.1633301,215.1999969,310.53479,0.0001
2026-03-18,604.7046509,209.8699951,307.3087769,0.0001
2026-03-19,603.0845337,208.7599945,306.7494812,0.0001
2026-03-20,594.3277588,205.3699951,300.6270752,0.0001
2026-03-23,600.7785034,210.1399994,301.685791,0.0001
2026-03-24,598.7409668,207.2400055,290.0801697,0.0001
2026-03-25,602.0010986,211.7100067,290.5695496,0.0001
2026-03-26,591.3259888,207.5399933,280.5719604,0.0001
2026-03-27,581.267334,199.3399963,274.0001221,0.0001
2026-03-30,579.2431641,200.9499969,273.1611633,0.0001
2026-03-31,595.8149414,208.2700043,287.2037354,0.0001
2026-04-01,600.5511475,210.5700073,297.0215759,0.0001
2026-04-02,601.2391357,209.7700043,295.4035645,0.0001
2026-04-06,603.9113159,212.7899933,299.6183167,0.0001
2026-04-07,604.2802734,213.7700043,305.081543,0.0001
2026-04-08,619.5358887,221.25,316.9268799,0.0001
2026-04-09,623.2052002,233.6499939,318.0953979,0.0001
2026-04-10,622.786377,238.3800049,316.8469543,0.0001
2026-04-13,628.8886108,239.8899994,320.9119263,0.0001
2026-04-14,636.49646,249.0200043,332.4975586,0.0001
2026-04-15,641.581665,248.5,336.7023315,0.0001
2026-04-16,642.9875488,249.6999969,335.6036682,0.0001
2026-04-17,650.8845825,250.5599976,341.2566833,0.0001
2026-04-20,649.6481323,248.2799988,337.0019836,0.0001
2026-04-21,645.3706055,249.9100037,331.8783264,0.0001
2026-04-22,652.0013428,255.3600006,338.8996277,0.0001
2026-04-23,649.3689575,255.0800018,338.4701538,0.0001
2026-04-24,654.5139771,263.9899902,343.9732971,0.0001
2026-04-27,655.5908813,261.1199951,349.9059448,0.0001
2026-04-28,652.3602905,259.7000122,349.3466492,0.0001
2026-04-29,652.340332,263.0400085,349.5064697,0.0001
2026-04-30,658.6619263,265.0599976,384.3232422,0.0001
2026-05-01,660.5963135,268.2600098,385.2121887,0.0002
2026-05-04,658.2032471,272.0499878,382.775177,0.0002
2026-05-05,663.3682251,273.5499878,387.948761,0.0002
2026-05-06,672.7009888,274.9899902,397.546875,0.0002
2026-05-07,670.5871582,271.1700134,397.4969177,0.0002
2026-05-08,676.071167,272.6799927,400.3034363,0.0002
2026-05-11,677.546936,268.9899902,388.1585083,0.0002
2026-05-12,676.6993408,265.8200073,386.8701172,0.0002
2026-05-13,680.4285278,270.1300049,402.1211853,0.0002
2026-05-14,685.7330322,267.2200012,400.5731201,0.0002
2026-05-15,677.4671631,264.1400146,396.2884216,0.0002
2026-05-18,676.9386597,264.8599854,396.4482422,0.0002
2026-05-19,672.6312866,259.3399963,387.179718,0.0002
2026-05-20,679.5910034,265.0100098,388.4281921,0.0002
2026-05-21,680.8572998,268.4599915,387.179718,0.0002
2026-05-22,683.5593872,266.3200073,382.4955444,0.0002
2026-05-26,688.0064697,265.2900085,388.3981934,0.0002
2026-05-27,687.956604,271.8500061,388.3482361,0.0002
2026-05-28,691.8950806,274,389.6466675,0.0002
2026-05-29,693.47052,270.6400146,379.8687744,0.0002
2026-06-01,695.2752686,261.2600098,375.903717,0.0001
2026-06-02,696.2325439,256.519989,361.4017029,0.0001
2026-06-03,691.3467407,250.0200043,358.5452271,0.0001
2026-06-04,694.0388794,253.7899933,371.7289124,0.0001
2026-06-05,676.031311,246.0299988,368.0734253,0.0001
2026-06-08,677.7064209,245.2200012,363.0766296,0.0001
2026-06-09,675.7322388,244.1900024,364.0260315,0.0001
2026-06-10,665.1130981,238,356.1510925,0.0001
2026-06-11,676.2606201,241.5099945,357.5401611,0.0001
2026-06-12,679.9698486,238.5500031,359.4489441,0.0001
2026-06-15,691.8153687,246.0200043,369.1127625,0.0001
2026-06-16,687.7471924,246,373.0102539,0.0001
2026-06-17,679.4313965,237.5,363.5563354,0.0001
2026-06-18,686.1119385,244.3899994,367.7935791,0.0001
2026-06-22,684.1077881,232.7899933,349.4553833,0.0001
2026-06-23,674.3761597,234.1100006,345.9076538,0.0001
2026-06-24,673.7280273,234.2700043,345.0682068,0.0001
2026-06-25,673.7479858,227.0099945,343.4891968,0.0001
2026-06-26,670.2600098,232.6900024,337.1732788,0.0001
2026-06-29,681.0100098,240.1399994,353.422821,0.0001
2026-06-30,686.8099976,238.3399963,357.1404419,0.0001
2026-07-01,685.460022,241.6999969,360.9779663,0.0002
2026-07-02,684.8400269,242.6699982,359.6788025,0.0002
2026-07-06,690.6199951,244.1600037,366.2245789,0.0002
2026-07-07,687.0800171,245.9799957,366.79422,0.0002
2026-07-08,685.2600098,243.6199951,361.6875305,0.0002
2026-07-09,690.6900024,247.0399933,358.6594849,0.0002
2026-07-10,693.8599854,245.3399963,356.9505615,0.0002
2026-07-13,688.5,247.3099976,352.2835693,0.0002
2026-07-14,691.0999756,247.4900055,359.2790833,0.0002
2026-07-15,693.7999878,254.9600067,370.6817627,0.0002
2026-07-16,690.1400146,249.8899994,354.2322998,0.0002
2026-07-17,683.1699829,247.2299957,346.5472412,0.0002
2026-07-20,682.210022,249.9900055,351.7638855,0.0002
2026-07-21,687.8699951,247.5500031,346.927002,0.0002
2026-07-22,687.0300293,244.8500061,341.8702393,0.0002
2026-07-23,678.6099854,233.6600037,317.4859314,0.0002
2026-07-24,679.1400146,232.1100006,319.5346069,0.0002
2026-07-27,679.3099976,231.3899994,326.3502197,0.0002
2026-07-28,680.960022,230.8600006,333.495636,0.0002
2026-07-29,670.6300049,226.6499939,336.4937134,0.0002
2026-07-30,681.789978,235.5,333.4456787,0.0002
2026-07-31,686.6500244,271.5799866,355.9012451,0.0002
2026-08-03,696.4000244,284.019989,373.2700806,0.0001
2026-08-04,708.9799805,277.4200134,377.4074097,0.0001
2026-08-05,707.5999756,272.6499939,362.1971741,0.0001
2026-08-06,706.4000244,272.2600098,357.5202026,0.0001
2026-08-07,710.710022,274.480011,354.0723877,0.0001
2026-08-10,710.6500244,278.0899963,357.2903442,0.0001
2026-08-11,708.4199829,272.269989,343.5791321,0.0001
2026-08-12,710.1699829,267.2799988,343.3193359,0.0001
2026-08-13,714.9500122,265.1300049,346.1375122,0.0001
2026-08-14,713.6099854,262.6499939,345.6777954,0.0001
2026-08-17,710.2700195,261.3099976,343.7790222,0.0001
2026-08-18,705.4000244,259.4500122,343.9789124,0.0001
2026-08-19,706.9099731,265.8399963,344.4985657,0.0001
2026-08-20,701.0100098,260.1099854,340.4511719,0.0001
2026-08-21,703.710022,258.6300049,344.5985107,0.0001
2026-08-24,701.8300171,262.0700073,347.8364258,0.0001
2026-08-25,704.0200195,261.0599976,346.7371216,0.0001
2026-08-26,704.2000122,260.2799988,341.780304,0.0001
2026-08-27,708.75,256.2600098,340.4311829,0.0001
2026-08-28,707.2399902,266.4299927,346.3673706,0.0001
