month,BusEq,RF,excess,fitted,residual,wealth_BusEq,wealth_market
201601,-0.0772,0.0001,-0.07730000000000001,-0.06757321756808594,-0.009726782431914063,0.9228,0.9427
201602,0.0145,0.0002,0.0143,0.007770587303045053,0.006529412696954947,0.9361805999999999,0.94232292
201603,0.0883,0.0002,0.0881,0.08425956973161262,0.0038404302683873737,1.0188453469799998,1.008002827524
201604,-0.0542,0.0001,-0.0543,0.005015570619230369,-0.05931557061923037,0.9636239291736838,1.0173772538199732
201605,0.0553,0.0001,0.0552,0.033980191868147644,0.021219808131852355,1.0169123324569884,1.0355883066633509
201606,-0.0137,0.0002,-0.013900000000000001,0.011508859622195392,-0.02540885962219539,1.0029806335023277,1.0354847478326845
201607,0.0798,0.0002,0.07959999999999999,0.056856854441752216,0.022743145558247774,1.0830184880558136,1.076489943846859
201608,0.0233,0.0002,0.023100000000000002,-0.00015275826830547443,0.023252758268305477,1.108252818827514,1.0819800425604778
201609,0.0399,0.0002,0.0397,0.013214497105515945,0.026485502894484054,1.152472106298732,1.085117784683903
201610,-0.0224,0.0002,-0.0226,-0.030203762650873406,0.007603762650873407,1.1266567311176403,1.0635239407686934
201611,0.0241,0.0001,0.024,0.029979209143145995,-0.005979209143145994,1.1538091583375754,1.1153175566841287
201612,0.0207,0.0003,0.020399999999999998,0.014918718483486637,0.005481281516513361,1.177693007915163,1.1358393997271166
201701,0.0328,0.0004,0.032400000000000005,0.040651970818945664,-0.008251970818945659,1.2163213385747804,1.1583290198417135
201702,0.067,0.0004,0.0666,0.0557782339392415,0.010821766060758506,1.2978148682592907,1.1999130316540312
201703,0.0237,0.0003,0.023399999999999997,0.020501573590643245,0.0028984264093567524,1.328573080637036,1.2023128577173392
201704,0.0085,0.0005,0.008,0.02688898166268352,-0.01888898166268352,1.3398659518224507,1.215898993009545
201705,0.0453,0.0006,0.0447,0.0351279078588818,0.009572092141118198,1.4005618794400077,1.2296386516305526
201706,-0.0337,0.0006,-0.034300000000000004,0.009068367797598068,-0.043368367797598076,1.3533629441028794,1.2400905801694122
201707,0.0305,0.0007000000000000001,0.0298,0.03067039227985242,-0.0008703922798524201,1.3946405138980171,1.2642723464827155
201708,0.0492,0.0009,0.0483,0.01770718174947203,0.030592818250527974,1.4632568271817994,1.2676858818182186
201709,0.0107,0.0009,0.0098,0.021862716539812713,-0.012062716539812713,1.4789136752326446,1.3003921775691285
201710,0.0712,0.0009,0.0703,0.03411292968139663,0.036187070318603375,1.5842123289092087,1.3309513937420028
201711,0.0252,0.0008,0.0244,0.04441499221472411,-0.020014992214724105,1.6241344795977206,1.3735418383417466
201712,-0.0083,0.0009,-0.0092,0.019786416761962137,-0.028986416761962137,1.6106541634170595,1.3893375694826764
201801,0.0551,0.0011,0.054000000000000006,0.07976979866246588,-0.02576979866246587,1.6994012078213394,1.4683908771862408
201802,0.0198,0.0011,0.0187,-0.032725805812075306,0.05142580581207531,1.733049351736202,1.4165566792215665
201803,-0.0271,0.0012,-0.0283,-0.022875350592990985,-0.0054246494070090134,1.686083714304151,1.3849674652749255
201804,-0.0205,0.0014000000000000002,-0.021900000000000003,0.007207878518621861,-0.029107878518621864,1.651518998160916,1.3906458318825528
201805,0.0779,0.0014000000000000002,0.0765,0.0470739657018811,0.0294260342981189,1.7801723281176514,1.4295839151752643
201806,-0.0201,0.0014000000000000002,-0.0215,0.020562663567450883,-0.04206266356745088,1.7443908643224866,1.4385902938408683
201807,0.0276,0.0016,0.026,0.044186014080411874,-0.018186014080411875,1.7925360521777873,1.4869269277139217
201808,0.0959,0.0016,0.0943,0.06176396097440021,0.03253603902559978,1.9644402595816373,1.5406049898043943
201809,-0.0018,0.0015,-0.0033,0.014941563852874437,-0.018241563852874437,1.9609042671143904,1.5438402602829835
201810,-0.0818,0.0019,-0.0837,-0.09465065226177295,0.010950652261772956,1.8005022980644332,1.428669776865873
201811,-0.047,0.0018,-0.0488,0.02608913440665137,-0.07488913440665138,1.7158786900554048,1.4556716356486379
201812,-0.0901,0.0019,-0.092,-0.0986380335422273,0.006638033542227306,1.561278020081413,1.3194207705519254
201901,0.0746,0.0021,0.0725,0.10615374004000372,-0.033653740040003724,1.6777493603794864,1.4326270726652806
201902,0.0738,0.0018,0.07200000000000001,0.05613240665093282,0.01586759334906719,1.8015672631754927,1.4842016472812307
201903,0.0435,0.0019,0.0416,0.03707623911407706,0.004523760885922941,1.8799354391236267,1.5033478485311584
201904,0.053,0.0021,0.0509,0.046807917515685284,0.004092082484314717,1.9795720173971787,1.566187788599761
201905,-0.1162,0.0021,-0.1183,-0.06617133696569254,-0.052128663034307465,1.7495457489756265,1.461096587984717
201906,0.1116,0.0018,0.10980000000000001,0.0924345270637639,0.01736547293623611,1.9447950545613064,1.5658572133432214
201907,0.0326,0.0019,0.030699999999999998,0.020483051747258747,0.010216948252741252,2.008195373340005,1.5880923857726952
201908,-0.0311,0.0016,-0.0327,-0.004446397604940901,-0.0282536023950591,1.9457404972291308,1.5501369777527279
201909,0.0423,0.0018,0.040499999999999994,-0.0014654819720396409,0.041965481972039635,2.028045320261923,1.5747841556989963
201910,0.0509,0.0015,0.0494,0.038301923470613466,0.011098076529386533,2.131272827063255,1.609744363955514
201911,0.0502,0.0012,0.049,0.05976508210428398,-0.01076508210428398,2.23826272298183,1.6739731640773392
201912,0.0632,0.0014000000000000002,0.06180000000000001,0.03263495534297051,0.029165044657029494,2.3797209270742816,1.72268578315199
202001,0.0097,0.0013,0.008400000000000001,0.03044245379446199,-0.02204245379446199,2.402804220066902,1.7230303203086204
202002,-0.0902,0.0012,-0.09140000000000001,-0.07663212648561493,-0.014767873514385077,2.1860712794168675,1.584670985587838
202003,-0.0865,0.0012,-0.0877,-0.09783866863874452,0.010138668638744519,1.9969761137473083,1.3747020799974496
202004,0.1397,0,0.1397,0.1720518271820686,-0.03235182718206861,2.275953676837807,1.561661562877103
202005,0.0802,0.0001,0.08009999999999999,0.09031081141900316,-0.010210811419003166,2.458485161720199,1.6488022780856453
202006,0.0663,0.0001,0.0662,0.04239492943085308,0.023805070569146915,2.621482727942248,1.689362814126552
202007,0.0952,0.0001,0.0951,0.08273383424071364,0.012366165759286368,2.87104788364235,1.7880216024715427
202008,0.1176,0.0001,0.1175,0.1087459822297281,0.00875401777027189,3.20868311475869,1.9244476507401216
202009,-0.0514,0.0001,-0.051500000000000004,-0.02651787776250713,-0.024982122237492875,3.043756802660093,1.8545902010182551
202010,-0.0318,0.0001,-0.031900000000000005,-0.03658916796757439,0.004689167967574383,2.946965336335502,1.816200183857177
202011,0.1173,0.0001,0.1172,0.14358981478191718,-0.02638981478191718,3.2926443702876567,2.0424987267657815
202012,0.0721,0.0001,0.072,0.06516018423177633,0.006839815768223664,3.530044029385397,2.1372706676877136
202101,0.0126,0,0.0126,-0.010396705351852772,0.022996705351852772,3.5745225841556527,2.135774578220332
202102,-0.019,0,-0.019,0.01183549280895408,-0.03083549280895408,3.506606655056695,2.1957898438683237
202103,0.0169,0,0.0169,0.018035690821557662,-0.0011356908215576639,3.565868307527153,2.2653963819189498
202104,0.0407,0,0.0407,0.07116278428025208,-0.030462784280252078,3.7109991476435082,2.377533502823938
202105,-0.0076,0,-0.0076,-0.016165196774392716,0.008565196774392717,3.6827955541214172,2.38466610333241
202106,0.0742,0,0.0742,0.06778267339636983,0.006417326603630175,3.9560589842372265,2.4500059545637183
202107,0.0359,0,0.0359,0.03155890843840642,0.0043410915615935824,4.098081501771343,2.482836034354872
202108,0.0403,0,0.0403,0.042639586874539226,-0.0023395868745392234,4.2632341862927285,2.5558314137649054
202109,-0.0582,0,-0.0582,-0.06536744412018833,0.0071674441201883266,4.015113956650492,2.4433748315592494
202110,0.0715,0,0.0715,0.08878219403472806,-0.01728219403472807,4.302194604551001,2.6053705828916276
202111,0.0876,0,0.0876,-0.01005549806960531,0.0976554980696053,4.679066851909669,2.56420572768194
202112,0.0438,0.0001,0.043699999999999996,0.03375896658572121,0.009941033414278787,4.884009980023312,2.647285993258835
202201,-0.0772,0,-0.0772,-0.11164137683225017,0.03444137683225017,4.506964409565512,2.484213176074091
202202,-0.0266,0,-0.0266,-0.03325396537884359,0.006653965378843593,4.38707915627107,2.4275731156596017
202203,0.0435,0,0.0435,0.05128289207208197,-0.007782892072081972,4.577917099568862,2.5023423676219174
202204,-0.1241,0,-0.1241,-0.1278215105071026,0.0037215105071026072,4.009797587512366,2.266871950828695
202205,-0.0086,0.0003,-0.0089,-0.028107243756905938,0.01920724375690594,3.9753133282597592,2.259844647781126
202206,-0.1018,0.0006,-0.1024,-0.0719786738954501,-0.03042132610454991,3.570626431442916,2.07137360415618
202207,0.1579,0.0008,0.15710000000000002,0.1343768914188126,0.022723108581187423,4.134428344967752,2.271261156957251
202208,-0.0586,0.0019,-0.0605,-0.03973312615137661,-0.020766873848623385,3.8921508439526415,2.1899500075381817
202209,-0.1167,0.0019,-0.1186,-0.10421232241743023,-0.014387677582569772,3.4379368404633683,1.989569581848438
202210,0.0883,0.0023,0.08600000000000001,0.07006109417384394,0.015938905826156063,3.741506663476284,2.150326804061792
202211,0.0519,0.0029,0.049,0.05841422381699019,-0.00941422381699019,3.935690859310703,2.2565529481824442
202212,-0.0911,0.0033,-0.0944,-0.07391302557608384,-0.020486974423916157,3.577149422027498,2.120031494817406
202301,0.0985,0.0034999999999999996,0.095,0.09721457385919093,-0.002214573859190924,3.929498640097207,2.2675856868566977
202302,0.0136,0.0034000000000000002,0.010199999999999999,-0.02156551183018568,0.03176551183018568,3.982939821602529,2.2170185260397934
202303,0.0985,0.0036,0.0949,0.0732546037948952,0.02164539620510479,4.375259394030379,2.2799818521793234
202304,-0.0183,0.0034999999999999996,-0.0218,0.01635831494797578,-0.03815831494797578,4.295192147119623,2.302097676145463
202305,0.0826,0.0036,0.079,0.03901785760989861,0.039982142390101394,4.649975018471705,2.3182123598784816
202306,0.0802,0.004,0.07619999999999999,0.08311800035500197,-0.00691800035500198,5.022903014953136,2.4772417277661454
202307,0.0349,0.0045000000000000005,0.0304,0.02837876469087347,0.0020212353091265296,5.198202330175,2.5679087750023863
202308,-0.0152,0.0045000000000000005,-0.019700000000000002,-0.015368086272570754,-0.0043319137274292485,5.11918965475634,2.5188617173998407
202309,-0.0791,0.0043,-0.0834,-0.05983788112707276,-0.023562118872927244,4.714261753065114,2.397956354964648
202310,-0.0388,0.004699999999999999,-0.0435,-0.02949543671902151,-0.014004563280978488,4.531348397046187,2.3336911246515957
202311,0.1213,0.0044,0.1169,0.1060998885538299,0.010800111446170102,5.081000957607889,2.5511911374691243
202312,0.0629,0.0043,0.0586,0.04243812807005547,0.016161871929944532,5.400595917841425,2.685894029527494
202401,0.0234,0.004699999999999999,0.0187,0.027075222461546818,-0.008375222461546816,5.526969862318915,2.718124757881824
202402,0.0798,0.0042,0.0756,0.07997734915698296,-0.004377349156982957,5.968022057331965,2.867349807089536
202403,0.0295,0.0043,0.0252,0.026194275292942996,-0.0009942752929429956,6.144078708023259,2.961112145781364
202404,-0.0353,0.004699999999999999,-0.039999999999999994,-0.045676210235317094,0.0056762102353171,5.927192729630038,2.8373376580877028
202405,0.134,0.0044,0.12960000000000002,0.06282921204527193,0.06677078795472809,6.721436555400462,2.9726786643784857
202406,0.0777,0.0040999999999999995,0.0736,0.054264634079302064,0.019335365920697935,7.243692175755079,3.068101649505035
202407,0.0033,0.0045000000000000005,-0.0012000000000000005,-0.0036898725679132514,0.002489872567913251,7.267596359935071,3.119338947051769
202408,0.0146,0.0048,0.0098,0.03188395396619144,-0.02208395396619144,7.373703266790123,3.1842211971504457
202409,0.0224,0.004,0.0184,0.03740925952646921,-0.01900925952646921,7.538874219966222,3.2517266865300356
202410,0,0.0039000000000000003,-0.0039000000000000003,-0.008169476718392896,0.004269476718392895,7.538874219966222,3.2318911537422026
202411,0.035,0.004,0.031000000000000003,0.07984791159781582,-0.04884791159781582,7.802734817665039,3.4545684542350403
202412,0.025,0.0037,0.0213,-0.018411999232252483,0.03971199923225248,7.997803188106664,3.3578405375164593
202501,-0.0444,0.0037,-0.048100000000000004,0.03445278004438707,-0.08255278004438707,7.642700726554728,3.4642840825557313
202502,-0.0074,0.0033,-0.010700000000000001,-0.03732617992356019,0.026626179923560186,7.586144741178224,3.3911876884138055
202503,-0.0982,0.0034000000000000002,-0.1016,-0.07866451278172631,-0.02293548721827368,6.8411853275945225,3.18602083326477
202504,-0.0117,0.0034999999999999996,-0.0152,0.00930200668893134,-0.024502006688931342,6.761143459261667,3.170409331181773
202505,0.0929,0.0038,0.0891,0.08893176478250057,0.00016823521749942394,7.389253686627075,3.374583692109879
202506,0.108,0.0034000000000000002,0.1046,0.06940912773558758,0.03519087226441242,8.1872930847828,3.550062044099593
202507,0.0613,0.0034000000000000002,0.0579,0.0350341403215409,0.022865859678459097,8.689174150879985,3.632423483522704
202508,0.034,0.0038,0.0302,0.009913703292631262,0.02028629670736874,8.984606072009905,3.713063284856908
202509,0.0815,0.0033,0.0782,0.051936945561019084,0.026263054438980922,9.716851466878712,3.851189239053585
202510,0.0917,0.0037,0.08800000000000001,0.042207163113814,0.04579283688618601,10.607886746391488,3.940921948323534
202511,-0.0288,0.003,-0.0318,-0.009297334652157572,-0.02250266534784243,10.302379608095412,3.9476215156356838
202512,-0.0066,0.0034000000000000002,-0.01,-0.0061021346240304865,-0.0038978653759695137,10.234383902681982,3.9468319913325565
