grid_index,t_Brownian,W,GBM_P_one_year,t_hedge_years,hedge_Q_model_price
0,0.0,0.0,100.0,0.0,100.0
1,0.00390625,-0.038674306713043324,99.25275721105724,0.0003210616438356164,99.77881445559515
2,0.0078125,-0.11128776773796223,97.84468577366763,0.0006421232876712328,99.36456537482911
3,0.01171875,-0.09447471255022469,98.19726547422508,0.0009631849315068493,99.4607213756327
4,0.015625,-0.162328092049507,96.89637103518956,0.0012842465753424657,99.074830172003
5,0.01953125,-0.1007486349880291,98.12010936463228,0.001605308219178082,99.42558668774107
6,0.0234375,-0.10323291520924759,98.09435807562541,0.0019263698630136985,99.41174427062934
7,0.02734375,-0.04561483097319739,99.25455818336259,0.002247431506849315,99.74103601144324
8,0.03125,-0.00057877673799938,100.17607930311327,0.0025684931506849314,99.99924989329165
9,0.03515625,-0.006976462721346868,100.0714337473305,0.002889554794520548,99.96289464655973
10,0.0390625,-0.026739966611373626,99.70002649009652,0.003210616438356164,99.85000102428452
11,0.04296875,0.036907838740871154,101.00094555582172,0.0035316780821917806,100.21538627180591
12,0.046875,0.08601027162634073,102.02161884769518,0.003852739726027397,100.49825750420436
13,0.05078125,0.03913248880820787,101.09327027231868,0.004173801369863013,100.22881389878793
14,0.0546875,0.061370047009202025,101.56768722040242,0.00449486301369863,100.35701556362994
15,0.05859375,0.10063942291446872,102.39252332864066,0.004815924657534247,100.58356056002545
16,0.0625,0.01375670540838872,100.65225206733133,0.005136986301369863,100.08405078643506
17,0.06640625,-0.05797794603718988,99.24176777360255,0.005458047945205479,99.67355682572952
18,0.0703125,-0.16262970632789364,97.2089703463948,0.005779109589041096,99.07757008517423
19,0.07421875,-0.16663666936828217,97.15386677237004,0.006100171232876712,99.05512744567253
20,0.078125,-0.22249181936152393,96.09711763323664,0.006421232876712328,98.73871451870825
21,0.08203125,-0.2623657680114189,95.35615745741765,0.006742294520547944,98.51354223581212
22,0.0859375,-0.31510779428412133,94.37770572870699,0.007063356164383561,98.21638945647983
23,0.08984375,-0.31037633578616175,94.48920014896765,0.007384417808219178,98.24335395046812
24,0.09375,-0.42587309623926795,92.35321938588595,0.007705479452054794,97.59521215133138
25,0.09765625,-0.3605312203400305,93.58997910612095,0.00802654109589041,97.96186141839357
26,0.1015625,-0.4047800444941443,92.78712835392263,0.008347602739726026,97.71394635826101
27,0.10546875,-0.3886697561641016,93.10839571500453,0.008668664383561644,97.8045638865583
28,0.109375,-0.4857341629574443,91.33973014913335,0.00898972602739726,97.26205677815642
29,0.11328125,-0.5557551990223595,90.09061716548516,0.009310787671232876,96.87265502235657
30,0.1171875,-0.5116737319098242,90.90969849497219,0.009631849315068493,97.11812727562346
31,0.12109375,-0.41084053395020675,92.78339626241119,0.00995291095890411,97.68156496668459
32,0.125,-0.4983020231657815,91.19588553866217,0.010273972602739725,97.19324136099978
33,0.12890625,-0.3995117643140355,93.03746003475078,0.010595034246575341,97.74566438180513
34,0.1328125,-0.3705151180527008,93.60051750590947,0.010916095890410957,97.90862740970955
35,0.13671875,-0.4664983602644811,91.84236090280913,0.011237157534246575,97.37157915344324
36,0.140625,-0.5667851286666141,90.03969784573697,0.011558219178082191,96.8135843823833
37,0.14453125,-0.7350820681919008,87.07986162854132,0.011879280821917807,95.88414914564747
38,0.1484375,-0.749931944032959,86.84197147894345,0.012200342465753425,95.80284944215487
39,0.15234375,-0.6735705912200348,88.19909416695566,0.01252140410958904,96.22354350357342
40,0.15625,-0.6161614047423928,89.23853071790963,0.012842465753424657,96.54111827965194
41,0.16015625,-0.618443534851864,89.21871741083532,0.013163527397260273,96.52879630121967
42,0.1640625,-0.53753040999996,90.69551017696874,0.013484589041095889,96.9779852052283
43,0.16796875,-0.5742506178912018,90.05298212607657,0.013805650684931507,96.77432634854276
44,0.171875,-0.6380336149929603,88.93234952410373,0.014126712328767123,96.42135892265911
45,0.17578125,-0.6818013644775276,88.17793733192009,0.014447773972602738,96.17999544797851
46,0.1796875,-0.7539074094020284,86.93580338116888,0.014768835616438356,95.7834742054134
47,0.18359375,-0.8871394965531956,84.66970907634978,0.015089897260273972,95.05484940912672
48,0.1875,-0.8719004090729569,84.94806792389133,0.015410958904109588,95.13824838629789
49,0.19140625,-0.8618612245383684,85.13875319175958,0.015732020547945206,95.19333411014985
50,0.1953125,-0.8603391606339004,85.18463727144056,0.01605308219178082,95.20194788288877
51,0.19921875,-0.8574311697742072,85.25417401631633,0.016374143835616438,95.21812879364019
52,0.203125,-0.9438666160026274,83.81268453401199,0.016695205479452052,94.7476942276644
53,0.20703125,-0.8597285864236943,85.25496404228225,0.01701626712328767,95.2061978961343
54,0.2109375,-0.8199768710703904,85.95561529220744,0.017337328767123288,95.42375453356988
55,0.21484375,-0.932894521306357,84.0558876458112,0.017658390410958902,94.80823385921121
56,0.21875,-0.8640132726680524,85.24185179297356,0.01797945205479452,95.18372765606038
57,0.22265625,-0.8877691729029628,84.85769919089502,0.018300513698630137,95.05446934681886
58,0.2265625,-0.8005264734794894,86.37157609414018,0.01862157534246575,95.53146220120654
59,0.23046875,-0.7914292818819257,86.54914947641925,0.01894263698630137,95.58161288639923
60,0.234375,-0.7996609420055464,86.42703202941368,0.019263698630136987,95.53681681952008
61,0.23828125,-0.774514397333058,86.8831560025001,0.0195847602739726,95.67497387994612
62,0.2421875,-0.7403764645339794,87.49889310730235,0.01990582191780822,95.86274004563862
63,0.24609375,-0.8494384756317771,85.63106411551966,0.020226883561643833,95.2654462685432
64,0.25,-0.8657820414364753,85.37162432300318,0.02054794520547945,95.17651936857993
65,0.25390625,-0.8048911458342006,86.43790819309179,0.02086900684931507,95.50970373778007
66,0.2578125,-0.7724815840264623,87.02040393822837,0.021190068493150683,95.68766227276213
67,0.26171875,-0.7848826984708617,86.82518864173774,0.0215111301369863,95.61995399668254
68,0.265625,-0.8589732542190393,85.56814150090707,0.021832191780821915,95.21490667672774
69,0.26953125,-0.7748000648707061,87.04124162630171,0.022153253424657533,95.67586416497689
70,0.2734375,-0.676836165704586,88.78424409095754,0.02247431506849315,96.2151038072856
71,0.27734375,-0.7011844576269431,88.37365629007765,0.022795376712328765,96.0811812876393
72,0.28125,-0.7224960507042222,88.01840812554282,0.023116438356164382,95.96415289388959
73,0.28515625,-0.6536857817721359,89.25901327476247,0.0234375,96.34383267289545
74,0.2890625,-0.6632699705725097,89.10896457000065,0.023758561643835614,96.29121155225803
75,0.29296875,-0.6902020103672271,88.65105284861815,0.024079623287671232,96.14293870669496
76,0.296875,-0.6028753944927421,90.23411828891201,0.02440068493150685,96.62585853519778
77,0.30078125,-0.6317494676602007,89.735563983987,0.024721746575342464,96.46632800024354
78,0.3046875,-0.5973184097979164,90.37681416525155,0.02504280821917808,96.65727176281685
79,0.30859375,-0.6154623902852658,90.07055727700826,0.025363869863013696,96.55707729363981
80,0.3125,-0.5984304922348304,90.39907974561073,0.025684931506849314,96.65172924655492
81,0.31640625,-0.5808519500707969,90.73872027904062,0.02600599315068493,96.7495064141257
82,0.3203125,-0.564097400327917,91.0646283346242,0.026327054794520546,96.84280692917426
83,0.32421875,-0.5798804034657974,90.79890538423972,0.026648116438356163,96.75551745261991
84,0.328125,-0.6268280644565143,89.97142078756674,0.026969178082191778,96.49572179370618
85,0.33203125,-0.6146847902358403,90.21133667604396,0.027290239726027395,96.56324265016785
86,0.3359375,-0.6547347353130384,89.51260818419486,0.027611301369863013,96.34205927740169
87,0.33984375,-0.7049073592928101,88.639655734481,0.027932363013698627,96.0656083011078
88,0.34375,-0.8033751869639321,86.93147360676147,0.028253424657534245,95.5250597384502
89,0.34765625,-0.8505243418388466,86.13576313553415,0.028574486301369863,95.267467288711
90,0.3515625,-0.802467831461628,86.98801666594768,0.028895547945205477,95.53064309111787
91,0.35546875,-0.8603069004298685,86.0077089252687,0.029216609589041095,95.21465676468425
92,0.359375,-0.914744412759655,85.09632102414197,0.029537671232876712,94.91822659429714
93,0.36328125,-0.9104739394882665,85.18899621518413,0.029858732876712327,94.94177606409724
94,0.3671875,-0.8768934861949832,85.78316187993826,0.030179794520547944,95.12506258825687
95,0.37109375,-0.9281682881653347,84.92785686631514,0.03050085616438356,94.84610958001454
96,0.375,-0.8228327788738536,86.75635132025768,0.030821917808219176,95.42099618057408
97,0.37890625,-0.8895199403318226,85.62699305975124,0.031142979452054794,95.05713459489071
98,0.3828125,-0.84277660990781,86.45150440537623,0.03146404109589041,95.31255248770998
99,0.38671875,-0.8670128322773268,86.0536332690516,0.031785102739726026,95.18049785136034
100,0.390625,-0.7829539272518168,87.53309063324761,0.03210616438356164,95.64066203662516
101,0.39453125,-0.8123798073171652,87.03985346106128,0.03242722602739726,95.4797370829718
102,0.3984375,-0.7979814188918986,87.31132261568628,0.032748287671232876,95.558902396896
103,0.40234375,-0.7880242936406858,87.50587660076454,0.03306934931506849,95.61378180579281
104,0.40625,-0.8712648952471158,86.08130072383598,0.033390410958904104,95.1588227109404
105,0.41015625,-0.7692434936822689,87.87636313818861,0.033711472602739725,95.717414313119
106,0.4140625,-0.7923468681239877,87.49175517594105,0.03403253424657534,95.59100770281705
107,0.41796875,-0.8756994584766281,86.06548149795339,0.034353595890410954,95.13554608431532
108,0.421875,-0.9037312599774032,85.60437862430888,0.034674657534246575,94.98306310951476
109,0.42578125,-0.9277717916435025,85.21374121179984,0.03499571917808219,94.85252926973361
110,0.4296875,-0.9271891569919607,85.24364812496977,0.035316780821917804,94.85600262892544
111,0.43359375,-0.8852128234653945,85.98245349381222,0.035637842465753425,95.08488687189046
112,0.4375,-0.8093486760786056,87.31746069191642,0.03595890410958904,95.49970555388705
113,0.44140625,-0.7167525184520356,88.97042910699331,0.03627996575342465,96.00839864786657
114,0.4453125,-0.652358847625601,90.14479099624795,0.036601027397260275,96.36384722628357
115,0.44921875,-0.676755096758855,89.72705065265605,0.03692208904109589,96.22945305927814
116,0.453125,-0.6236621957125328,90.70615780703514,0.0372431506849315,96.52315604897744
117,0.45703125,-0.5915988482605177,91.31109396497688,0.037564212328767124,96.70108323718392
118,0.4609375,-0.5721542146606203,91.68837444186414,0.03788527397260274,96.80926821196681
119,0.46484375,-0.6147217648351326,90.93240770217109,0.03820633561643835,96.57357941990965
120,0.46875,-0.7049177441780664,89.32770062525552,0.038527397260273974,96.07572981602803
121,0.47265625,-0.7209318516857262,89.06292929902631,0.03884845890410959,95.98785979173637
122,0.4765625,-0.7951818036501138,87.77068624594804,0.0391695205479452,95.58038045783732
123,0.48046875,-0.8496608834478776,86.83989486187045,0.03949058219178082,95.28258458888578
124,0.484375,-0.72353428361455,89.07919711453363,0.03981164383561644,95.97446207331404
125,0.48828125,-0.7654797886517989,88.35573449796584,0.04013270547945205,95.74422051831019
126,0.4921875,-0.7199365616380266,89.18511234197557,0.040453767123287666,95.994878799669
127,0.49609375,-0.7330496597058324,88.97237061857062,0.04077482876712329,95.92303710844632
128,0.5,-0.7433490737961236,88.8100990195155,0.0410958904109589,95.86671426815141
129,0.50390625,-0.7831014752460244,88.12746795812593,0.041416952054794516,95.64875814494947
130,0.5078125,-0.6952971121845729,89.70975491081921,0.04173801369863014,96.13182905580572
131,0.51171875,-0.760963358636031,88.56003107221167,0.04205907534246575,95.77086292323345
132,0.515625,-0.7817387838298443,88.21349265160062,0.042380136986301366,95.65715323628336
133,0.51953125,-0.8150536762567996,87.64822198251979,0.04270119863013699,95.47490830268454
134,0.5234375,-0.6550298785061891,90.5199673694936,0.0430222602739726,96.35527702399513
135,0.52734375,-0.6835386405337252,90.02641100406788,0.043343321917808215,96.19820819703398
136,0.53125,-0.5955233154543647,91.64665929113148,0.04366438356164383,96.68522360271793
137,0.53515625,-0.6379694612793715,90.89324343130373,0.04398544520547945,96.4505082059238
138,0.5390625,-0.7224628445595072,89.39112167065029,0.044306506849315065,95.98467267108985
139,0.54296875,-0.727602342568994,89.32021575292917,0.04462756849315068,95.95669922784391
140,0.546875,-0.8200240452053386,87.70490937019734,0.0449486301369863,95.44984773101194
141,0.55078125,-0.769230865480312,88.62118061419928,0.045269691780821915,95.72854749600477
142,0.5546875,-0.7552317489965532,88.890483201593,0.04559075342465753,95.8057257491532
143,0.55859375,-0.7774907374048826,88.51638388352673,0.04591181506849315,95.68383498996353
144,0.5625,-0.6738901910226787,90.39076885819075,0.046232876712328765,96.25422344336143
145,0.56640625,-0.665079629474685,90.57141314813379,0.04655393835616438,96.30317081121997
146,0.5703125,-0.6433209727559762,90.9877372040411,0.046875,96.42370345628483
147,0.57421875,-0.6695675944767929,90.53258055870413,0.047196061643835614,96.27901034810246
148,0.578125,-0.7380390427434851,89.3221839424506,0.04751712328767123,95.90206492895359
149,0.58203125,-0.7701809144543175,88.77063231247107,0.04783818493150685,95.72579158894663
150,0.5859375,-0.8854570205131498,86.76775199890771,0.048159246575342464,95.09546206105006
151,0.58984375,-0.8236972293970456,87.86674145427473,0.04848030821917808,95.43311712028185
152,0.59375,-0.8817025808713258,86.8736418006877,0.0488013698630137,95.11654650205102
153,0.59765625,-0.8982336376141783,86.60718964829923,0.049122431506849314,95.02673701414463
154,0.6015625,-0.8293307109384871,87.82953150473175,0.04944349315068493,95.40321479029257
155,0.60546875,-0.8781395943691446,86.99671785290447,0.04976455479452054,95.13689669001192
156,0.609375,-0.9229388370045541,86.24093238246098,0.05008561643835616,94.89313597794231
157,0.61328125,-0.969257562139026,85.46573612621053,0.05040667808219178,94.64175386502525
158,0.6171875,-1.0317428529477126,84.42409658362368,0.05072773972602739,94.30358131970836
159,0.62109375,-1.0169787075655834,84.69360266570237,0.05104880136986301,94.38375082645354
160,0.625,-0.9345624434723313,86.12138006661512,0.05136986301369863,94.83113082509978
161,0.62890625,-0.8982889272863107,86.76877097459979,0.05169092465753424,95.02887653862896
162,0.6328125,-0.8527213437149214,87.58367895152529,0.05201198630136986,95.27779511132397
163,0.63671875,-0.7572721816604592,89.29262294360308,0.05233304794520548,95.80097660195537
164,0.640625,-0.7696381372575941,89.09293679370384,0.05265410958904109,95.73338113812633
165,0.64453125,-0.7835727999981726,88.8658119433531,0.05297517123287671,95.65722891295995
166,0.6484375,-0.6663933622789595,90.99438156185725,0.05329623287671233,96.3024096192704
167,0.65234375,-0.7227608550017874,89.99540738635451,0.05361729452054794,95.99196975020632
168,0.65625,-0.7336687119438468,89.82033915554688,0.053938356164383555,95.93225958505481
169,0.66015625,-0.7294268467400538,89.91764462093252,0.054259417808219176,95.95590323917934
170,0.6640625,-0.7104954112554772,90.27990085344447,0.05458047945205479,96.0604278361183
171,0.66796875,-0.712777719662939,90.2598531161086,0.054901541095890405,96.0481662284476
172,0.671875,-0.7932853628981271,88.83898850747639,0.055222602739726026,95.60612079062022
173,0.67578125,-0.8044892483345581,88.66092047327695,0.05554366438356164,95.54502886537777
174,0.6796875,-0.8756561706316661,87.42840255212083,0.055864726027397255,95.15624919876953
175,0.68359375,-0.73155350249136,90.00588980707275,0.056185787671232876,95.94605147716902
176,0.6875,-0.7939261316686588,88.91091911377052,0.05650684931506849,95.60383601580608
177,0.69140625,-0.7786336331371845,89.20417419156684,0.056827910958904104,95.68800970497617
178,0.6953125,-0.8424205229914694,88.09403569513779,0.057148972602739725,95.33898314901585
179,0.69921875,-0.8110346984533854,88.66953518469887,0.05747003424657534,95.51101699713239
180,0.703125,-0.7026043305223085,90.63467081144522,0.057791095890410954,96.10698679739835
181,0.70703125,-0.7016660275599078,90.67292994122975,0.058112157534246575,96.11246613170964
182,0.7109375,-0.8112250153439026,88.72852550350585,0.05843321917808219,95.51089468751914
183,0.71484375,-0.9449997196084625,86.40632395597832,0.058754280821917804,94.78139445255967
184,0.71875,-0.9721097139397212,85.95924109911499,0.059075342465753425,94.63448086347348
185,0.72265625,-1.0341265468569159,84.91954268848933,0.05939640410958904,94.29886719047968
186,0.7265625,-0.9410892207340017,86.5347521177607,0.05971746575342465,94.80356194704807
187,0.73046875,-0.8351298982722798,88.40887241861735,0.06003852739726027,95.38160223562429
188,0.734375,-0.8109995648486116,88.85739426407862,0.06035958904109589,95.51396929271095
189,0.73828125,-0.8119686497448916,88.86099821720256,0.0606806506849315,95.5089687912293
190,0.7421875,-0.8042228885452529,89.01962564420957,0.06100171232876712,95.55170321256301
191,0.74609375,-0.8030415016869286,89.06153280322204,0.06132277397260274,95.55848277317025
192,0.75,-0.7967948403130135,89.19377212530844,0.06164383561643835,95.59302222949984
193,0.75390625,-0.8634317750981249,88.03356885217323,0.06196489726027397,95.22877891976198
194,0.7578125,-0.9255254700743694,86.96744402157297,0.06228595890410959,94.89063941925865
195,0.76171875,-0.9384190182328442,86.76380202648039,0.0626070205479452,94.82081778459575
196,0.765625,-0.9841545934369887,85.99393472394928,0.06292808219178082,94.57278940681984
197,0.76953125,-0.9942795531130735,85.84009030742152,0.06324914383561643,94.51820483930976
198,0.7734375,-1.0530182722905812,84.85744929573191,0.06357020547945205,94.20070794418025
199,0.77734375,-1.1251640865378372,83.66142454670533,0.06389126712328767,93.81213278945265
200,0.78125,-1.129485019104552,83.60875020749695,0.06421232876712328,93.78919440415571
201,0.78515625,-1.1993259736303294,82.4683320954867,0.0645333904109589,93.41466127423143
202,0.7890625,-1.2386442357345355,81.84155229019028,0.06485445205479452,93.20460006643044
203,0.79296875,-1.3172251122058345,80.58425544415384,0.06517551369863013,92.78589183617866
204,0.796875,-1.399164206888984,79.29299938540653,0.06549657534246575,92.35128024883902
205,0.80078125,-1.4240300663289815,78.91813487157691,0.06581763698630137,92.21999901587779
206,0.8046875,-1.2871235276414341,81.12788448598832,0.06613869863013698,92.94707114557843
207,0.80859375,-1.1858510596341358,82.80724843633114,0.0664597602739726,93.48866482497098
208,0.8125,-1.1680395789435452,83.12223790383294,0.06678082191780821,93.58449202889211
209,0.81640625,-1.127149060381236,83.82445149789899,0.06710188356164383,93.80446783534009
210,0.8203125,-1.1994409204357608,82.64057245666365,0.06742294520547945,93.41674488374103
211,0.82421875,-1.145861765846905,83.55047646840265,0.06774400684931506,93.70447570514847
212,0.828125,-1.180940638747605,82.98580410081946,0.06806506849315068,93.51649192748852
213,0.83203125,-1.1090404194245025,84.20749883688612,0.0683861301369863,93.90312315066853
214,0.8359375,-1.1347248647322832,83.79568068671072,0.06870719178082191,93.76523481544491
215,0.83984375,-1.1184750011002156,84.08816323573576,0.06902825342465753,93.8529415070591
216,0.84375,-1.1458517424186017,83.64861226399542,0.06934931506849315,93.70603381810585
217,0.84765625,-1.2310322102821671,82.25491288050799,0.06967037671232876,93.2497797536671
218,0.8515625,-1.3390682544249506,80.51554610555944,0.06999143835616438,92.67421819410812
219,0.85546875,-1.312317454404579,80.96644585201537,0.0703125,92.81677298406764
220,0.859375,-1.3206290288520235,80.85091314078764,0.07063356164383561,92.7728476102508
221,0.86328125,-1.3851905832809062,79.83236066182461,0.07095462328767123,92.43034859447515
222,0.8671875,-1.3075077730219562,81.10137224488454,0.07127568493150685,92.84326763790585
223,0.87109375,-1.2739810279150556,81.6661508231203,0.07159674657534246,93.0222164947364
224,0.875,-1.3424986214563015,80.5735524021775,0.07191780821917808,92.65777670403094
225,0.87890625,-1.3121904143850758,81.0824451280997,0.0722388698630137,92.81923711154164
226,0.8828125,-1.3120425842882224,81.10384893586705,0.0725599315068493,92.82032188987644
227,0.88671875,-1.3384021794737695,80.69631207953691,0.07288099315068493,92.68043564707853
228,0.890625,-1.2601275113711434,81.98876155907588,0.07320205479452055,93.09763123228085
229,0.89453125,-1.2365573618607848,82.39548062406307,0.07352311643835616,93.22383428621592
230,0.8984375,-1.10388109168591,84.63096512339067,0.07384417808219178,93.93603324089074
231,0.90234375,-1.1101030108556598,84.54553025323993,0.0741652397260274,93.90282867064155
232,0.90625,-1.03758159692165,85.80084600159552,0.074486301369863,94.29441568735344
233,0.91015625,-1.0262590784217331,86.01552001856457,0.07480736301369863,94.35595566704558
234,0.9140625,-1.0247254999533684,86.06207481000439,0.07512842465753425,94.36455596958059
235,0.91796875,-1.0426920936668198,85.77348209701941,0.07544948630136986,94.26769691449472
236,0.921875,-0.9672434188592037,87.09800703176509,0.07577054794520548,94.67669505355346
237,0.92578125,-0.9679365938775127,87.10634619382867,0.0760916095890411,94.67323612226039
238,0.9296875,-0.9180225156324558,88.00089042224346,0.0764126712328767,94.94488237054425
239,0.93359375,-0.8907956597300031,88.50213526775505,0.07673373287671233,95.09352563325861
240,0.9375,-0.8498162087794647,89.25138548959501,0.07705479452054795,95.31753455548497
241,0.94140625,-0.8350985747777838,89.5354687835494,0.07737585616438356,95.39831162956999
242,0.9453125,-0.8280840961340068,89.68218265816618,0.07769691780821918,95.43699473965223
243,0.94921875,-0.833556461577187,89.60508034680566,0.07801797945205478,95.40735994510385
244,0.953125,-0.8804202825243322,88.78996434540504,0.0783390410958904,95.15164160350407
245,0.95703125,-0.9475197563824144,87.62690712252294,0.07866010273972603,94.78656622684672
246,0.9609375,-0.9627443859009596,87.38097300658653,0.07898116438356163,94.70416216132158
247,0.96484375,-0.9141750718007314,88.25459801666223,0.07930222602739725,94.9685741805496
248,0.96875,-0.9500874867141993,87.64352091289624,0.07962328767123288,94.77352475496099
249,0.97265625,-0.8326684452327308,89.74711409683981,0.07994434931506848,95.41405596144797
250,0.9765625,-0.882171753805715,88.88377213796261,0.0802654109589041,95.143919167657
251,0.98046875,-0.7648770970276962,91.01486925565297,0.08058647260273973,95.78627055188915
252,0.984375,-0.7398579938198391,91.49287379476834,0.08090753424657533,95.92408740524412
253,0.98828125,-0.8075773199564081,90.2832180922402,0.08122859589041095,95.552652209694
254,0.9921875,-0.7502456631261641,91.34579987278383,0.08154965753424658,95.86758661410576
255,0.99609375,-0.7459481545987396,91.44577558599148,0.08187071917808218,95.8915202691562
256,1.0,-0.6323728529229174,93.5686709519836,0.0821917808219178,96.5183331718485
