previous_trade_id,trade_id,gap_microseconds,gap_seconds
482524746,482524747,11066030,11.06603
482524747,482524748,209604,0.209604
482524748,482524749,3164540,3.16454
482524749,482524750,2305505,2.305505
482524750,482524751,33274120,33.27412
482524751,482524752,13667471,13.667471
482524752,482524753,0,0.0
482524753,482524754,0,0.0
482524754,482524755,0,0.0
482524755,482524756,0,0.0
482524756,482524757,0,0.0
482524757,482524758,0,0.0
482524758,482524759,0,0.0
482524759,482524760,0,0.0
482524760,482524761,176,0.000176
482524761,482524762,146,0.000146
482524762,482524763,0,0.0
482524763,482524764,0,0.0
482524764,482524765,663,0.000663
482524765,482524766,0,0.0
482524766,482524767,0,0.0
482524767,482524768,0,0.0
482524768,482524769,0,0.0
482524769,482524770,1424325,1.424325
482524770,482524771,15625371,15.625371
482524771,482524772,5188359,5.188359
482524772,482524773,14182065,14.182065
482524773,482524774,0,0.0
482524774,482524775,3080941,3.080941
482524775,482524776,0,0.0
482524776,482524777,4253092,4.253092
482524777,482524778,6277471,6.277471
482524778,482524779,449402,0.449402
482524779,482524780,4708911,4.708911
482524780,482524781,42742328,42.742328
482524781,482524782,2017,0.002017
482524782,482524783,22,2.2e-05
482524783,482524784,0,0.0
482524784,482524785,0,0.0
482524785,482524786,584,0.000584
482524786,482524787,0,0.0
482524787,482524788,0,0.0
482524788,482524789,0,0.0
482524789,482524790,27701686,27.701686
482524790,482524791,7740246,7.740246
482524791,482524792,4561324,4.561324
482524792,482524793,8564545,8.564545
482524793,482524794,25947212,25.947212
482524794,482524795,2604980,2.60498
482524795,482524796,7697293,7.697293
482524796,482524797,6531854,6.531854
482524797,482524798,0,0.0
482524798,482524799,3134184,3.134184
482524799,482524800,12488694,12.488694
482524800,482524801,2987176,2.987176
482524801,482524802,0,0.0
482524802,482524803,0,0.0
482524803,482524804,0,0.0
482524804,482524805,0,0.0
482524805,482524806,7736571,7.736571
482524806,482524807,0,0.0
482524807,482524808,0,0.0
482524808,482524809,537914,0.537914
482524809,482524810,0,0.0
482524810,482524811,0,0.0
482524811,482524812,4063616,4.063616
482524812,482524813,0,0.0
482524813,482524814,0,0.0
482524814,482524815,16794122,16.794122
482524815,482524816,15005321,15.005321
482524816,482524817,3083451,3.083451
482524817,482524818,0,0.0
482524818,482524819,0,0.0
482524819,482524820,854916,0.854916
482524820,482524821,4708436,4.708436
482524821,482524822,15502147,15.502147
482524822,482524823,0,0.0
482524823,482524824,0,0.0
482524824,482524825,16620839,16.620839
482524825,482524826,0,0.0
482524826,482524827,15878454,15.878454
482524827,482524828,0,0.0
482524828,482524829,0,0.0
482524829,482524830,0,0.0
482524830,482524831,1853724,1.853724
482524831,482524832,1345779,1.345779
482524832,482524833,4106189,4.106189
482524833,482524834,5038825,5.038825
482524834,482524835,295512,0.295512
482524835,482524836,2021497,2.021497
482524836,482524837,14693406,14.693406
482524837,482524838,2200130,2.20013
482524838,482524839,1044562,1.044562
482524839,482524840,0,0.0
482524840,482524841,9217382,9.217382
482524841,482524842,0,0.0
482524842,482524843,0,0.0
482524843,482524844,0,0.0
482524844,482524845,0,0.0
482524845,482524846,0,0.0
482524846,482524847,0,0.0
482524847,482524848,11926194,11.926194
482524848,482524849,0,0.0
482524849,482524850,0,0.0
482524850,482524851,0,0.0
482524851,482524852,2051656,2.051656
482524852,482524853,0,0.0
482524853,482524854,0,0.0
482524854,482524855,21938,0.021938
482524855,482524856,71250,0.07125
482524856,482524857,13315552,13.315552
482524857,482524858,0,0.0
482524858,482524859,0,0.0
482524859,482524860,0,0.0
482524860,482524861,11577076,11.577076
482524861,482524862,12852936,12.852936
482524862,482524863,0,0.0
482524863,482524864,0,0.0
482524864,482524865,1594063,1.594063
482524865,482524866,2182436,2.182436
482524866,482524867,1244659,1.244659
482524867,482524868,5812159,5.812159
482524868,482524869,0,0.0
482524869,482524870,0,0.0
482524870,482524871,30997045,30.997045
482524871,482524872,0,0.0
482524872,482524873,9520221,9.520221
482524873,482524874,211153,0.211153
482524874,482524875,11499366,11.499366
482524875,482524876,429755,0.429755
482524876,482524877,0,0.0
482524877,482524878,0,0.0
482524878,482524879,194602,0.194602
482524879,482524880,569085,0.569085
482524880,482524881,0,0.0
482524881,482524882,0,0.0
482524882,482524883,0,0.0
482524883,482524884,6758332,6.758332
482524884,482524885,5152829,5.152829
482524885,482524886,0,0.0
482524886,482524887,0,0.0
482524887,482524888,10818305,10.818305
482524888,482524889,10985990,10.98599
482524889,482524890,0,0.0
482524890,482524891,26053130,26.05313
482524891,482524892,0,0.0
482524892,482524893,0,0.0
482524893,482524894,0,0.0
482524894,482524895,0,0.0
482524895,482524896,0,0.0
482524896,482524897,0,0.0
482524897,482524898,15378752,15.378752
482524898,482524899,0,0.0
482524899,482524900,0,0.0
482524900,482524901,0,0.0
482524901,482524902,0,0.0
482524902,482524903,0,0.0
482524903,482524904,0,0.0
482524904,482524905,0,0.0
482524905,482524906,0,0.0
482524906,482524907,0,0.0
482524907,482524908,1198771,1.198771
482524908,482524909,14627144,14.627144
482524909,482524910,18489039,18.489039
482524910,482524911,0,0.0
482524911,482524912,0,0.0
482524912,482524913,11757662,11.757662
482524913,482524914,9062551,9.062551
482524914,482524915,18751097,18.751097
482524915,482524916,969481,0.969481
482524916,482524917,0,0.0
482524917,482524918,0,0.0
482524918,482524919,0,0.0
482524919,482524920,0,0.0
482524920,482524921,0,0.0
482524921,482524922,0,0.0
482524922,482524923,0,0.0
482524923,482524924,0,0.0
482524924,482524925,0,0.0
482524925,482524926,5261072,5.261072
482524926,482524927,206367,0.206367
482524927,482524928,6159189,6.159189
482524928,482524929,8414353,8.414353
482524929,482524930,9765178,9.765178
482524930,482524931,4450414,4.450414
482524931,482524932,0,0.0
482524932,482524933,0,0.0
482524933,482524934,0,0.0
482524934,482524935,0,0.0
482524935,482524936,8206880,8.20688
482524936,482524937,1432781,1.432781
482524937,482524938,2169726,2.169726
482524938,482524939,8187665,8.187665
482524939,482524940,0,0.0
482524940,482524941,0,0.0
482524941,482524942,23724412,23.724412
482524942,482524943,2737038,2.737038
482524943,482524944,0,0.0
482524944,482524945,0,0.0
482524945,482524946,0,0.0
482524946,482524947,24275359,24.275359
482524947,482524948,1413264,1.413264
482524948,482524949,28949774,28.949774
482524949,482524950,0,0.0
482524950,482524951,0,0.0
482524951,482524952,4890955,4.890955
482524952,482524953,3057500,3.0575
482524953,482524954,0,0.0
482524954,482524955,0,0.0
482524955,482524956,0,0.0
482524956,482524957,0,0.0
482524957,482524958,0,0.0
482524958,482524959,0,0.0
482524959,482524960,0,0.0
482524960,482524961,0,0.0
482524961,482524962,0,0.0
482524962,482524963,0,0.0
482524963,482524964,0,0.0
482524964,482524965,0,0.0
482524965,482524966,0,0.0
482524966,482524967,0,0.0
482524967,482524968,0,0.0
482524968,482524969,0,0.0
482524969,482524970,0,0.0
482524970,482524971,0,0.0
482524971,482524972,0,0.0
482524972,482524973,3581,0.003581
482524973,482524974,0,0.0
482524974,482524975,0,0.0
482524975,482524976,0,0.0
482524976,482524977,0,0.0
482524977,482524978,487666,0.487666
482524978,482524979,7837208,7.837208
482524979,482524980,5413,0.005413
482524980,482524981,0,0.0
482524981,482524982,3287,0.003287
482524982,482524983,90,9e-05
482524983,482524984,6717299,6.717299
482524984,482524985,36734,0.036734
482524985,482524986,5465826,5.465826
482524986,482524987,0,0.0
482524987,482524988,0,0.0
482524988,482524989,0,0.0
482524989,482524990,0,0.0
482524990,482524991,9481720,9.48172
482524991,482524992,7312748,7.312748
482524992,482524993,12736388,12.736388
482524993,482524994,0,0.0
482524994,482524995,0,0.0
482524995,482524996,0,0.0
482524996,482524997,0,0.0
482524997,482524998,0,0.0
482524998,482524999,0,0.0
482524999,482525000,0,0.0
482525000,482525001,0,0.0
482525001,482525002,0,0.0
482525002,482525003,37642428,37.642428
482525003,482525004,0,0.0
482525004,482525005,0,0.0
482525005,482525006,0,0.0
482525006,482525007,0,0.0
482525007,482525008,4256680,4.25668
482525008,482525009,0,0.0
482525009,482525010,0,0.0
482525010,482525011,0,0.0
482525011,482525012,0,0.0
482525012,482525013,0,0.0
482525013,482525014,0,0.0
482525014,482525015,0,0.0
482525015,482525016,0,0.0
482525016,482525017,0,0.0
482525017,482525018,0,0.0
482525018,482525019,0,0.0
482525019,482525020,0,0.0
482525020,482525021,0,0.0
482525021,482525022,0,0.0
482525022,482525023,0,0.0
482525023,482525024,0,0.0
482525024,482525025,0,0.0
482525025,482525026,0,0.0
482525026,482525027,0,0.0
482525027,482525028,0,0.0
482525028,482525029,0,0.0
482525029,482525030,0,0.0
482525030,482525031,0,0.0
482525031,482525032,0,0.0
482525032,482525033,0,0.0
482525033,482525034,0,0.0
482525034,482525035,0,0.0
482525035,482525036,0,0.0
482525036,482525037,0,0.0
482525037,482525038,0,0.0
482525038,482525039,0,0.0
482525039,482525040,0,0.0
482525040,482525041,0,0.0
482525041,482525042,0,0.0
482525042,482525043,0,0.0
482525043,482525044,0,0.0
482525044,482525045,21598156,21.598156
482525045,482525046,0,0.0
482525046,482525047,0,0.0
482525047,482525048,0,0.0
482525048,482525049,0,0.0
482525049,482525050,7625673,7.625673
482525050,482525051,0,0.0
482525051,482525052,0,0.0
482525052,482525053,0,0.0
482525053,482525054,0,0.0
482525054,482525055,0,0.0
482525055,482525056,134239,0.134239
482525056,482525057,285483,0.285483
482525057,482525058,1501379,1.501379
482525058,482525059,512961,0.512961
482525059,482525060,67756,0.067756
482525060,482525061,2905168,2.905168
482525061,482525062,317,0.000317
482525062,482525063,0,0.0
482525063,482525064,9078070,9.07807
482525064,482525065,0,0.0
482525065,482525066,7914208,7.914208
482525066,482525067,0,0.0
482525067,482525068,1265486,1.265486
482525068,482525069,27083195,27.083195
482525069,482525070,0,0.0
482525070,482525071,0,0.0
482525071,482525072,0,0.0
482525072,482525073,20793046,20.793046
482525073,482525074,0,0.0
482525074,482525075,0,0.0
482525075,482525076,4668,0.004668
482525076,482525077,4009,0.004009
482525077,482525078,226998,0.226998
482525078,482525079,62159,0.062159
482525079,482525080,0,0.0
482525080,482525081,0,0.0
482525081,482525082,586007,0.586007
482525082,482525083,233321,0.233321
482525083,482525084,157844,0.157844
482525084,482525085,8886,0.008886
482525085,482525086,3020,0.00302
482525086,482525087,65437,0.065437
482525087,482525088,221687,0.221687
482525088,482525089,913564,0.913564
482525089,482525090,31249,0.031249
482525090,482525091,13059786,13.059786
482525091,482525092,0,0.0
482525092,482525093,0,0.0
482525093,482525094,0,0.0
482525094,482525095,4998499,4.998499
482525095,482525096,2623524,2.623524
482525096,482525097,3136705,3.136705
482525097,482525098,0,0.0
482525098,482525099,0,0.0
482525099,482525100,1894866,1.894866
482525100,482525101,0,0.0
482525101,482525102,0,0.0
482525102,482525103,0,0.0
482525103,482525104,0,0.0
482525104,482525105,155279,0.155279
482525105,482525106,3741864,3.741864
482525106,482525107,6419806,6.419806
482525107,482525108,0,0.0
482525108,482525109,0,0.0
482525109,482525110,3117525,3.117525
482525110,482525111,3349658,3.349658
482525111,482525112,2222,0.002222
482525112,482525113,0,0.0
482525113,482525114,19020,0.01902
482525114,482525115,17087,0.017087
482525115,482525116,74,7.4e-05
482525116,482525117,6146,0.006146
482525117,482525118,62958,0.062958
482525118,482525119,0,0.0
482525119,482525120,0,0.0
482525120,482525121,608002,0.608002
482525121,482525122,9613648,9.613648
482525122,482525123,154,0.000154
482525123,482525124,1212,0.001212
482525124,482525125,0,0.0
482525125,482525126,2174,0.002174
482525126,482525127,5740,0.00574
482525127,482525128,26341199,26.341199
482525128,482525129,1866658,1.866658
482525129,482525130,0,0.0
482525130,482525131,0,0.0
482525131,482525132,7126749,7.126749
482525132,482525133,4289,0.004289
482525133,482525134,0,0.0
482525134,482525135,46949,0.046949
482525135,482525136,4417184,4.417184
482525136,482525137,0,0.0
482525137,482525138,0,0.0
482525138,482525139,0,0.0
482525139,482525140,8635334,8.635334
482525140,482525141,0,0.0
482525141,482525142,0,0.0
482525142,482525143,11499517,11.499517
482525143,482525144,13075670,13.07567
482525144,482525145,0,0.0
482525145,482525146,0,0.0
482525146,482525147,0,0.0
482525147,482525148,1019329,1.019329
482525148,482525149,0,0.0
482525149,482525150,0,0.0
482525150,482525151,0,0.0
482525151,482525152,461169,0.461169
482525152,482525153,1690881,1.690881
482525153,482525154,587778,0.587778
482525154,482525155,1539369,1.539369
482525155,482525156,49018,0.049018
482525156,482525157,0,0.0
482525157,482525158,1942622,1.942622
482525158,482525159,0,0.0
482525159,482525160,0,0.0
482525160,482525161,517260,0.51726
482525161,482525162,824119,0.824119
482525162,482525163,0,0.0
482525163,482525164,0,0.0
482525164,482525165,634802,0.634802
482525165,482525166,40337,0.040337
482525166,482525167,74880,0.07488
482525167,482525168,663,0.000663
482525168,482525169,6766,0.006766
482525169,482525170,4523529,4.523529
482525170,482525171,667923,0.667923
482525171,482525172,2918,0.002918
482525172,482525173,37677,0.037677
482525173,482525174,2479431,2.479431
482525174,482525175,0,0.0
482525175,482525176,0,0.0
482525176,482525177,0,0.0
482525177,482525178,1698694,1.698694
482525178,482525179,1325737,1.325737
482525179,482525180,0,0.0
482525180,482525181,0,0.0
482525181,482525182,0,0.0
482525182,482525183,0,0.0
482525183,482525184,0,0.0
482525184,482525185,0,0.0
482525185,482525186,0,0.0
482525186,482525187,0,0.0
482525187,482525188,0,0.0
482525188,482525189,0,0.0
482525189,482525190,0,0.0
482525190,482525191,0,0.0
482525191,482525192,0,0.0
482525192,482525193,0,0.0
482525193,482525194,0,0.0
482525194,482525195,0,0.0
482525195,482525196,0,0.0
482525196,482525197,0,0.0
482525197,482525198,0,0.0
482525198,482525199,0,0.0
482525199,482525200,1481404,1.481404
482525200,482525201,5829,0.005829
482525201,482525202,1213,0.001213
482525202,482525203,0,0.0
482525203,482525204,0,0.0
482525204,482525205,0,0.0
482525205,482525206,7207,0.007207
482525206,482525207,1190004,1.190004
482525207,482525208,0,0.0
482525208,482525209,0,0.0
482525209,482525210,2565649,2.565649
482525210,482525211,0,0.0
482525211,482525212,0,0.0
482525212,482525213,0,0.0
482525213,482525214,3227911,3.227911
482525214,482525215,0,0.0
482525215,482525216,0,0.0
482525216,482525217,2946838,2.946838
482525217,482525218,0,0.0
482525218,482525219,0,0.0
482525219,482525220,0,0.0
482525220,482525221,905297,0.905297
482525221,482525222,0,0.0
482525222,482525223,0,0.0
482525223,482525224,2177746,2.177746
482525224,482525225,0,0.0
482525225,482525226,2826805,2.826805
482525226,482525227,348427,0.348427
482525227,482525228,2473457,2.473457
482525228,482525229,2045128,2.045128
482525229,482525230,594880,0.59488
482525230,482525231,146751,0.146751
482525231,482525232,0,0.0
482525232,482525233,0,0.0
482525233,482525234,238293,0.238293
482525234,482525235,3446,0.003446
482525235,482525236,2514643,2.514643
482525236,482525237,9558,0.009558
482525237,482525238,2222823,2.222823
482525238,482525239,0,0.0
482525239,482525240,0,0.0
482525240,482525241,0,0.0
482525241,482525242,419363,0.419363
482525242,482525243,2655084,2.655084
482525243,482525244,2797877,2.797877
482525244,482525245,2128589,2.128589
482525245,482525246,244207,0.244207
482525246,482525247,0,0.0
482525247,482525248,0,0.0
482525248,482525249,6,6e-06
482525249,482525250,216045,0.216045
482525250,482525251,468248,0.468248
482525251,482525252,0,0.0
482525252,482525253,0,0.0
482525253,482525254,0,0.0
482525254,482525255,0,0.0
482525255,482525256,0,0.0
482525256,482525257,2166177,2.166177
482525257,482525258,10312660,10.31266
482525258,482525259,0,0.0
482525259,482525260,0,0.0
482525260,482525261,2392770,2.39277
482525261,482525262,0,0.0
482525262,482525263,1920357,1.920357
482525263,482525264,0,0.0
482525264,482525265,1545,0.001545
482525265,482525266,815476,0.815476
482525266,482525267,0,0.0
482525267,482525268,0,0.0
482525268,482525269,0,0.0
482525269,482525270,8578121,8.578121
482525270,482525271,4322698,4.322698
482525271,482525272,1953,0.001953
482525272,482525273,1217354,1.217354
482525273,482525274,396072,0.396072
482525274,482525275,0,0.0
482525275,482525276,2210503,2.210503
482525276,482525277,3117067,3.117067
482525277,482525278,1034305,1.034305
482525278,482525279,64423,0.064423
482525279,482525280,516111,0.516111
482525280,482525281,0,0.0
482525281,482525282,0,0.0
482525282,482525283,0,0.0
482525283,482525284,3062071,3.062071
482525284,482525285,0,0.0
482525285,482525286,0,0.0
482525286,482525287,1098,0.001098
482525287,482525288,4130243,4.130243
482525288,482525289,9139843,9.139843
482525289,482525290,0,0.0
482525290,482525291,0,0.0
482525291,482525292,860584,0.860584
482525292,482525293,35165,0.035165
482525293,482525294,8128,0.008128
482525294,482525295,0,0.0
482525295,482525296,21222,0.021222
482525296,482525297,227088,0.227088
482525297,482525298,0,0.0
482525298,482525299,5213823,5.213823
482525299,482525300,6324052,6.324052
482525300,482525301,0,0.0
482525301,482525302,0,0.0
482525302,482525303,22450,0.02245
482525303,482525304,2319,0.002319
482525304,482525305,58467,0.058467
482525305,482525306,357111,0.357111
482525306,482525307,909706,0.909706
482525307,482525308,0,0.0
482525308,482525309,4333307,4.333307
482525309,482525310,5741116,5.741116
482525310,482525311,2963,0.002963
482525311,482525312,91024,0.091024
482525312,482525313,7248027,7.248027
482525313,482525314,8509,0.008509
482525314,482525315,1195,0.001195
482525315,482525316,628359,0.628359
482525316,482525317,0,0.0
482525317,482525318,2804062,2.804062
482525318,482525319,6698827,6.698827
482525319,482525320,2778,0.002778
482525320,482525321,8778930,8.77893
482525321,482525322,2099,0.002099
482525322,482525323,8166,0.008166
482525323,482525324,11071222,11.071222
482525324,482525325,0,0.0
482525325,482525326,0,0.0
482525326,482525327,0,0.0
482525327,482525328,0,0.0
482525328,482525329,0,0.0
482525329,482525330,0,0.0
482525330,482525331,0,0.0
482525331,482525332,0,0.0
482525332,482525333,0,0.0
482525333,482525334,0,0.0
482525334,482525335,0,0.0
482525335,482525336,0,0.0
482525336,482525337,0,0.0
482525337,482525338,0,0.0
482525338,482525339,0,0.0
482525339,482525340,0,0.0
482525340,482525341,0,0.0
482525341,482525342,0,0.0
482525342,482525343,0,0.0
482525343,482525344,0,0.0
482525344,482525345,0,0.0
482525345,482525346,0,0.0
482525346,482525347,0,0.0
482525347,482525348,0,0.0
482525348,482525349,0,0.0
482525349,482525350,0,0.0
482525350,482525351,3859215,3.859215
482525351,482525352,0,0.0
482525352,482525353,0,0.0
482525353,482525354,3782309,3.782309
482525354,482525355,2146725,2.146725
482525355,482525356,6417373,6.417373
482525356,482525357,2644,0.002644
482525357,482525358,2742,0.002742
482525358,482525359,4288175,4.288175
482525359,482525360,615808,0.615808
482525360,482525361,0,0.0
482525361,482525362,0,0.0
482525362,482525363,0,0.0
482525363,482525364,0,0.0
482525364,482525365,0,0.0
482525365,482525366,0,0.0
482525366,482525367,0,0.0
482525367,482525368,0,0.0
482525368,482525369,0,0.0
482525369,482525370,96405,0.096405
482525370,482525371,3713904,3.713904
482525371,482525372,1175971,1.175971
482525372,482525373,0,0.0
482525373,482525374,0,0.0
482525374,482525375,4951,0.004951
482525375,482525376,3852743,3.852743
482525376,482525377,493853,0.493853
482525377,482525378,7546639,7.546639
482525378,482525379,0,0.0
482525379,482525380,0,0.0
482525380,482525381,2218767,2.218767
482525381,482525382,0,0.0
482525382,482525383,0,0.0
482525383,482525384,0,0.0
482525384,482525385,16951115,16.951115
482525385,482525386,2341948,2.341948
482525386,482525387,0,0.0
482525387,482525388,5359944,5.359944
482525388,482525389,1968146,1.968146
482525389,482525390,0,0.0
482525390,482525391,0,0.0
482525391,482525392,0,0.0
482525392,482525393,0,0.0
482525393,482525394,1486365,1.486365
482525394,482525395,5734677,5.734677
482525395,482525396,563370,0.56337
482525396,482525397,1545974,1.545974
482525397,482525398,3338120,3.33812
482525398,482525399,3898277,3.898277
482525399,482525400,150102,0.150102
482525400,482525401,3653089,3.653089
482525401,482525402,422273,0.422273
482525402,482525403,798082,0.798082
482525403,482525404,92555,0.092555
482525404,482525405,0,0.0
482525405,482525406,0,0.0
482525406,482525407,0,0.0
482525407,482525408,0,0.0
482525408,482525409,0,0.0
482525409,482525410,5766261,5.766261
482525410,482525411,932222,0.932222
482525411,482525412,0,0.0
482525412,482525413,0,0.0
482525413,482525414,0,0.0
482525414,482525415,0,0.0
482525415,482525416,0,0.0
482525416,482525417,0,0.0
482525417,482525418,0,0.0
482525418,482525419,0,0.0
482525419,482525420,0,0.0
482525420,482525421,0,0.0
482525421,482525422,0,0.0
482525422,482525423,0,0.0
482525423,482525424,0,0.0
482525424,482525425,0,0.0
482525425,482525426,0,0.0
482525426,482525427,0,0.0
482525427,482525428,0,0.0
482525428,482525429,0,0.0
482525429,482525430,0,0.0
482525430,482525431,0,0.0
482525431,482525432,0,0.0
482525432,482525433,0,0.0
482525433,482525434,0,0.0
482525434,482525435,0,0.0
482525435,482525436,0,0.0
482525436,482525437,0,0.0
482525437,482525438,0,0.0
482525438,482525439,0,0.0
482525439,482525440,0,0.0
482525440,482525441,0,0.0
482525441,482525442,0,0.0
482525442,482525443,0,0.0
482525443,482525444,0,0.0
482525444,482525445,0,0.0
482525445,482525446,0,0.0
482525446,482525447,0,0.0
482525447,482525448,0,0.0
482525448,482525449,0,0.0
482525449,482525450,0,0.0
482525450,482525451,0,0.0
482525451,482525452,0,0.0
482525452,482525453,31783,0.031783
482525453,482525454,2834,0.002834
482525454,482525455,10399,0.010399
482525455,482525456,1379,0.001379
482525456,482525457,4328,0.004328
482525457,482525458,347,0.000347
482525458,482525459,1664,0.001664
482525459,482525460,12212,0.012212
482525460,482525461,732799,0.732799
482525461,482525462,40998,0.040998
482525462,482525463,268256,0.268256
482525463,482525464,0,0.0
482525464,482525465,0,0.0
482525465,482525466,0,0.0
482525466,482525467,0,0.0
482525467,482525468,0,0.0
482525468,482525469,0,0.0
482525469,482525470,0,0.0
482525470,482525471,0,0.0
482525471,482525472,0,0.0
482525472,482525473,0,0.0
482525473,482525474,0,0.0
482525474,482525475,0,0.0
482525475,482525476,0,0.0
482525476,482525477,0,0.0
482525477,482525478,0,0.0
482525478,482525479,0,0.0
482525479,482525480,0,0.0
482525480,482525481,0,0.0
482525481,482525482,0,0.0
482525482,482525483,0,0.0
482525483,482525484,0,0.0
482525484,482525485,0,0.0
482525485,482525486,0,0.0
482525486,482525487,0,0.0
482525487,482525488,0,0.0
482525488,482525489,0,0.0
482525489,482525490,0,0.0
482525490,482525491,0,0.0
482525491,482525492,0,0.0
482525492,482525493,0,0.0
482525493,482525494,0,0.0
482525494,482525495,0,0.0
482525495,482525496,0,0.0
482525496,482525497,0,0.0
482525497,482525498,0,0.0
482525498,482525499,0,0.0
482525499,482525500,0,0.0
482525500,482525501,0,0.0
482525501,482525502,187559,0.187559
482525502,482525503,161920,0.16192
482525503,482525504,2165311,2.165311
482525504,482525505,764828,0.764828
482525505,482525506,0,0.0
482525506,482525507,0,0.0
482525507,482525508,0,0.0
482525508,482525509,0,0.0
482525509,482525510,7469,0.007469
482525510,482525511,0,0.0
482525511,482525512,0,0.0
482525512,482525513,0,0.0
482525513,482525514,0,0.0
482525514,482525515,0,0.0
482525515,482525516,0,0.0
482525516,482525517,0,0.0
482525517,482525518,0,0.0
482525518,482525519,0,0.0
482525519,482525520,0,0.0
482525520,482525521,0,0.0
482525521,482525522,0,0.0
482525522,482525523,0,0.0
482525523,482525524,0,0.0
482525524,482525525,0,0.0
482525525,482525526,0,0.0
482525526,482525527,0,0.0
482525527,482525528,0,0.0
482525528,482525529,0,0.0
482525529,482525530,0,0.0
482525530,482525531,0,0.0
482525531,482525532,0,0.0
482525532,482525533,0,0.0
482525533,482525534,0,0.0
482525534,482525535,0,0.0
482525535,482525536,0,0.0
482525536,482525537,0,0.0
482525537,482525538,0,0.0
482525538,482525539,0,0.0
482525539,482525540,47102,0.047102
482525540,482525541,3800202,3.800202
482525541,482525542,0,0.0
482525542,482525543,0,0.0
482525543,482525544,0,0.0
482525544,482525545,0,0.0
482525545,482525546,0,0.0
482525546,482525547,0,0.0
482525547,482525548,0,0.0
482525548,482525549,0,0.0
482525549,482525550,0,0.0
482525550,482525551,0,0.0
482525551,482525552,0,0.0
482525552,482525553,0,0.0
482525553,482525554,0,0.0
482525554,482525555,0,0.0
482525555,482525556,0,0.0
482525556,482525557,47922,0.047922
482525557,482525558,100530,0.10053
482525558,482525559,12685,0.012685
482525559,482525560,0,0.0
482525560,482525561,0,0.0
482525561,482525562,1592562,1.592562
482525562,482525563,0,0.0
482525563,482525564,0,0.0
482525564,482525565,360,0.00036
482525565,482525566,2403,0.002403
482525566,482525567,2231332,2.231332
482525567,482525568,693,0.000693
482525568,482525569,7,7e-06
482525569,482525570,237,0.000237
482525570,482525571,0,0.0
482525571,482525572,0,0.0
482525572,482525573,0,0.0
482525573,482525574,384,0.000384
482525574,482525575,114,0.000114
482525575,482525576,0,0.0
482525576,482525577,122,0.000122
482525577,482525578,437774,0.437774
482525578,482525579,2016291,2.016291
482525579,482525580,0,0.0
482525580,482525581,0,0.0
482525581,482525582,810,0.00081
482525582,482525583,3148284,3.148284
482525583,482525584,0,0.0
482525584,482525585,0,0.0
482525585,482525586,0,0.0
482525586,482525587,3492591,3.492591
482525587,482525588,0,0.0
482525588,482525589,4420052,4.420052
482525589,482525590,0,0.0
482525590,482525591,0,0.0
482525591,482525592,0,0.0
482525592,482525593,2398988,2.398988
482525593,482525594,9274,0.009274
482525594,482525595,5054,0.005054
482525595,482525596,449,0.000449
482525596,482525597,411,0.000411
482525597,482525598,126454,0.126454
482525598,482525599,0,0.0
482525599,482525600,89860,0.08986
482525600,482525601,1163925,1.163925
482525601,482525602,0,0.0
482525602,482525603,0,0.0
482525603,482525604,0,0.0
482525604,482525605,883778,0.883778
482525605,482525606,3295095,3.295095
482525606,482525607,0,0.0
482525607,482525608,1419961,1.419961
482525608,482525609,3157761,3.157761
482525609,482525610,8402124,8.402124
482525610,482525611,0,0.0
482525611,482525612,0,0.0
482525612,482525613,2221,0.002221
482525613,482525614,0,0.0
482525614,482525615,5283,0.005283
482525615,482525616,0,0.0
482525616,482525617,216662,0.216662
482525617,482525618,0,0.0
482525618,482525619,0,0.0
482525619,482525620,0,0.0
482525620,482525621,0,0.0
482525621,482525622,0,0.0
482525622,482525623,0,0.0
482525623,482525624,0,0.0
482525624,482525625,0,0.0
482525625,482525626,0,0.0
482525626,482525627,0,0.0
482525627,482525628,0,0.0
482525628,482525629,0,0.0
482525629,482525630,0,0.0
482525630,482525631,0,0.0
482525631,482525632,0,0.0
482525632,482525633,0,0.0
482525633,482525634,0,0.0
482525634,482525635,0,0.0
482525635,482525636,0,0.0
482525636,482525637,0,0.0
482525637,482525638,0,0.0
482525638,482525639,0,0.0
482525639,482525640,0,0.0
482525640,482525641,0,0.0
482525641,482525642,0,0.0
482525642,482525643,0,0.0
482525643,482525644,0,0.0
482525644,482525645,0,0.0
482525645,482525646,0,0.0
482525646,482525647,0,0.0
482525647,482525648,0,0.0
482525648,482525649,0,0.0
482525649,482525650,0,0.0
482525650,482525651,0,0.0
482525651,482525652,0,0.0
482525652,482525653,0,0.0
482525653,482525654,0,0.0
482525654,482525655,0,0.0
482525655,482525656,0,0.0
482525656,482525657,0,0.0
482525657,482525658,0,0.0
482525658,482525659,0,0.0
482525659,482525660,0,0.0
482525660,482525661,0,0.0
482525661,482525662,0,0.0
482525662,482525663,0,0.0
482525663,482525664,0,0.0
482525664,482525665,0,0.0
482525665,482525666,0,0.0
482525666,482525667,0,0.0
482525667,482525668,0,0.0
482525668,482525669,0,0.0
482525669,482525670,0,0.0
482525670,482525671,0,0.0
482525671,482525672,0,0.0
482525672,482525673,0,0.0
482525673,482525674,0,0.0
482525674,482525675,0,0.0
482525675,482525676,0,0.0
482525676,482525677,0,0.0
482525677,482525678,0,0.0
482525678,482525679,0,0.0
482525679,482525680,0,0.0
482525680,482525681,0,0.0
482525681,482525682,0,0.0
482525682,482525683,0,0.0
482525683,482525684,0,0.0
482525684,482525685,0,0.0
482525685,482525686,0,0.0
482525686,482525687,0,0.0
482525687,482525688,0,0.0
482525688,482525689,0,0.0
482525689,482525690,0,0.0
482525690,482525691,0,0.0
482525691,482525692,0,0.0
482525692,482525693,0,0.0
482525693,482525694,0,0.0
482525694,482525695,0,0.0
482525695,482525696,0,0.0
482525696,482525697,0,0.0
482525697,482525698,0,0.0
482525698,482525699,0,0.0
482525699,482525700,0,0.0
482525700,482525701,0,0.0
482525701,482525702,0,0.0
482525702,482525703,0,0.0
482525703,482525704,0,0.0
482525704,482525705,0,0.0
482525705,482525706,0,0.0
482525706,482525707,0,0.0
482525707,482525708,0,0.0
482525708,482525709,0,0.0
482525709,482525710,0,0.0
482525710,482525711,0,0.0
482525711,482525712,0,0.0
482525712,482525713,0,0.0
482525713,482525714,0,0.0
482525714,482525715,0,0.0
482525715,482525716,0,0.0
482525716,482525717,0,0.0
482525717,482525718,0,0.0
482525718,482525719,0,0.0
482525719,482525720,0,0.0
482525720,482525721,0,0.0
482525721,482525722,0,0.0
482525722,482525723,0,0.0
482525723,482525724,0,0.0
482525724,482525725,0,0.0
482525725,482525726,0,0.0
482525726,482525727,0,0.0
482525727,482525728,0,0.0
482525728,482525729,0,0.0
482525729,482525730,0,0.0
482525730,482525731,0,0.0
482525731,482525732,0,0.0
482525732,482525733,0,0.0
482525733,482525734,0,0.0
482525734,482525735,0,0.0
482525735,482525736,0,0.0
482525736,482525737,0,0.0
482525737,482525738,0,0.0
482525738,482525739,0,0.0
482525739,482525740,0,0.0
482525740,482525741,0,0.0
482525741,482525742,0,0.0
482525742,482525743,0,0.0
482525743,482525744,0,0.0
482525744,482525745,0,0.0
482525745,482525746,0,0.0
482525746,482525747,0,0.0
482525747,482525748,0,0.0
482525748,482525749,0,0.0
482525749,482525750,0,0.0
482525750,482525751,0,0.0
482525751,482525752,0,0.0
482525752,482525753,0,0.0
482525753,482525754,0,0.0
482525754,482525755,0,0.0
482525755,482525756,0,0.0
482525756,482525757,0,0.0
482525757,482525758,0,0.0
482525758,482525759,0,0.0
482525759,482525760,0,0.0
482525760,482525761,0,0.0
482525761,482525762,0,0.0
482525762,482525763,0,0.0
482525763,482525764,0,0.0
482525764,482525765,0,0.0
482525765,482525766,0,0.0
482525766,482525767,0,0.0
482525767,482525768,0,0.0
482525768,482525769,0,0.0
482525769,482525770,0,0.0
482525770,482525771,0,0.0
482525771,482525772,0,0.0
482525772,482525773,0,0.0
482525773,482525774,0,0.0
482525774,482525775,0,0.0
482525775,482525776,0,0.0
482525776,482525777,0,0.0
482525777,482525778,0,0.0
482525778,482525779,0,0.0
482525779,482525780,0,0.0
482525780,482525781,0,0.0
482525781,482525782,0,0.0
482525782,482525783,0,0.0
482525783,482525784,0,0.0
482525784,482525785,0,0.0
482525785,482525786,0,0.0
482525786,482525787,0,0.0
482525787,482525788,0,0.0
482525788,482525789,0,0.0
482525789,482525790,0,0.0
482525790,482525791,0,0.0
482525791,482525792,0,0.0
482525792,482525793,0,0.0
482525793,482525794,0,0.0
482525794,482525795,0,0.0
482525795,482525796,0,0.0
482525796,482525797,0,0.0
482525797,482525798,0,0.0
482525798,482525799,0,0.0
482525799,482525800,0,0.0
482525800,482525801,0,0.0
482525801,482525802,0,0.0
482525802,482525803,0,0.0
482525803,482525804,0,0.0
482525804,482525805,0,0.0
482525805,482525806,0,0.0
482525806,482525807,0,0.0
482525807,482525808,0,0.0
482525808,482525809,0,0.0
482525809,482525810,0,0.0
482525810,482525811,0,0.0
482525811,482525812,0,0.0
482525812,482525813,0,0.0
482525813,482525814,0,0.0
482525814,482525815,0,0.0
482525815,482525816,0,0.0
482525816,482525817,0,0.0
482525817,482525818,0,0.0
482525818,482525819,0,0.0
482525819,482525820,0,0.0
482525820,482525821,0,0.0
482525821,482525822,0,0.0
482525822,482525823,0,0.0
482525823,482525824,0,0.0
482525824,482525825,0,0.0
482525825,482525826,0,0.0
482525826,482525827,0,0.0
482525827,482525828,0,0.0
482525828,482525829,0,0.0
482525829,482525830,0,0.0
482525830,482525831,0,0.0
482525831,482525832,0,0.0
482525832,482525833,0,0.0
482525833,482525834,0,0.0
482525834,482525835,0,0.0
482525835,482525836,0,0.0
482525836,482525837,0,0.0
482525837,482525838,0,0.0
482525838,482525839,0,0.0
482525839,482525840,0,0.0
482525840,482525841,0,0.0
482525841,482525842,0,0.0
482525842,482525843,0,0.0
482525843,482525844,0,0.0
482525844,482525845,0,0.0
482525845,482525846,0,0.0
482525846,482525847,0,0.0
482525847,482525848,0,0.0
482525848,482525849,0,0.0
482525849,482525850,0,0.0
482525850,482525851,0,0.0
482525851,482525852,0,0.0
482525852,482525853,0,0.0
482525853,482525854,3078,0.003078
482525854,482525855,106,0.000106
482525855,482525856,3,3e-06
482525856,482525857,169,0.000169
482525857,482525858,179,0.000179
482525858,482525859,31,3.1e-05
482525859,482525860,67,6.7e-05
482525860,482525861,0,0.0
482525861,482525862,78,7.8e-05
482525862,482525863,2,2e-06
482525863,482525864,270,0.00027
482525864,482525865,1494,0.001494
482525865,482525866,113,0.000113
482525866,482525867,135,0.000135
482525867,482525868,138,0.000138
482525868,482525869,13,1.3e-05
482525869,482525870,75,7.5e-05
482525870,482525871,119,0.000119
482525871,482525872,199,0.000199
482525872,482525873,0,0.0
482525873,482525874,177,0.000177
482525874,482525875,332,0.000332
482525875,482525876,683,0.000683
482525876,482525877,4,4e-06
482525877,482525878,917,0.000917
482525878,482525879,3653,0.003653
482525879,482525880,1130352,1.130352
482525880,482525881,0,0.0
482525881,482525882,0,0.0
482525882,482525883,0,0.0
482525883,482525884,83336,0.083336
482525884,482525885,171958,0.171958
482525885,482525886,1107582,1.107582
482525886,482525887,9264,0.009264
482525887,482525888,13209,0.013209
482525888,482525889,6795,0.006795
482525889,482525890,90803,0.090803
482525890,482525891,9434,0.009434
482525891,482525892,6684,0.006684
482525892,482525893,8664,0.008664
482525893,482525894,0,0.0
482525894,482525895,8996,0.008996
482525895,482525896,8291,0.008291
482525896,482525897,8037,0.008037
482525897,482525898,6916,0.006916
482525898,482525899,6962,0.006962
482525899,482525900,8182,0.008182
482525900,482525901,6880,0.00688
482525901,482525902,7377,0.007377
482525902,482525903,10220,0.01022
482525903,482525904,155647,0.155647
482525904,482525905,0,0.0
482525905,482525906,0,0.0
482525906,482525907,0,0.0
482525907,482525908,0,0.0
482525908,482525909,0,0.0
482525909,482525910,0,0.0
482525910,482525911,0,0.0
482525911,482525912,0,0.0
482525912,482525913,0,0.0
482525913,482525914,0,0.0
482525914,482525915,0,0.0
482525915,482525916,0,0.0
482525916,482525917,0,0.0
482525917,482525918,0,0.0
482525918,482525919,0,0.0
482525919,482525920,0,0.0
482525920,482525921,0,0.0
482525921,482525922,0,0.0
482525922,482525923,0,0.0
482525923,482525924,0,0.0
482525924,482525925,0,0.0
482525925,482525926,0,0.0
482525926,482525927,0,0.0
482525927,482525928,0,0.0
482525928,482525929,0,0.0
482525929,482525930,0,0.0
482525930,482525931,0,0.0
482525931,482525932,0,0.0
482525932,482525933,0,0.0
482525933,482525934,0,0.0
482525934,482525935,0,0.0
482525935,482525936,0,0.0
482525936,482525937,0,0.0
482525937,482525938,0,0.0
482525938,482525939,0,0.0
482525939,482525940,0,0.0
482525940,482525941,0,0.0
482525941,482525942,0,0.0
482525942,482525943,0,0.0
482525943,482525944,0,0.0
482525944,482525945,0,0.0
482525945,482525946,0,0.0
482525946,482525947,0,0.0
482525947,482525948,0,0.0
482525948,482525949,2188,0.002188
482525949,482525950,211,0.000211
482525950,482525951,73,7.3e-05
482525951,482525952,4,4e-06
482525952,482525953,50,5e-05
482525953,482525954,23,2.3e-05
482525954,482525955,3,3e-06
482525955,482525956,21,2.1e-05
482525956,482525957,10,1e-05
482525957,482525958,24,2.4e-05
482525958,482525959,72,7.2e-05
482525959,482525960,13,1.3e-05
482525960,482525961,1,1e-06
482525961,482525962,7,7e-06
482525962,482525963,19,1.9e-05
482525963,482525964,23,2.3e-05
482525964,482525965,1,1e-06
482525965,482525966,49,4.9e-05
482525966,482525967,3,3e-06
482525967,482525968,6,6e-06
482525968,482525969,16,1.6e-05
482525969,482525970,16,1.6e-05
482525970,482525971,64,6.4e-05
482525971,482525972,4,4e-06
482525972,482525973,10,1e-05
482525973,482525974,46,4.6e-05
482525974,482525975,12,1.2e-05
482525975,482525976,36,3.6e-05
482525976,482525977,80,8e-05
482525977,482525978,30,3e-05
482525978,482525979,11,1.1e-05
482525979,482525980,16,1.6e-05
482525980,482525981,4,4e-06
482525981,482525982,0,0.0
482525982,482525983,0,0.0
482525983,482525984,0,0.0
482525984,482525985,0,0.0
482525985,482525986,16,1.6e-05
482525986,482525987,7,7e-06
482525987,482525988,208,0.000208
482525988,482525989,180,0.00018
482525989,482525990,40,4e-05
482525990,482525991,43,4.3e-05
482525991,482525992,165,0.000165
482525992,482525993,68,6.8e-05
482525993,482525994,0,0.0
482525994,482525995,55,5.5e-05
482525995,482525996,18,1.8e-05
482525996,482525997,0,0.0
482525997,482525998,0,0.0
482525998,482525999,0,0.0
482525999,482526000,0,0.0
482526000,482526001,0,0.0
482526001,482526002,0,0.0
482526002,482526003,0,0.0
482526003,482526004,0,0.0
482526004,482526005,0,0.0
482526005,482526006,0,0.0
482526006,482526007,0,0.0
482526007,482526008,0,0.0
482526008,482526009,0,0.0
482526009,482526010,625,0.000625
482526010,482526011,1078,0.001078
482526011,482526012,159,0.000159
482526012,482526013,0,0.0
482526013,482526014,0,0.0
482526014,482526015,0,0.0
482526015,482526016,0,0.0
482526016,482526017,0,0.0
482526017,482526018,39,3.9e-05
482526018,482526019,0,0.0
482526019,482526020,0,0.0
482526020,482526021,0,0.0
482526021,482526022,23,2.3e-05
482526022,482526023,0,0.0
482526023,482526024,0,0.0
482526024,482526025,0,0.0
482526025,482526026,157,0.000157
482526026,482526027,0,0.0
482526027,482526028,4,4e-06
482526028,482526029,134,0.000134
482526029,482526030,143,0.000143
482526030,482526031,93,9.3e-05
482526031,482526032,329,0.000329
482526032,482526033,138,0.000138
482526033,482526034,0,0.0
482526034,482526035,55,5.5e-05
482526035,482526036,0,0.0
482526036,482526037,0,0.0
482526037,482526038,0,0.0
482526038,482526039,119,0.000119
482526039,482526040,0,0.0
482526040,482526041,0,0.0
482526041,482526042,0,0.0
482526042,482526043,121,0.000121
482526043,482526044,141,0.000141
482526044,482526045,3,3e-06
482526045,482526046,164,0.000164
482526046,482526047,1430,0.00143
482526047,482526048,0,0.0
482526048,482526049,6462,0.006462
482526049,482526050,1515,0.001515
482526050,482526051,415675,0.415675
482526051,482526052,470267,0.470267
482526052,482526053,1081892,1.081892
482526053,482526054,0,0.0
482526054,482526055,0,0.0
482526055,482526056,0,0.0
482526056,482526057,0,0.0
482526057,482526058,0,0.0
482526058,482526059,731702,0.731702
482526059,482526060,2740335,2.740335
482526060,482526061,0,0.0
482526061,482526062,0,0.0
482526062,482526063,0,0.0
482526063,482526064,4313690,4.31369
482526064,482526065,57311,0.057311
482526065,482526066,0,0.0
482526066,482526067,0,0.0
482526067,482526068,0,0.0
482526068,482526069,0,0.0
482526069,482526070,0,0.0
482526070,482526071,0,0.0
482526071,482526072,1249773,1.249773
482526072,482526073,0,0.0
482526073,482526074,525169,0.525169
482526074,482526075,1766383,1.766383
482526075,482526076,0,0.0
482526076,482526077,0,0.0
482526077,482526078,0,0.0
482526078,482526079,0,0.0
482526079,482526080,0,0.0
482526080,482526081,531471,0.531471
482526081,482526082,0,0.0
482526082,482526083,0,0.0
482526083,482526084,0,0.0
482526084,482526085,0,0.0
482526085,482526086,0,0.0
482526086,482526087,0,0.0
482526087,482526088,4403,0.004403
482526088,482526089,0,0.0
482526089,482526090,2700,0.0027
482526090,482526091,0,0.0
482526091,482526092,0,0.0
482526092,482526093,1515047,1.515047
482526093,482526094,0,0.0
482526094,482526095,1286863,1.286863
482526095,482526096,3386745,3.386745
482526096,482526097,0,0.0
482526097,482526098,0,0.0
482526098,482526099,0,0.0
482526099,482526100,445054,0.445054
482526100,482526101,390635,0.390635
482526101,482526102,1177996,1.177996
482526102,482526103,0,0.0
482526103,482526104,18446,0.018446
482526104,482526105,1343,0.001343
482526105,482526106,119058,0.119058
482526106,482526107,195,0.000195
482526107,482526108,528852,0.528852
482526108,482526109,182875,0.182875
482526109,482526110,1903745,1.903745
482526110,482526111,0,0.0
482526111,482526112,0,0.0
482526112,482526113,2975607,2.975607
482526113,482526114,9981,0.009981
482526114,482526115,351969,0.351969
482526115,482526116,2173591,2.173591
482526116,482526117,0,0.0
482526117,482526118,0,0.0
482526118,482526119,0,0.0
482526119,482526120,7812191,7.812191
482526120,482526121,0,0.0
482526121,482526122,0,0.0
482526122,482526123,1832399,1.832399
482526123,482526124,3723155,3.723155
482526124,482526125,0,0.0
482526125,482526126,793582,0.793582
482526126,482526127,0,0.0
482526127,482526128,0,0.0
482526128,482526129,0,0.0
482526129,482526130,0,0.0
482526130,482526131,0,0.0
482526131,482526132,0,0.0
482526132,482526133,202,0.000202
482526133,482526134,186627,0.186627
482526134,482526135,691,0.000691
482526135,482526136,7440,0.00744
482526136,482526137,0,0.0
482526137,482526138,0,0.0
482526138,482526139,0,0.0
482526139,482526140,0,0.0
482526140,482526141,0,0.0
482526141,482526142,75166,0.075166
482526142,482526143,0,0.0
482526143,482526144,0,0.0
482526144,482526145,0,0.0
482526145,482526146,0,0.0
482526146,482526147,0,0.0
482526147,482526148,0,0.0
482526148,482526149,0,0.0
482526149,482526150,0,0.0
482526150,482526151,172784,0.172784
482526151,482526152,0,0.0
482526152,482526153,1393,0.001393
482526153,482526154,0,0.0
482526154,482526155,0,0.0
482526155,482526156,0,0.0
482526156,482526157,3393,0.003393
482526157,482526158,0,0.0
482526158,482526159,0,0.0
482526159,482526160,1369673,1.369673
482526160,482526161,1146,0.001146
482526161,482526162,527,0.000527
482526162,482526163,4447,0.004447
482526163,482526164,0,0.0
482526164,482526165,0,0.0
482526165,482526166,0,0.0
482526166,482526167,0,0.0
482526167,482526168,0,0.0
482526168,482526169,0,0.0
482526169,482526170,0,0.0
482526170,482526171,0,0.0
482526171,482526172,0,0.0
482526172,482526173,0,0.0
482526173,482526174,0,0.0
482526174,482526175,0,0.0
482526175,482526176,0,0.0
482526176,482526177,0,0.0
482526177,482526178,0,0.0
482526178,482526179,0,0.0
482526179,482526180,0,0.0
482526180,482526181,0,0.0
482526181,482526182,0,0.0
482526182,482526183,0,0.0
482526183,482526184,0,0.0
482526184,482526185,0,0.0
482526185,482526186,0,0.0
482526186,482526187,1994864,1.994864
482526187,482526188,0,0.0
482526188,482526189,1145,0.001145
482526189,482526190,1014455,1.014455
482526190,482526191,1798609,1.798609
482526191,482526192,0,0.0
482526192,482526193,0,0.0
482526193,482526194,162,0.000162
482526194,482526195,18337,0.018337
482526195,482526196,69,6.9e-05
482526196,482526197,0,0.0
482526197,482526198,0,0.0
482526198,482526199,1045038,1.045038
482526199,482526200,1501611,1.501611
482526200,482526201,796482,0.796482
482526201,482526202,7819545,7.819545
482526202,482526203,468529,0.468529
482526203,482526204,0,0.0
482526204,482526205,4199615,4.199615
482526205,482526206,0,0.0
482526206,482526207,5333732,5.333732
482526207,482526208,221890,0.22189
482526208,482526209,0,0.0
482526209,482526210,7435344,7.435344
482526210,482526211,0,0.0
482526211,482526212,0,0.0
482526212,482526213,1753981,1.753981
482526213,482526214,0,0.0
482526214,482526215,0,0.0
482526215,482526216,0,0.0
482526216,482526217,0,0.0
482526217,482526218,1356949,1.356949
482526218,482526219,0,0.0
482526219,482526220,752633,0.752633
482526220,482526221,0,0.0
482526221,482526222,0,0.0
482526222,482526223,0,0.0
482526223,482526224,1571265,1.571265
482526224,482526225,363719,0.363719
482526225,482526226,0,0.0
482526226,482526227,0,0.0
482526227,482526228,0,0.0
482526228,482526229,1260989,1.260989
482526229,482526230,295,0.000295
482526230,482526231,47,4.7e-05
482526231,482526232,78,7.8e-05
482526232,482526233,201,0.000201
482526233,482526234,278,0.000278
482526234,482526235,231,0.000231
482526235,482526236,670,0.00067
482526236,482526237,0,0.0
482526237,482526238,0,0.0
482526238,482526239,0,0.0
482526239,482526240,0,0.0
482526240,482526241,0,0.0
482526241,482526242,114,0.000114
482526242,482526243,0,0.0
482526243,482526244,279,0.000279
482526244,482526245,412,0.000412
482526245,482526246,0,0.0
482526246,482526247,329987,0.329987
482526247,482526248,0,0.0
482526248,482526249,0,0.0
482526249,482526250,0,0.0
482526250,482526251,659254,0.659254
482526251,482526252,0,0.0
482526252,482526253,0,0.0
482526253,482526254,283610,0.28361
482526254,482526255,0,0.0
482526255,482526256,0,0.0
482526256,482526257,0,0.0
482526257,482526258,0,0.0
482526258,482526259,0,0.0
482526259,482526260,0,0.0
482526260,482526261,0,0.0
482526261,482526262,0,0.0
482526262,482526263,0,0.0
482526263,482526264,0,0.0
482526264,482526265,0,0.0
482526265,482526266,0,0.0
482526266,482526267,0,0.0
482526267,482526268,0,0.0
482526268,482526269,0,0.0
482526269,482526270,0,0.0
482526270,482526271,0,0.0
482526271,482526272,0,0.0
482526272,482526273,0,0.0
482526273,482526274,0,0.0
482526274,482526275,0,0.0
482526275,482526276,0,0.0
482526276,482526277,0,0.0
482526277,482526278,0,0.0
482526278,482526279,0,0.0
482526279,482526280,0,0.0
482526280,482526281,0,0.0
482526281,482526282,0,0.0
482526282,482526283,0,0.0
482526283,482526284,0,0.0
482526284,482526285,208779,0.208779
482526285,482526286,424,0.000424
482526286,482526287,478,0.000478
482526287,482526288,0,0.0
482526288,482526289,0,0.0
482526289,482526290,0,0.0
482526290,482526291,0,0.0
482526291,482526292,0,0.0
482526292,482526293,0,0.0
482526293,482526294,0,0.0
482526294,482526295,0,0.0
482526295,482526296,583,0.000583
482526296,482526297,681,0.000681
482526297,482526298,223,0.000223
482526298,482526299,747,0.000747
482526299,482526300,0,0.0
482526300,482526301,0,0.0
482526301,482526302,0,0.0
482526302,482526303,27,2.7e-05
482526303,482526304,6997,0.006997
482526304,482526305,0,0.0
482526305,482526306,256029,0.256029
482526306,482526307,9430,0.00943
482526307,482526308,0,0.0
482526308,482526309,0,0.0
482526309,482526310,0,0.0
482526310,482526311,1826529,1.826529
482526311,482526312,0,0.0
482526312,482526313,0,0.0
482526313,482526314,0,0.0
482526314,482526315,5373275,5.373275
482526315,482526316,350802,0.350802
482526316,482526317,0,0.0
482526317,482526318,0,0.0
482526318,482526319,453658,0.453658
482526319,482526320,0,0.0
482526320,482526321,1150241,1.150241
482526321,482526322,0,0.0
482526322,482526323,0,0.0
482526323,482526324,714973,0.714973
482526324,482526325,0,0.0
482526325,482526326,0,0.0
482526326,482526327,0,0.0
482526327,482526328,691,0.000691
482526328,482526329,0,0.0
482526329,482526330,1959191,1.959191
482526330,482526331,1407058,1.407058
482526331,482526332,0,0.0
482526332,482526333,0,0.0
482526333,482526334,0,0.0
482526334,482526335,437252,0.437252
482526335,482526336,0,0.0
482526336,482526337,0,0.0
482526337,482526338,0,0.0
482526338,482526339,0,0.0
482526339,482526340,0,0.0
482526340,482526341,171887,0.171887
482526341,482526342,1585217,1.585217
482526342,482526343,0,0.0
482526343,482526344,0,0.0
482526344,482526345,0,0.0
482526345,482526346,0,0.0
482526346,482526347,7816828,7.816828
482526347,482526348,0,0.0
482526348,482526349,0,0.0
482526349,482526350,0,0.0
482526350,482526351,562699,0.562699
482526351,482526352,3929,0.003929
482526352,482526353,1463,0.001463
482526353,482526354,0,0.0
482526354,482526355,59035,0.059035
482526355,482526356,2859,0.002859
482526356,482526357,76,7.6e-05
482526357,482526358,388,0.000388
482526358,482526359,164,0.000164
482526359,482526360,0,0.0
482526360,482526361,0,0.0
482526361,482526362,0,0.0
482526362,482526363,0,0.0
482526363,482526364,0,0.0
482526364,482526365,0,0.0
482526365,482526366,956,0.000956
482526366,482526367,54,5.4e-05
482526367,482526368,1300,0.0013
482526368,482526369,444138,0.444138
482526369,482526370,543738,0.543738
482526370,482526371,0,0.0
482526371,482526372,542773,0.542773
482526372,482526373,1074904,1.074904
482526373,482526374,112748,0.112748
482526374,482526375,973099,0.973099
482526375,482526376,312653,0.312653
482526376,482526377,0,0.0
482526377,482526378,0,0.0
482526378,482526379,0,0.0
482526379,482526380,0,0.0
482526380,482526381,1764192,1.764192
482526381,482526382,665419,0.665419
482526382,482526383,259909,0.259909
482526383,482526384,260212,0.260212
482526384,482526385,544495,0.544495
482526385,482526386,518235,0.518235
482526386,482526387,0,0.0
482526387,482526388,0,0.0
482526388,482526389,0,0.0
482526389,482526390,832682,0.832682
482526390,482526391,519273,0.519273
482526391,482526392,531867,0.531867
482526392,482526393,3959,0.003959
482526393,482526394,615164,0.615164
482526394,482526395,380179,0.380179
482526395,482526396,0,0.0
482526396,482526397,0,0.0
482526397,482526398,0,0.0
482526398,482526399,32506,0.032506
482526399,482526400,0,0.0
482526400,482526401,543301,0.543301
482526401,482526402,269675,0.269675
482526402,482526403,227607,0.227607
482526403,482526404,646016,0.646016
482526404,482526405,123359,0.123359
482526405,482526406,457080,0.45708
482526406,482526407,0,0.0
482526407,482526408,0,0.0
482526408,482526409,18300,0.0183
482526409,482526410,2340,0.00234
482526410,482526411,519769,0.519769
482526411,482526412,1569001,1.569001
482526412,482526413,0,0.0
482526413,482526414,0,0.0
482526414,482526415,98886,0.098886
482526415,482526416,2272991,2.272991
482526416,482526417,1932775,1.932775
482526417,482526418,619666,0.619666
482526418,482526419,586457,0.586457
482526419,482526420,0,0.0
482526420,482526421,511930,0.51193
482526421,482526422,701592,0.701592
482526422,482526423,150521,0.150521
482526423,482526424,0,0.0
482526424,482526425,0,0.0
482526425,482526426,0,0.0
482526426,482526427,0,0.0
482526427,482526428,457120,0.45712
482526428,482526429,0,0.0
482526429,482526430,944737,0.944737
482526430,482526431,648404,0.648404
482526431,482526432,375492,0.375492
482526432,482526433,1194,0.001194
482526433,482526434,0,0.0
482526434,482526435,0,0.0
482526435,482526436,0,0.0
482526436,482526437,148635,0.148635
482526437,482526438,562534,0.562534
482526438,482526439,529315,0.529315
482526439,482526440,559657,0.559657
482526440,482526441,0,0.0
482526441,482526442,0,0.0
482526442,482526443,56,5.6e-05
482526443,482526444,0,0.0
482526444,482526445,0,0.0
482526445,482526446,0,0.0
482526446,482526447,10979,0.010979
482526447,482526448,0,0.0
482526448,482526449,0,0.0
482526449,482526450,510317,0.510317
482526450,482526451,520871,0.520871
482526451,482526452,1236549,1.236549
482526452,482526453,0,0.0
482526453,482526454,0,0.0
482526454,482526455,0,0.0
482526455,482526456,1539663,1.539663
482526456,482526457,0,0.0
482526457,482526458,0,0.0
482526458,482526459,0,0.0
482526459,482526460,12210904,12.210904
482526460,482526461,0,0.0
482526461,482526462,0,0.0
482526462,482526463,0,0.0
482526463,482526464,0,0.0
482526464,482526465,0,0.0
482526465,482526466,0,0.0
482526466,482526467,0,0.0
482526467,482526468,4499177,4.499177
482526468,482526469,0,0.0
482526469,482526470,2108645,2.108645
482526470,482526471,0,0.0
482526471,482526472,0,0.0
482526472,482526473,1078785,1.078785
482526473,482526474,0,0.0
482526474,482526475,0,0.0
482526475,482526476,0,0.0
482526476,482526477,0,0.0
482526477,482526478,0,0.0
482526478,482526479,431249,0.431249
482526479,482526480,0,0.0
482526480,482526481,0,0.0
482526481,482526482,2974,0.002974
482526482,482526483,3071984,3.071984
482526483,482526484,272818,0.272818
482526484,482526485,1698021,1.698021
482526485,482526486,40997,0.040997
482526486,482526487,226764,0.226764
482526487,482526488,0,0.0
482526488,482526489,0,0.0
482526489,482526490,4369470,4.36947
482526490,482526491,4342198,4.342198
482526491,482526492,0,0.0
482526492,482526493,1944363,1.944363
482526493,482526494,681715,0.681715
482526494,482526495,0,0.0
482526495,482526496,1960170,1.96017
482526496,482526497,2106827,2.106827
482526497,482526498,0,0.0
482526498,482526499,0,0.0
482526499,482526500,338,0.000338
482526500,482526501,1647248,1.647248
482526501,482526502,5593773,5.593773
482526502,482526503,5246294,5.246294
482526503,482526504,0,0.0
482526504,482526505,0,0.0
482526505,482526506,14820001,14.820001
482526506,482526507,0,0.0
482526507,482526508,0,0.0
482526508,482526509,0,0.0
482526509,482526510,0,0.0
482526510,482526511,0,0.0
482526511,482526512,0,0.0
482526512,482526513,56593,0.056593
482526513,482526514,7057004,7.057004
482526514,482526515,0,0.0
482526515,482526516,0,0.0
482526516,482526517,122547,0.122547
482526517,482526518,11560336,11.560336
482526518,482526519,178742,0.178742
482526519,482526520,0,0.0
482526520,482526521,0,0.0
482526521,482526522,215095,0.215095
482526522,482526523,0,0.0
482526523,482526524,0,0.0
482526524,482526525,0,0.0
482526525,482526526,0,0.0
482526526,482526527,0,0.0
482526527,482526528,0,0.0
482526528,482526529,0,0.0
482526529,482526530,0,0.0
482526530,482526531,0,0.0
482526531,482526532,0,0.0
482526532,482526533,0,0.0
482526533,482526534,0,0.0
482526534,482526535,0,0.0
482526535,482526536,0,0.0
482526536,482526537,0,0.0
482526537,482526538,0,0.0
482526538,482526539,0,0.0
482526539,482526540,0,0.0
482526540,482526541,0,0.0
482526541,482526542,0,0.0
482526542,482526543,0,0.0
482526543,482526544,0,0.0
482526544,482526545,0,0.0
482526545,482526546,0,0.0
482526546,482526547,0,0.0
482526547,482526548,0,0.0
482526548,482526549,0,0.0
482526549,482526550,0,0.0
482526550,482526551,0,0.0
482526551,482526552,0,0.0
482526552,482526553,0,0.0
482526553,482526554,0,0.0
482526554,482526555,0,0.0
482526555,482526556,0,0.0
482526556,482526557,0,0.0
482526557,482526558,0,0.0
482526558,482526559,0,0.0
482526559,482526560,0,0.0
482526560,482526561,0,0.0
482526561,482526562,0,0.0
482526562,482526563,0,0.0
482526563,482526564,0,0.0
482526564,482526565,0,0.0
482526565,482526566,0,0.0
482526566,482526567,0,0.0
482526567,482526568,0,0.0
482526568,482526569,0,0.0
482526569,482526570,0,0.0
482526570,482526571,0,0.0
482526571,482526572,0,0.0
482526572,482526573,0,0.0
482526573,482526574,0,0.0
482526574,482526575,0,0.0
482526575,482526576,0,0.0
482526576,482526577,0,0.0
482526577,482526578,0,0.0
482526578,482526579,0,0.0
482526579,482526580,0,0.0
482526580,482526581,0,0.0
482526581,482526582,0,0.0
482526582,482526583,0,0.0
482526583,482526584,0,0.0
482526584,482526585,0,0.0
482526585,482526586,0,0.0
482526586,482526587,0,0.0
482526587,482526588,0,0.0
482526588,482526589,0,0.0
482526589,482526590,2409,0.002409
482526590,482526591,3,3e-06
482526591,482526592,11,1.1e-05
482526592,482526593,3,3e-06
482526593,482526594,154,0.000154
482526594,482526595,47,4.7e-05
482526595,482526596,47,4.7e-05
482526596,482526597,21,2.1e-05
482526597,482526598,6,6e-06
482526598,482526599,87,8.7e-05
482526599,482526600,12,1.2e-05
482526600,482526601,44,4.4e-05
482526601,482526602,67,6.7e-05
482526602,482526603,14,1.4e-05
482526603,482526604,3,3e-06
482526604,482526605,38,3.8e-05
482526605,482526606,6,6e-06
482526606,482526607,1,1e-06
482526607,482526608,3,3e-06
482526608,482526609,19,1.9e-05
482526609,482526610,3,3e-06
482526610,482526611,4,4e-06
482526611,482526612,37,3.7e-05
482526612,482526613,18,1.8e-05
482526613,482526614,3,3e-06
482526614,482526615,16,1.6e-05
482526615,482526616,9,9e-06
482526616,482526617,69,6.9e-05
482526617,482526618,45,4.5e-05
482526618,482526619,15,1.5e-05
482526619,482526620,3,3e-06
482526620,482526621,19,1.9e-05
482526621,482526622,9,9e-06
482526622,482526623,25,2.5e-05
482526623,482526624,1,1e-06
482526624,482526625,3,3e-06
482526625,482526626,30,3e-05
482526626,482526627,34,3.4e-05
482526627,482526628,7,7e-06
482526628,482526629,4,4e-06
482526629,482526630,61,6.1e-05
482526630,482526631,7,7e-06
482526631,482526632,40,4e-05
482526632,482526633,24,2.4e-05
482526633,482526634,14,1.4e-05
482526634,482526635,7,7e-06
482526635,482526636,69,6.9e-05
482526636,482526637,14,1.4e-05
482526637,482526638,72,7.2e-05
482526638,482526639,57,5.7e-05
482526639,482526640,99,9.9e-05
482526640,482526641,43,4.3e-05
482526641,482526642,127,0.000127
482526642,482526643,72,7.2e-05
482526643,482526644,6,6e-06
482526644,482526645,5,5e-06
482526645,482526646,38,3.8e-05
482526646,482526647,5,5e-06
482526647,482526648,334,0.000334
482526648,482526649,42,4.2e-05
482526649,482526650,193,0.000193
482526650,482526651,227,0.000227
482526651,482526652,74,7.4e-05
482526652,482526653,185,0.000185
482526653,482526654,129,0.000129
482526654,482526655,89,8.9e-05
482526655,482526656,40,4e-05
482526656,482526657,15,1.5e-05
482526657,482526658,64,6.4e-05
482526658,482526659,31,3.1e-05
482526659,482526660,62,6.2e-05
482526660,482526661,157,0.000157
482526661,482526662,346,0.000346
482526662,482526663,76,7.6e-05
482526663,482526664,97,9.7e-05
482526664,482526665,27,2.7e-05
482526665,482526666,40,4e-05
482526666,482526667,37,3.7e-05
482526667,482526668,236,0.000236
482526668,482526669,1,1e-06
482526669,482526670,140,0.00014
482526670,482526671,24,2.4e-05
482526671,482526672,194,0.000194
482526672,482526673,15,1.5e-05
482526673,482526674,554,0.000554
482526674,482526675,420,0.00042
482526675,482526676,515,0.000515
482526676,482526677,129,0.000129
482526677,482526678,46,4.6e-05
482526678,482526679,3,3e-06
482526679,482526680,15,1.5e-05
482526680,482526681,348,0.000348
482526681,482526682,330,0.00033
482526682,482526683,192,0.000192
482526683,482526684,21,2.1e-05
482526684,482526685,275,0.000275
482526685,482526686,57,5.7e-05
482526686,482526687,264,0.000264
482526687,482526688,250,0.00025
482526688,482526689,295,0.000295
482526689,482526690,622,0.000622
482526690,482526691,58,5.8e-05
482526691,482526692,204,0.000204
482526692,482526693,1257,0.001257
482526693,482526694,293,0.000293
482526694,482526695,1079,0.001079
482526695,482526696,28,2.8e-05
482526696,482526697,694,0.000694
482526697,482526698,188,0.000188
482526698,482526699,14,1.4e-05
482526699,482526700,144,0.000144
482526700,482526701,282,0.000282
482526701,482526702,400,0.0004
482526702,482526703,129,0.000129
482526703,482526704,253,0.000253
482526704,482526705,799,0.000799
482526705,482526706,577,0.000577
482526706,482526707,1037,0.001037
482526707,482526708,464,0.000464
482526708,482526709,675,0.000675
482526709,482526710,503,0.000503
482526710,482526711,90,9e-05
482526711,482526712,0,0.0
482526712,482526713,0,0.0
482526713,482526714,84,8.4e-05
482526714,482526715,2106,0.002106
482526715,482526716,832,0.000832
482526716,482526717,1486,0.001486
482526717,482526718,647,0.000647
482526718,482526719,0,0.0
482526719,482526720,0,0.0
482526720,482526721,15514,0.015514
482526721,482526722,115006,0.115006
482526722,482526723,86497,0.086497
482526723,482526724,636577,0.636577
482526724,482526725,776054,0.776054
482526725,482526726,774156,0.774156
482526726,482526727,0,0.0
482526727,482526728,0,0.0
482526728,482526729,45629,0.045629
482526729,482526730,120298,0.120298
482526730,482526731,875,0.000875
482526731,482526732,488106,0.488106
482526732,482526733,3736,0.003736
482526733,482526734,0,0.0
482526734,482526735,0,0.0
482526735,482526736,0,0.0
482526736,482526737,5731927,5.731927
482526737,482526738,2215064,2.215064
482526738,482526739,0,0.0
482526739,482526740,0,0.0
482526740,482526741,29368576,29.368576
482526741,482526742,6863197,6.863197
482526742,482526743,0,0.0
482526743,482526744,0,0.0
482526744,482526745,0,0.0
482526745,482526746,11393932,11.393932
482526746,482526747,0,0.0
482526747,482526748,5559209,5.559209
482526748,482526749,0,0.0
482526749,482526750,4242147,4.242147
482526750,482526751,0,0.0
482526751,482526752,0,0.0
482526752,482526753,275438,0.275438
482526753,482526754,0,0.0
482526754,482526755,3453875,3.453875
482526755,482526756,0,0.0
482526756,482526757,0,0.0
482526757,482526758,0,0.0
482526758,482526759,0,0.0
482526759,482526760,0,0.0
482526760,482526761,884140,0.88414
482526761,482526762,0,0.0
482526762,482526763,1742744,1.742744
482526763,482526764,2030512,2.030512
482526764,482526765,1188551,1.188551
482526765,482526766,1427000,1.427
482526766,482526767,4525379,4.525379
482526767,482526768,0,0.0
482526768,482526769,0,0.0
482526769,482526770,2766566,2.766566
482526770,482526771,0,0.0
482526771,482526772,0,0.0
482526772,482526773,2763108,2.763108
482526773,482526774,0,0.0
482526774,482526775,6598867,6.598867
482526775,482526776,3389180,3.38918
482526776,482526777,0,0.0
482526777,482526778,0,0.0
482526778,482526779,0,0.0
482526779,482526780,0,0.0
482526780,482526781,0,0.0
482526781,482526782,0,0.0
482526782,482526783,0,0.0
482526783,482526784,1349479,1.349479
482526784,482526785,0,0.0
482526785,482526786,5255494,5.255494
482526786,482526787,127,0.000127
482526787,482526788,5101,0.005101
482526788,482526789,1201699,1.201699
482526789,482526790,3953984,3.953984
482526790,482526791,1252669,1.252669
482526791,482526792,0,0.0
482526792,482526793,2030072,2.030072
482526793,482526794,0,0.0
482526794,482526795,0,0.0
482526795,482526796,0,0.0
482526796,482526797,0,0.0
482526797,482526798,0,0.0
482526798,482526799,0,0.0
482526799,482526800,3235615,3.235615
482526800,482526801,0,0.0
482526801,482526802,17727810,17.72781
482526802,482526803,1113276,1.113276
482526803,482526804,0,0.0
482526804,482526805,0,0.0
482526805,482526806,0,0.0
482526806,482526807,0,0.0
482526807,482526808,0,0.0
482526808,482526809,0,0.0
482526809,482526810,0,0.0
482526810,482526811,0,0.0
482526811,482526812,4869,0.004869
482526812,482526813,166,0.000166
482526813,482526814,348,0.000348
482526814,482526815,61,6.1e-05
482526815,482526816,296,0.000296
482526816,482526817,7872,0.007872
482526817,482526818,7864,0.007864
482526818,482526819,6771,0.006771
482526819,482526820,7388,0.007388
482526820,482526821,6492,0.006492
482526821,482526822,1129,0.001129
482526822,482526823,13168,0.013168
482526823,482526824,445,0.000445
482526824,482526825,331,0.000331
482526825,482526826,16,1.6e-05
482526826,482526827,4433,0.004433
482526827,482526828,0,0.0
482526828,482526829,0,0.0
482526829,482526830,69153,0.069153
482526830,482526831,67384,0.067384
482526831,482526832,9017,0.009017
482526832,482526833,0,0.0
482526833,482526834,8436110,8.43611
482526834,482526835,97286,0.097286
482526835,482526836,108827,0.108827
482526836,482526837,48942,0.048942
482526837,482526838,72397,0.072397
482526838,482526839,8633,0.008633
482526839,482526840,11032,0.011032
482526840,482526841,0,0.0
482526841,482526842,0,0.0
482526842,482526843,349412,0.349412
482526843,482526844,99107,0.099107
482526844,482526845,0,0.0
482526845,482526846,0,0.0
482526846,482526847,0,0.0
482526847,482526848,931137,0.931137
482526848,482526849,0,0.0
482526849,482526850,7191,0.007191
482526850,482526851,157166,0.157166
482526851,482526852,0,0.0
482526852,482526853,1210229,1.210229
482526853,482526854,0,0.0
482526854,482526855,0,0.0
482526855,482526856,0,0.0
482526856,482526857,0,0.0
482526857,482526858,0,0.0
482526858,482526859,0,0.0
482526859,482526860,0,0.0
482526860,482526861,0,0.0
482526861,482526862,0,0.0
482526862,482526863,0,0.0
482526863,482526864,0,0.0
482526864,482526865,0,0.0
482526865,482526866,0,0.0
482526866,482526867,0,0.0
482526867,482526868,0,0.0
482526868,482526869,0,0.0
482526869,482526870,0,0.0
482526870,482526871,349287,0.349287
482526871,482526872,0,0.0
482526872,482526873,1175336,1.175336
482526873,482526874,1027832,1.027832
482526874,482526875,0,0.0
482526875,482526876,0,0.0
482526876,482526877,0,0.0
482526877,482526878,0,0.0
482526878,482526879,0,0.0
482526879,482526880,94846,0.094846
482526880,482526881,27977,0.027977
482526881,482526882,104857,0.104857
482526882,482526883,0,0.0
482526883,482526884,0,0.0
482526884,482526885,0,0.0
482526885,482526886,2220860,2.22086
482526886,482526887,0,0.0
482526887,482526888,0,0.0
482526888,482526889,0,0.0
482526889,482526890,0,0.0
482526890,482526891,0,0.0
482526891,482526892,0,0.0
482526892,482526893,0,0.0
482526893,482526894,0,0.0
482526894,482526895,0,0.0
482526895,482526896,0,0.0
482526896,482526897,0,0.0
482526897,482526898,0,0.0
482526898,482526899,0,0.0
482526899,482526900,0,0.0
482526900,482526901,0,0.0
482526901,482526902,304290,0.30429
482526902,482526903,0,0.0
482526903,482526904,2871307,2.871307
482526904,482526905,0,0.0
482526905,482526906,0,0.0
482526906,482526907,0,0.0
482526907,482526908,0,0.0
482526908,482526909,0,0.0
482526909,482526910,0,0.0
482526910,482526911,0,0.0
482526911,482526912,0,0.0
482526912,482526913,0,0.0
482526913,482526914,0,0.0
482526914,482526915,0,0.0
482526915,482526916,0,0.0
482526916,482526917,0,0.0
482526917,482526918,1839206,1.839206
482526918,482526919,3080683,3.080683
482526919,482526920,152555,0.152555
482526920,482526921,13030,0.01303
482526921,482526922,7687,0.007687
482526922,482526923,7982,0.007982
482526923,482526924,9351,0.009351
482526924,482526925,520818,0.520818
482526925,482526926,814145,0.814145
482526926,482526927,0,0.0
482526927,482526928,0,0.0
482526928,482526929,1462884,1.462884
482526929,482526930,3709906,3.709906
482526930,482526931,0,0.0
482526931,482526932,0,0.0
482526932,482526933,0,0.0
482526933,482526934,1146379,1.146379
482526934,482526935,4836924,4.836924
482526935,482526936,808,0.000808
482526936,482526937,1848,0.001848
482526937,482526938,7740,0.00774
482526938,482526939,230439,0.230439
482526939,482526940,9562,0.009562
482526940,482526941,446325,0.446325
482526941,482526942,0,0.0
482526942,482526943,0,0.0
482526943,482526944,33718,0.033718
482526944,482526945,2494,0.002494
482526945,482526946,0,0.0
482526946,482526947,0,0.0
482526947,482526948,3949287,3.949287
482526948,482526949,11080821,11.080821
482526949,482526950,0,0.0
482526950,482526951,11,1.1e-05
482526951,482526952,258748,0.258748
482526952,482526953,2874182,2.874182
482526953,482526954,8712459,8.712459
482526954,482526955,4786610,4.78661
482526955,482526956,0,0.0
482526956,482526957,1546670,1.54667
482526957,482526958,235440,0.23544
482526958,482526959,8051616,8.051616
482526959,482526960,259735,0.259735
482526960,482526961,1077417,1.077417
482526961,482526962,159414,0.159414
482526962,482526963,128144,0.128144
482526963,482526964,0,0.0
482526964,482526965,0,0.0
482526965,482526966,72525,0.072525
482526966,482526967,7317,0.007317
482526967,482526968,0,0.0
482526968,482526969,318237,0.318237
482526969,482526970,36851,0.036851
482526970,482526971,430101,0.430101
482526971,482526972,13009,0.013009
482526972,482526973,124523,0.124523
482526973,482526974,972430,0.97243
482526974,482526975,3655,0.003655
482526975,482526976,0,0.0
482526976,482526977,0,0.0
482526977,482526978,0,0.0
482526978,482526979,10331550,10.33155
482526979,482526980,4998194,4.998194
482526980,482526981,272719,0.272719
482526981,482526982,6512933,6.512933
482526982,482526983,4048011,4.048011
482526983,482526984,1814525,1.814525
482526984,482526985,0,0.0
482526985,482526986,2607377,2.607377
482526986,482526987,3006041,3.006041
482526987,482526988,4627473,4.627473
482526988,482526989,0,0.0
482526989,482526990,6002700,6.0027
482526990,482526991,3377663,3.377663
482526991,482526992,0,0.0
482526992,482526993,0,0.0
482526993,482526994,977265,0.977265
482526994,482526995,0,0.0
482526995,482526996,0,0.0
482526996,482526997,172340,0.17234
482526997,482526998,5524,0.005524
482526998,482526999,0,0.0
482526999,482527000,0,0.0
482527000,482527001,4746627,4.746627
482527001,482527002,2212563,2.212563
482527002,482527003,1016726,1.016726
482527003,482527004,0,0.0
482527004,482527005,0,0.0
482527005,482527006,0,0.0
482527006,482527007,6787207,6.787207
482527007,482527008,0,0.0
482527008,482527009,0,0.0
482527009,482527010,0,0.0
482527010,482527011,1011,0.001011
482527011,482527012,0,0.0
482527012,482527013,0,0.0
482527013,482527014,2873101,2.873101
482527014,482527015,0,0.0
482527015,482527016,725778,0.725778
482527016,482527017,0,0.0
482527017,482527018,59161,0.059161
482527018,482527019,0,0.0
482527019,482527020,532,0.000532
482527020,482527021,107,0.000107
482527021,482527022,0,0.0
482527022,482527023,67,6.7e-05
482527023,482527024,0,0.0
482527024,482527025,1046696,1.046696
482527025,482527026,772558,0.772558
482527026,482527027,16090,0.01609
482527027,482527028,356893,0.356893
482527028,482527029,0,0.0
482527029,482527030,962800,0.9628
482527030,482527031,1035,0.001035
482527031,482527032,0,0.0
482527032,482527033,0,0.0
482527033,482527034,0,0.0
482527034,482527035,0,0.0
482527035,482527036,0,0.0
482527036,482527037,0,0.0
482527037,482527038,0,0.0
482527038,482527039,179,0.000179
482527039,482527040,368,0.000368
482527040,482527041,8,8e-06
482527041,482527042,0,0.0
482527042,482527043,1977910,1.97791
482527043,482527044,0,0.0
482527044,482527045,3552,0.003552
482527045,482527046,871689,0.871689
482527046,482527047,0,0.0
482527047,482527048,0,0.0
482527048,482527049,518293,0.518293
482527049,482527050,1754481,1.754481
482527050,482527051,190929,0.190929
482527051,482527052,7052581,7.052581
482527052,482527053,1508304,1.508304
482527053,482527054,1784086,1.784086
482527054,482527055,2465534,2.465534
482527055,482527056,0,0.0
482527056,482527057,2438671,2.438671
482527057,482527058,0,0.0
482527058,482527059,5105119,5.105119
482527059,482527060,8654082,8.654082
482527060,482527061,0,0.0
482527061,482527062,0,0.0
482527062,482527063,6853558,6.853558
482527063,482527064,7307976,7.307976
482527064,482527065,0,0.0
482527065,482527066,6007206,6.007206
482527066,482527067,0,0.0
482527067,482527068,834909,0.834909
482527068,482527069,0,0.0
482527069,482527070,12074291,12.074291
482527070,482527071,0,0.0
482527071,482527072,0,0.0
482527072,482527073,3209799,3.209799
482527073,482527074,0,0.0
482527074,482527075,6900741,6.900741
482527075,482527076,7056093,7.056093
482527076,482527077,4044062,4.044062
482527077,482527078,0,0.0
482527078,482527079,0,0.0
482527079,482527080,0,0.0
482527080,482527081,5583794,5.583794
482527081,482527082,3228454,3.228454
482527082,482527083,206852,0.206852
482527083,482527084,3896311,3.896311
482527084,482527085,0,0.0
482527085,482527086,0,0.0
482527086,482527087,0,0.0
482527087,482527088,10124775,10.124775
482527088,482527089,22355,0.022355
482527089,482527090,301147,0.301147
482527090,482527091,962463,0.962463
482527091,482527092,69827,0.069827
482527092,482527093,359571,0.359571
482527093,482527094,0,0.0
482527094,482527095,0,0.0
482527095,482527096,0,0.0
482527096,482527097,759125,0.759125
482527097,482527098,0,0.0
482527098,482527099,0,0.0
482527099,482527100,0,0.0
482527100,482527101,0,0.0
482527101,482527102,4164,0.004164
482527102,482527103,0,0.0
482527103,482527104,0,0.0
482527104,482527105,3449013,3.449013
482527105,482527106,0,0.0
482527106,482527107,0,0.0
482527107,482527108,597435,0.597435
482527108,482527109,0,0.0
482527109,482527110,3211441,3.211441
482527110,482527111,12526190,12.52619
482527111,482527112,0,0.0
482527112,482527113,210382,0.210382
482527113,482527114,160635,0.160635
482527114,482527115,0,0.0
482527115,482527116,0,0.0
482527116,482527117,255005,0.255005
482527117,482527118,703619,0.703619
482527118,482527119,48094,0.048094
482527119,482527120,124555,0.124555
482527120,482527121,6979214,6.979214
482527121,482527122,2267439,2.267439
482527122,482527123,11989,0.011989
482527123,482527124,3177239,3.177239
482527124,482527125,3214507,3.214507
482527125,482527126,0,0.0
482527126,482527127,441090,0.44109
482527127,482527128,0,0.0
482527128,482527129,613552,0.613552
482527129,482527130,6547499,6.547499
482527130,482527131,3871607,3.871607
482527131,482527132,35805,0.035805
482527132,482527133,1149211,1.149211
482527133,482527134,0,0.0
482527134,482527135,4373595,4.373595
482527135,482527136,1194698,1.194698
482527136,482527137,3340261,3.340261
482527137,482527138,0,0.0
482527138,482527139,0,0.0
482527139,482527140,0,0.0
482527140,482527141,9865,0.009865
482527141,482527142,68978,0.068978
482527142,482527143,0,0.0
482527143,482527144,0,0.0
482527144,482527145,3768636,3.768636
482527145,482527146,0,0.0
482527146,482527147,0,0.0
482527147,482527148,0,0.0
482527148,482527149,0,0.0
482527149,482527150,0,0.0
482527150,482527151,833458,0.833458
482527151,482527152,1714298,1.714298
482527152,482527153,1867284,1.867284
482527153,482527154,0,0.0
482527154,482527155,0,0.0
482527155,482527156,0,0.0
482527156,482527157,2534356,2.534356
482527157,482527158,2768692,2.768692
482527158,482527159,1005327,1.005327
482527159,482527160,2405350,2.40535
482527160,482527161,0,0.0
482527161,482527162,6274969,6.274969
482527162,482527163,0,0.0
482527163,482527164,0,0.0
482527164,482527165,3209809,3.209809
482527165,482527166,99765,0.099765
482527166,482527167,3412233,3.412233
482527167,482527168,0,0.0
482527168,482527169,2211963,2.211963
482527169,482527170,10550362,10.550362
482527170,482527171,7036394,7.036394
482527171,482527172,0,0.0
482527172,482527173,0,0.0
482527173,482527174,0,0.0
482527174,482527175,146,0.000146
482527175,482527176,0,0.0
482527176,482527177,0,0.0
482527177,482527178,6745735,6.745735
482527178,482527179,0,0.0
482527179,482527180,0,0.0
482527180,482527181,9260,0.00926
482527181,482527182,60927,0.060927
482527182,482527183,0,0.0
482527183,482527184,0,0.0
482527184,482527185,0,0.0
482527185,482527186,1189,0.001189
482527186,482527187,5,5e-06
482527187,482527188,2061,0.002061
482527188,482527189,12062777,12.062777
482527189,482527190,5262920,5.26292
482527190,482527191,0,0.0
482527191,482527192,5113795,5.113795
482527192,482527193,1058527,1.058527
482527193,482527194,0,0.0
482527194,482527195,0,0.0
482527195,482527196,0,0.0
482527196,482527197,0,0.0
482527197,482527198,16717970,16.71797
482527198,482527199,0,0.0
482527199,482527200,0,0.0
482527200,482527201,0,0.0
482527201,482527202,0,0.0
482527202,482527203,0,0.0
482527203,482527204,0,0.0
482527204,482527205,0,0.0
482527205,482527206,0,0.0
482527206,482527207,0,0.0
482527207,482527208,0,0.0
482527208,482527209,0,0.0
482527209,482527210,0,0.0
482527210,482527211,0,0.0
482527211,482527212,0,0.0
482527212,482527213,0,0.0
482527213,482527214,0,0.0
482527214,482527215,0,0.0
482527215,482527216,0,0.0
482527216,482527217,0,0.0
482527217,482527218,0,0.0
482527218,482527219,0,0.0
482527219,482527220,0,0.0
482527220,482527221,0,0.0
482527221,482527222,0,0.0
482527222,482527223,0,0.0
482527223,482527224,0,0.0
482527224,482527225,0,0.0
482527225,482527226,0,0.0
482527226,482527227,0,0.0
482527227,482527228,0,0.0
482527228,482527229,0,0.0
482527229,482527230,0,0.0
482527230,482527231,0,0.0
482527231,482527232,0,0.0
482527232,482527233,0,0.0
482527233,482527234,0,0.0
482527234,482527235,0,0.0
482527235,482527236,0,0.0
482527236,482527237,0,0.0
482527237,482527238,0,0.0
482527238,482527239,0,0.0
482527239,482527240,0,0.0
482527240,482527241,0,0.0
482527241,482527242,0,0.0
482527242,482527243,0,0.0
482527243,482527244,0,0.0
482527244,482527245,0,0.0
482527245,482527246,0,0.0
482527246,482527247,0,0.0
482527247,482527248,0,0.0
482527248,482527249,0,0.0
482527249,482527250,0,0.0
482527250,482527251,0,0.0
482527251,482527252,0,0.0
482527252,482527253,0,0.0
482527253,482527254,0,0.0
482527254,482527255,0,0.0
482527255,482527256,0,0.0
482527256,482527257,0,0.0
482527257,482527258,0,0.0
482527258,482527259,0,0.0
482527259,482527260,0,0.0
482527260,482527261,0,0.0
482527261,482527262,0,0.0
482527262,482527263,0,0.0
482527263,482527264,0,0.0
482527264,482527265,0,0.0
482527265,482527266,0,0.0
482527266,482527267,0,0.0
482527267,482527268,0,0.0
482527268,482527269,0,0.0
482527269,482527270,0,0.0
482527270,482527271,0,0.0
482527271,482527272,0,0.0
482527272,482527273,0,0.0
482527273,482527274,0,0.0
482527274,482527275,0,0.0
482527275,482527276,0,0.0
482527276,482527277,0,0.0
482527277,482527278,0,0.0
482527278,482527279,0,0.0
482527279,482527280,0,0.0
482527280,482527281,0,0.0
482527281,482527282,0,0.0
482527282,482527283,0,0.0
482527283,482527284,0,0.0
482527284,482527285,0,0.0
482527285,482527286,0,0.0
482527286,482527287,0,0.0
482527287,482527288,0,0.0
482527288,482527289,0,0.0
482527289,482527290,0,0.0
482527290,482527291,0,0.0
482527291,482527292,0,0.0
482527292,482527293,0,0.0
482527293,482527294,0,0.0
482527294,482527295,0,0.0
482527295,482527296,0,0.0
482527296,482527297,0,0.0
482527297,482527298,0,0.0
482527298,482527299,0,0.0
482527299,482527300,0,0.0
482527300,482527301,0,0.0
482527301,482527302,0,0.0
482527302,482527303,0,0.0
482527303,482527304,0,0.0
482527304,482527305,0,0.0
482527305,482527306,0,0.0
482527306,482527307,0,0.0
482527307,482527308,0,0.0
482527308,482527309,0,0.0
482527309,482527310,0,0.0
482527310,482527311,0,0.0
482527311,482527312,3175,0.003175
482527312,482527313,0,0.0
482527313,482527314,1226,0.001226
482527314,482527315,494,0.000494
482527315,482527316,4989,0.004989
482527316,482527317,0,0.0
482527317,482527318,0,0.0
482527318,482527319,0,0.0
482527319,482527320,0,0.0
482527320,482527321,718,0.000718
482527321,482527322,5912,0.005912
482527322,482527323,7244,0.007244
482527323,482527324,0,0.0
482527324,482527325,9412,0.009412
482527325,482527326,7237,0.007237
482527326,482527327,7110,0.00711
482527327,482527328,0,0.0
482527328,482527329,7158,0.007158
482527329,482527330,0,0.0
482527330,482527331,0,0.0
482527331,482527332,0,0.0
482527332,482527333,1256009,1.256009
482527333,482527334,448549,0.448549
482527334,482527335,0,0.0
482527335,482527336,0,0.0
482527336,482527337,0,0.0
482527337,482527338,5327627,5.327627
482527338,482527339,51200,0.0512
482527339,482527340,250182,0.250182
482527340,482527341,0,0.0
482527341,482527342,0,0.0
482527342,482527343,0,0.0
482527343,482527344,0,0.0
482527344,482527345,0,0.0
482527345,482527346,0,0.0
482527346,482527347,0,0.0
482527347,482527348,0,0.0
482527348,482527349,805402,0.805402
482527349,482527350,0,0.0
482527350,482527351,0,0.0
482527351,482527352,503051,0.503051
482527352,482527353,1002386,1.002386
482527353,482527354,2764853,2.764853
482527354,482527355,611179,0.611179
482527355,482527356,369380,0.36938
482527356,482527357,230,0.00023
482527357,482527358,3368,0.003368
482527358,482527359,0,0.0
482527359,482527360,0,0.0
482527360,482527361,0,0.0
482527361,482527362,9684210,9.68421
482527362,482527363,9741635,9.741635
482527363,482527364,2489819,2.489819
482527364,482527365,3860152,3.860152
482527365,482527366,114146,0.114146
482527366,482527367,3217533,3.217533
482527367,482527368,0,0.0
482527368,482527369,0,0.0
482527369,482527370,2891,0.002891
482527370,482527371,210761,0.210761
482527371,482527372,0,0.0
482527372,482527373,0,0.0
482527373,482527374,0,0.0
482527374,482527375,0,0.0
482527375,482527376,3811875,3.811875
482527376,482527377,3686918,3.686918
482527377,482527378,22509,0.022509
482527378,482527379,1024113,1.024113
482527379,482527380,359764,0.359764
482527380,482527381,0,0.0
482527381,482527382,840775,0.840775
482527382,482527383,429783,0.429783
482527383,482527384,0,0.0
482527384,482527385,0,0.0
482527385,482527386,0,0.0
482527386,482527387,0,0.0
482527387,482527388,0,0.0
482527388,482527389,182183,0.182183
482527389,482527390,639116,0.639116
482527390,482527391,165806,0.165806
482527391,482527392,8191532,8.191532
482527392,482527393,2674843,2.674843
482527393,482527394,0,0.0
482527394,482527395,0,0.0
482527395,482527396,4156600,4.1566
482527396,482527397,7216876,7.216876
482527397,482527398,134733,0.134733
482527398,482527399,15857,0.015857
482527399,482527400,14788,0.014788
482527400,482527401,15098,0.015098
482527401,482527402,11600,0.0116
482527402,482527403,7620,0.00762
482527403,482527404,25245,0.025245
482527404,482527405,405098,0.405098
482527405,482527406,2610,0.00261
482527406,482527407,0,0.0
482527407,482527408,0,0.0
482527408,482527409,583065,0.583065
482527409,482527410,0,0.0
482527410,482527411,0,0.0
482527411,482527412,0,0.0
482527412,482527413,6336733,6.336733
482527413,482527414,3085870,3.08587
482527414,482527415,3306324,3.306324
482527415,482527416,0,0.0
482527416,482527417,0,0.0
482527417,482527418,3295,0.003295
482527418,482527419,1023,0.001023
482527419,482527420,1561,0.001561
482527420,482527421,0,0.0
482527421,482527422,0,0.0
482527422,482527423,14742403,14.742403
482527423,482527424,0,0.0
482527424,482527425,3871763,3.871763
482527425,482527426,281868,0.281868
482527426,482527427,693492,0.693492
482527427,482527428,3983571,3.983571
482527428,482527429,4444783,4.444783
482527429,482527430,1568679,1.568679
482527430,482527431,4076653,4.076653
482527431,482527432,0,0.0
482527432,482527433,0,0.0
482527433,482527434,185077,0.185077
482527434,482527435,1418163,1.418163
482527435,482527436,643449,0.643449
482527436,482527437,156401,0.156401
482527437,482527438,980619,0.980619
482527438,482527439,0,0.0
482527439,482527440,0,0.0
482527440,482527441,2885303,2.885303
482527441,482527442,1175887,1.175887
482527442,482527443,5310126,5.310126
482527443,482527444,0,0.0
482527444,482527445,0,0.0
482527445,482527446,12431544,12.431544
482527446,482527447,0,0.0
482527447,482527448,0,0.0
482527448,482527449,2792,0.002792
482527449,482527450,0,0.0
482527450,482527451,9302947,9.302947
482527451,482527452,580952,0.580952
482527452,482527453,0,0.0
482527453,482527454,992709,0.992709
482527454,482527455,3372508,3.372508
482527455,482527456,0,0.0
482527456,482527457,2733651,2.733651
482527457,482527458,817312,0.817312
482527458,482527459,0,0.0
482527459,482527460,0,0.0
482527460,482527461,5290172,5.290172
482527461,482527462,2274199,2.274199
482527462,482527463,0,0.0
482527463,482527464,0,0.0
482527464,482527465,0,0.0
482527465,482527466,0,0.0
482527466,482527467,0,0.0
482527467,482527468,8033661,8.033661
482527468,482527469,0,0.0
482527469,482527470,242812,0.242812
482527470,482527471,0,0.0
482527471,482527472,7734501,7.734501
482527472,482527473,0,0.0
482527473,482527474,5252323,5.252323
482527474,482527475,0,0.0
482527475,482527476,0,0.0
482527476,482527477,0,0.0
482527477,482527478,1740304,1.740304
482527478,482527479,5129341,5.129341
482527479,482527480,0,0.0
482527480,482527481,1060586,1.060586
482527481,482527482,1110309,1.110309
482527482,482527483,1272631,1.272631
482527483,482527484,343803,0.343803
482527484,482527485,712286,0.712286
482527485,482527486,473645,0.473645
482527486,482527487,371557,0.371557
482527487,482527488,337905,0.337905
482527488,482527489,3683,0.003683
482527489,482527490,1884,0.001884
482527490,482527491,2053,0.002053
482527491,482527492,0,0.0
482527492,482527493,0,0.0
482527493,482527494,0,0.0
482527494,482527495,2037,0.002037
482527495,482527496,446,0.000446
482527496,482527497,1649,0.001649
482527497,482527498,191,0.000191
482527498,482527499,99,9.9e-05
482527499,482527500,99,9.9e-05
482527500,482527501,14,1.4e-05
482527501,482527502,9,9e-06
482527502,482527503,0,0.0
482527503,482527504,0,0.0
482527504,482527505,999355,0.999355
482527505,482527506,3332225,3.332225
482527506,482527507,0,0.0
482527507,482527508,11066011,11.066011
482527508,482527509,0,0.0
482527509,482527510,1991116,1.991116
482527510,482527511,0,0.0
482527511,482527512,0,0.0
482527512,482527513,12520877,12.520877
482527513,482527514,3539234,3.539234
482527514,482527515,3123855,3.123855
482527515,482527516,0,0.0
482527516,482527517,0,0.0
482527517,482527518,0,0.0
482527518,482527519,0,0.0
482527519,482527520,0,0.0
482527520,482527521,0,0.0
482527521,482527522,2344367,2.344367
482527522,482527523,1215408,1.215408
482527523,482527524,2248821,2.248821
482527524,482527525,521073,0.521073
482527525,482527526,11536427,11.536427
482527526,482527527,3163309,3.163309
482527527,482527528,0,0.0
482527528,482527529,0,0.0
482527529,482527530,18034047,18.034047
482527530,482527531,0,0.0
482527531,482527532,0,0.0
482527532,482527533,6734456,6.734456
482527533,482527534,177535,0.177535
482527534,482527535,2662,0.002662
482527535,482527536,298337,0.298337
482527536,482527537,6646321,6.646321
482527537,482527538,0,0.0
482527538,482527539,3748893,3.748893
482527539,482527540,0,0.0
482527540,482527541,3017350,3.01735
482527541,482527542,5234828,5.234828
482527542,482527543,4173843,4.173843
482527543,482527544,0,0.0
482527544,482527545,3997143,3.997143
482527545,482527546,0,0.0
482527546,482527547,5637786,5.637786
482527547,482527548,0,0.0
482527548,482527549,12155573,12.155573
482527549,482527550,86381,0.086381
482527550,482527551,0,0.0
482527551,482527552,0,0.0
482527552,482527553,0,0.0
482527553,482527554,0,0.0
482527554,482527555,0,0.0
482527555,482527556,5481604,5.481604
482527556,482527557,0,0.0
482527557,482527558,4019361,4.019361
482527558,482527559,0,0.0
482527559,482527560,0,0.0
482527560,482527561,0,0.0
482527561,482527562,282233,0.282233
482527562,482527563,0,0.0
482527563,482527564,0,0.0
482527564,482527565,1863431,1.863431
482527565,482527566,5027783,5.027783
482527566,482527567,0,0.0
482527567,482527568,0,0.0
482527568,482527569,1085770,1.08577
482527569,482527570,0,0.0
482527570,482527571,0,0.0
482527571,482527572,5321409,5.321409
482527572,482527573,73335,0.073335
482527573,482527574,0,0.0
482527574,482527575,0,0.0
482527575,482527576,4705203,4.705203
482527576,482527577,0,0.0
482527577,482527578,1664353,1.664353
482527578,482527579,0,0.0
482527579,482527580,0,0.0
482527580,482527581,0,0.0
482527581,482527582,0,0.0
482527582,482527583,0,0.0
482527583,482527584,0,0.0
482527584,482527585,0,0.0
482527585,482527586,1676966,1.676966
482527586,482527587,2644839,2.644839
482527587,482527588,0,0.0
482527588,482527589,0,0.0
482527589,482527590,2920997,2.920997
482527590,482527591,0,0.0
482527591,482527592,0,0.0
482527592,482527593,0,0.0
482527593,482527594,0,0.0
482527594,482527595,0,0.0
482527595,482527596,0,0.0
482527596,482527597,0,0.0
482527597,482527598,1088,0.001088
482527598,482527599,0,0.0
482527599,482527600,255942,0.255942
482527600,482527601,17151819,17.151819
482527601,482527602,0,0.0
482527602,482527603,2412674,2.412674
482527603,482527604,212,0.000212
482527604,482527605,3,3e-06
482527605,482527606,1521,0.001521
482527606,482527607,4014622,4.014622
482527607,482527608,0,0.0
482527608,482527609,0,0.0
482527609,482527610,71422,0.071422
482527610,482527611,475151,0.475151
482527611,482527612,2298613,2.298613
482527612,482527613,1249471,1.249471
482527613,482527614,0,0.0
482527614,482527615,0,0.0
482527615,482527616,0,0.0
482527616,482527617,0,0.0
482527617,482527618,0,0.0
482527618,482527619,0,0.0
482527619,482527620,1690008,1.690008
482527620,482527621,7449993,7.449993
482527621,482527622,3926530,3.92653
482527622,482527623,0,0.0
482527623,482527624,0,0.0
482527624,482527625,165,0.000165
482527625,482527626,0,0.0
482527626,482527627,6206382,6.206382
482527627,482527628,6438624,6.438624
482527628,482527629,0,0.0
482527629,482527630,0,0.0
482527630,482527631,1755794,1.755794
482527631,482527632,0,0.0
482527632,482527633,7872227,7.872227
482527633,482527634,8480284,8.480284
482527634,482527635,15279114,15.279114
482527635,482527636,3196618,3.196618
482527636,482527637,40274238,40.274238
482527637,482527638,0,0.0
482527638,482527639,0,0.0
482527639,482527640,6016193,6.016193
482527640,482527641,0,0.0
482527641,482527642,0,0.0
482527642,482527643,3816455,3.816455
482527643,482527644,0,0.0
482527644,482527645,0,0.0
482527645,482527646,0,0.0
482527646,482527647,0,0.0
482527647,482527648,14094678,14.094678
482527648,482527649,10509990,10.50999
482527649,482527650,0,0.0
482527650,482527651,0,0.0
482527651,482527652,0,0.0
482527652,482527653,0,0.0
482527653,482527654,0,0.0
482527654,482527655,0,0.0
482527655,482527656,0,0.0
482527656,482527657,0,0.0
482527657,482527658,0,0.0
482527658,482527659,675,0.000675
482527659,482527660,0,0.0
482527660,482527661,7199,0.007199
482527661,482527662,0,0.0
482527662,482527663,0,0.0
482527663,482527664,0,0.0
482527664,482527665,2030,0.00203
482527665,482527666,1824,0.001824
482527666,482527667,1913,0.001913
482527667,482527668,0,0.0
482527668,482527669,38039,0.038039
482527669,482527670,0,0.0
482527670,482527671,0,0.0
482527671,482527672,0,0.0
482527672,482527673,20446,0.020446
482527673,482527674,1745,0.001745
482527674,482527675,97483,0.097483
482527675,482527676,667492,0.667492
482527676,482527677,0,0.0
482527677,482527678,0,0.0
482527678,482527679,4809198,4.809198
482527679,482527680,0,0.0
482527680,482527681,2153898,2.153898
482527681,482527682,0,0.0
482527682,482527683,0,0.0
482527683,482527684,390965,0.390965
482527684,482527685,18438192,18.438192
482527685,482527686,0,0.0
482527686,482527687,1072748,1.072748
482527687,482527688,0,0.0
482527688,482527689,356,0.000356
482527689,482527690,11343610,11.34361
482527690,482527691,0,0.0
482527691,482527692,2002310,2.00231
482527692,482527693,4762890,4.76289
482527693,482527694,0,0.0
482527694,482527695,0,0.0
482527695,482527696,1360999,1.360999
482527696,482527697,12753729,12.753729
482527697,482527698,1750533,1.750533
482527698,482527699,0,0.0
482527699,482527700,1434653,1.434653
482527700,482527701,2048033,2.048033
482527701,482527702,0,0.0
482527702,482527703,0,0.0
482527703,482527704,2386803,2.386803
482527704,482527705,0,0.0
482527705,482527706,0,0.0
482527706,482527707,2405244,2.405244
482527707,482527708,0,0.0
482527708,482527709,14722378,14.722378
482527709,482527710,1545245,1.545245
482527710,482527711,168,0.000168
482527711,482527712,7,7e-06
482527712,482527713,3106,0.003106
482527713,482527714,1322,0.001322
482527714,482527715,342993,0.342993
482527715,482527716,7662,0.007662
482527716,482527717,106121,0.106121
482527717,482527718,0,0.0
482527718,482527719,0,0.0
482527719,482527720,0,0.0
482527720,482527721,0,0.0
482527721,482527722,0,0.0
482527722,482527723,0,0.0
482527723,482527724,234108,0.234108
482527724,482527725,1614875,1.614875
482527725,482527726,37119,0.037119
482527726,482527727,939,0.000939
482527727,482527728,16308,0.016308
482527728,482527729,782009,0.782009
482527729,482527730,6869397,6.869397
482527730,482527731,10175935,10.175935
482527731,482527732,2418218,2.418218
482527732,482527733,19384,0.019384
482527733,482527734,41815,0.041815
482527734,482527735,34584,0.034584
482527735,482527736,60666,0.060666
482527736,482527737,155633,0.155633
482527737,482527738,574861,0.574861
482527738,482527739,19505,0.019505
482527739,482527740,8698,0.008698
482527740,482527741,11389,0.011389
482527741,482527742,7997,0.007997
482527742,482527743,10461,0.010461
482527743,482527744,22828,0.022828
482527744,482527745,44330,0.04433
482527745,482527746,2350,0.00235
482527746,482527747,47327,0.047327
482527747,482527748,1744,0.001744
482527748,482527749,835,0.000835
482527749,482527750,0,0.0
482527750,482527751,0,0.0
482527751,482527752,0,0.0
482527752,482527753,538614,0.538614
482527753,482527754,5587722,5.587722
482527754,482527755,4809011,4.809011
482527755,482527756,2435796,2.435796
482527756,482527757,3108281,3.108281
482527757,482527758,543357,0.543357
482527758,482527759,6971455,6.971455
482527759,482527760,24291604,24.291604
482527760,482527761,0,0.0
482527761,482527762,0,0.0
482527762,482527763,11913285,11.913285
482527763,482527764,0,0.0
482527764,482527765,0,0.0
482527765,482527766,0,0.0
482527766,482527767,0,0.0
482527767,482527768,0,0.0
482527768,482527769,4424372,4.424372
482527769,482527770,3153723,3.153723
482527770,482527771,820680,0.82068
482527771,482527772,1190745,1.190745
482527772,482527773,0,0.0
482527773,482527774,0,0.0
482527774,482527775,0,0.0
482527775,482527776,29917170,29.91717
482527776,482527777,0,0.0
482527777,482527778,0,0.0
482527778,482527779,0,0.0
482527779,482527780,0,0.0
482527780,482527781,0,0.0
482527781,482527782,0,0.0
482527782,482527783,0,0.0
482527783,482527784,2246431,2.246431
482527784,482527785,11826527,11.826527
482527785,482527786,2343806,2.343806
482527786,482527787,666006,0.666006
482527787,482527788,23326,0.023326
482527788,482527789,26036,0.026036
482527789,482527790,0,0.0
482527790,482527791,0,0.0
482527791,482527792,0,0.0
482527792,482527793,40391,0.040391
482527793,482527794,0,0.0
482527794,482527795,0,0.0
482527795,482527796,0,0.0
482527796,482527797,6493,0.006493
482527797,482527798,4182907,4.182907
482527798,482527799,0,0.0
482527799,482527800,9089030,9.08903
482527800,482527801,381153,0.381153
482527801,482527802,0,0.0
482527802,482527803,0,0.0
482527803,482527804,4157916,4.157916
482527804,482527805,0,0.0
482527805,482527806,0,0.0
482527806,482527807,0,0.0
482527807,482527808,0,0.0
482527808,482527809,129452,0.129452
482527809,482527810,6843670,6.84367
482527810,482527811,6234168,6.234168
482527811,482527812,5784792,5.784792
482527812,482527813,0,0.0
482527813,482527814,1343100,1.3431
482527814,482527815,974692,0.974692
482527815,482527816,86702,0.086702
482527816,482527817,9115,0.009115
482527817,482527818,2596,0.002596
482527818,482527819,0,0.0
482527819,482527820,0,0.0
482527820,482527821,0,0.0
482527821,482527822,0,0.0
482527822,482527823,1907441,1.907441
482527823,482527824,6161239,6.161239
482527824,482527825,10216,0.010216
482527825,482527826,364697,0.364697
482527826,482527827,221173,0.221173
482527827,482527828,0,0.0
482527828,482527829,14964,0.014964
482527829,482527830,3142982,3.142982
482527830,482527831,25966,0.025966
482527831,482527832,16105,0.016105
482527832,482527833,0,0.0
482527833,482527834,2949,0.002949
482527834,482527835,0,0.0
482527835,482527836,0,0.0
482527836,482527837,0,0.0
482527837,482527838,13548515,13.548515
482527838,482527839,20251555,20.251555
482527839,482527840,2062764,2.062764
482527840,482527841,0,0.0
482527841,482527842,6544114,6.544114
482527842,482527843,1739729,1.739729
482527843,482527844,0,0.0
482527844,482527845,0,0.0
482527845,482527846,10210,0.01021
482527846,482527847,228237,0.228237
482527847,482527848,7736,0.007736
482527848,482527849,0,0.0
482527849,482527850,0,0.0
482527850,482527851,1872046,1.872046
482527851,482527852,251097,0.251097
482527852,482527853,0,0.0
482527853,482527854,0,0.0
482527854,482527855,1486563,1.486563
482527855,482527856,2060060,2.06006
482527856,482527857,2317749,2.317749
482527857,482527858,0,0.0
482527858,482527859,9112749,9.112749
482527859,482527860,0,0.0
482527860,482527861,0,0.0
482527861,482527862,0,0.0
482527862,482527863,11158216,11.158216
482527863,482527864,513596,0.513596
482527864,482527865,20911341,20.911341
482527865,482527866,14310731,14.310731
482527866,482527867,0,0.0
482527867,482527868,0,0.0
482527868,482527869,7615963,7.615963
482527869,482527870,20207856,20.207856
482527870,482527871,0,0.0
482527871,482527872,0,0.0
482527872,482527873,10720893,10.720893
482527873,482527874,0,0.0
482527874,482527875,0,0.0
482527875,482527876,13,1.3e-05
482527876,482527877,14240,0.01424
482527877,482527878,0,0.0
482527878,482527879,0,0.0
482527879,482527880,0,0.0
482527880,482527881,0,0.0
482527881,482527882,2451250,2.45125
482527882,482527883,0,0.0
482527883,482527884,14394077,14.394077
482527884,482527885,5733846,5.733846
482527885,482527886,0,0.0
482527886,482527887,0,0.0
482527887,482527888,3896307,3.896307
482527888,482527889,5656523,5.656523
482527889,482527890,14026142,14.026142
482527890,482527891,791704,0.791704
482527891,482527892,0,0.0
482527892,482527893,0,0.0
482527893,482527894,16730283,16.730283
482527894,482527895,0,0.0
482527895,482527896,0,0.0
482527896,482527897,954,0.000954
482527897,482527898,0,0.0
482527898,482527899,0,0.0
482527899,482527900,0,0.0
482527900,482527901,0,0.0
482527901,482527902,0,0.0
482527902,482527903,6006417,6.006417
482527903,482527904,12971452,12.971452
482527904,482527905,0,0.0
482527905,482527906,791847,0.791847
482527906,482527907,1617204,1.617204
482527907,482527908,0,0.0
482527908,482527909,0,0.0
482527909,482527910,29741,0.029741
482527910,482527911,0,0.0
482527911,482527912,0,0.0
482527912,482527913,0,0.0
482527913,482527914,17093556,17.093556
482527914,482527915,0,0.0
482527915,482527916,0,0.0
482527916,482527917,5291675,5.291675
482527917,482527918,128968,0.128968
482527918,482527919,716943,0.716943
482527919,482527920,496171,0.496171
482527920,482527921,10626,0.010626
482527921,482527922,0,0.0
482527922,482527923,0,0.0
482527923,482527924,0,0.0
482527924,482527925,0,0.0
482527925,482527926,0,0.0
482527926,482527927,0,0.0
482527927,482527928,145606,0.145606
482527928,482527929,367568,0.367568
482527929,482527930,148511,0.148511
482527930,482527931,0,0.0
482527931,482527932,31279300,31.2793
482527932,482527933,0,0.0
482527933,482527934,7387297,7.387297
482527934,482527935,0,0.0
482527935,482527936,0,0.0
482527936,482527937,4081218,4.081218
482527937,482527938,23358818,23.358818
482527938,482527939,0,0.0
482527939,482527940,0,0.0
482527940,482527941,794741,0.794741
482527941,482527942,8185725,8.185725
482527942,482527943,1655077,1.655077
482527943,482527944,0,0.0
482527944,482527945,0,0.0
482527945,482527946,918718,0.918718
482527946,482527947,0,0.0
482527947,482527948,0,0.0
482527948,482527949,14161558,14.161558
482527949,482527950,0,0.0
482527950,482527951,0,0.0
482527951,482527952,0,0.0
482527952,482527953,124326,0.124326
482527953,482527954,92225,0.092225
482527954,482527955,3294,0.003294
482527955,482527956,0,0.0
482527956,482527957,0,0.0
482527957,482527958,0,0.0
482527958,482527959,0,0.0
482527959,482527960,2271327,2.271327
482527960,482527961,820886,0.820886
482527961,482527962,0,0.0
482527962,482527963,0,0.0
482527963,482527964,0,0.0
482527964,482527965,0,0.0
482527965,482527966,0,0.0
482527966,482527967,9685161,9.685161
482527967,482527968,0,0.0
482527968,482527969,0,0.0
482527969,482527970,2543111,2.543111
482527970,482527971,0,0.0
482527971,482527972,0,0.0
482527972,482527973,0,0.0
482527973,482527974,0,0.0
482527974,482527975,0,0.0
482527975,482527976,10692320,10.69232
482527976,482527977,1548241,1.548241
482527977,482527978,0,0.0
482527978,482527979,0,0.0
482527979,482527980,0,0.0
482527980,482527981,0,0.0
482527981,482527982,0,0.0
482527982,482527983,0,0.0
482527983,482527984,0,0.0
482527984,482527985,2125535,2.125535
482527985,482527986,0,0.0
482527986,482527987,0,0.0
482527987,482527988,0,0.0
482527988,482527989,671705,0.671705
482527989,482527990,6429579,6.429579
482527990,482527991,0,0.0
482527991,482527992,0,0.0
482527992,482527993,2715677,2.715677
482527993,482527994,11558378,11.558378
482527994,482527995,0,0.0
482527995,482527996,2324221,2.324221
482527996,482527997,9191846,9.191846
482527997,482527998,0,0.0
482527998,482527999,0,0.0
482527999,482528000,0,0.0
482528000,482528001,120137,0.120137
482528001,482528002,1032504,1.032504
482528002,482528003,204314,0.204314
482528003,482528004,2606,0.002606
482528004,482528005,388255,0.388255
482528005,482528006,0,0.0
482528006,482528007,0,0.0
482528007,482528008,14033698,14.033698
482528008,482528009,0,0.0
482528009,482528010,0,0.0
482528010,482528011,23087994,23.087994
482528011,482528012,1057833,1.057833
482528012,482528013,7304895,7.304895
482528013,482528014,9749532,9.749532
482528014,482528015,0,0.0
482528015,482528016,0,0.0
482528016,482528017,0,0.0
482528017,482528018,0,0.0
482528018,482528019,0,0.0
482528019,482528020,0,0.0
482528020,482528021,0,0.0
482528021,482528022,0,0.0
482528022,482528023,38661457,38.661457
482528023,482528024,0,0.0
482528024,482528025,0,0.0
482528025,482528026,0,0.0
482528026,482528027,0,0.0
482528027,482528028,12,1.2e-05
482528028,482528029,0,0.0
482528029,482528030,3278355,3.278355
482528030,482528031,10226024,10.226024
482528031,482528032,0,0.0
482528032,482528033,0,0.0
482528033,482528034,0,0.0
482528034,482528035,0,0.0
482528035,482528036,5185747,5.185747
