trade_id,timestamp_microseconds
482524746,1735776004130016
482524747,1735776015196046
482524748,1735776015405650
482524749,1735776018570190
482524750,1735776020875695
482524751,1735776054149815
482524752,1735776067817286
482524753,1735776067817286
482524754,1735776067817286
482524755,1735776067817286
482524756,1735776067817286
482524757,1735776067817286
482524758,1735776067817286
482524759,1735776067817286
482524760,1735776067817286
482524761,1735776067817462
482524762,1735776067817608
482524763,1735776067817608
482524764,1735776067817608
482524765,1735776067818271
482524766,1735776067818271
482524767,1735776067818271
482524768,1735776067818271
482524769,1735776067818271
482524770,1735776069242596
482524771,1735776084867967
482524772,1735776090056326
482524773,1735776104238391
482524774,1735776104238391
482524775,1735776107319332
482524776,1735776107319332
482524777,1735776111572424
482524778,1735776117849895
482524779,1735776118299297
482524780,1735776123008208
482524781,1735776165750536
482524782,1735776165752553
482524783,1735776165752575
482524784,1735776165752575
482524785,1735776165752575
482524786,1735776165753159
482524787,1735776165753159
482524788,1735776165753159
482524789,1735776165753159
482524790,1735776193454845
482524791,1735776201195091
482524792,1735776205756415
482524793,1735776214320960
482524794,1735776240268172
482524795,1735776242873152
482524796,1735776250570445
482524797,1735776257102299
482524798,1735776257102299
482524799,1735776260236483
482524800,1735776272725177
482524801,1735776275712353
482524802,1735776275712353
482524803,1735776275712353
482524804,1735776275712353
482524805,1735776275712353
482524806,1735776283448924
482524807,1735776283448924
482524808,1735776283448924
482524809,1735776283986838
482524810,1735776283986838
482524811,1735776283986838
482524812,1735776288050454
482524813,1735776288050454
482524814,1735776288050454
482524815,1735776304844576
482524816,1735776319849897
482524817,1735776322933348
482524818,1735776322933348
482524819,1735776322933348
482524820,1735776323788264
482524821,1735776328496700
482524822,1735776343998847
482524823,1735776343998847
482524824,1735776343998847
482524825,1735776360619686
482524826,1735776360619686
482524827,1735776376498140
482524828,1735776376498140
482524829,1735776376498140
482524830,1735776376498140
482524831,1735776378351864
482524832,1735776379697643
482524833,1735776383803832
482524834,1735776388842657
482524835,1735776389138169
482524836,1735776391159666
482524837,1735776405853072
482524838,1735776408053202
482524839,1735776409097764
482524840,1735776409097764
482524841,1735776418315146
482524842,1735776418315146
482524843,1735776418315146
482524844,1735776418315146
482524845,1735776418315146
482524846,1735776418315146
482524847,1735776418315146
482524848,1735776430241340
482524849,1735776430241340
482524850,1735776430241340
482524851,1735776430241340
482524852,1735776432292996
482524853,1735776432292996
482524854,1735776432292996
482524855,1735776432314934
482524856,1735776432386184
482524857,1735776445701736
482524858,1735776445701736
482524859,1735776445701736
482524860,1735776445701736
482524861,1735776457278812
482524862,1735776470131748
482524863,1735776470131748
482524864,1735776470131748
482524865,1735776471725811
482524866,1735776473908247
482524867,1735776475152906
482524868,1735776480965065
482524869,1735776480965065
482524870,1735776480965065
482524871,1735776511962110
482524872,1735776511962110
482524873,1735776521482331
482524874,1735776521693484
482524875,1735776533192850
482524876,1735776533622605
482524877,1735776533622605
482524878,1735776533622605
482524879,1735776533817207
482524880,1735776534386292
482524881,1735776534386292
482524882,1735776534386292
482524883,1735776534386292
482524884,1735776541144624
482524885,1735776546297453
482524886,1735776546297453
482524887,1735776546297453
482524888,1735776557115758
482524889,1735776568101748
482524890,1735776568101748
482524891,1735776594154878
482524892,1735776594154878
482524893,1735776594154878
482524894,1735776594154878
482524895,1735776594154878
482524896,1735776594154878
482524897,1735776594154878
482524898,1735776609533630
482524899,1735776609533630
482524900,1735776609533630
482524901,1735776609533630
482524902,1735776609533630
482524903,1735776609533630
482524904,1735776609533630
482524905,1735776609533630
482524906,1735776609533630
482524907,1735776609533630
482524908,1735776610732401
482524909,1735776625359545
482524910,1735776643848584
482524911,1735776643848584
482524912,1735776643848584
482524913,1735776655606246
482524914,1735776664668797
482524915,1735776683419894
482524916,1735776684389375
482524917,1735776684389375
482524918,1735776684389375
482524919,1735776684389375
482524920,1735776684389375
482524921,1735776684389375
482524922,1735776684389375
482524923,1735776684389375
482524924,1735776684389375
482524925,1735776684389375
482524926,1735776689650447
482524927,1735776689856814
482524928,1735776696016003
482524929,1735776704430356
482524930,1735776714195534
482524931,1735776718645948
482524932,1735776718645948
482524933,1735776718645948
482524934,1735776718645948
482524935,1735776718645948
482524936,1735776726852828
482524937,1735776728285609
482524938,1735776730455335
482524939,1735776738643000
482524940,1735776738643000
482524941,1735776738643000
482524942,1735776762367412
482524943,1735776765104450
482524944,1735776765104450
482524945,1735776765104450
482524946,1735776765104450
482524947,1735776789379809
482524948,1735776790793073
482524949,1735776819742847
482524950,1735776819742847
482524951,1735776819742847
482524952,1735776824633802
482524953,1735776827691302
482524954,1735776827691302
482524955,1735776827691302
482524956,1735776827691302
482524957,1735776827691302
482524958,1735776827691302
482524959,1735776827691302
482524960,1735776827691302
482524961,1735776827691302
482524962,1735776827691302
482524963,1735776827691302
482524964,1735776827691302
482524965,1735776827691302
482524966,1735776827691302
482524967,1735776827691302
482524968,1735776827691302
482524969,1735776827691302
482524970,1735776827691302
482524971,1735776827691302
482524972,1735776827691302
482524973,1735776827694883
482524974,1735776827694883
482524975,1735776827694883
482524976,1735776827694883
482524977,1735776827694883
482524978,1735776828182549
482524979,1735776836019757
482524980,1735776836025170
482524981,1735776836025170
482524982,1735776836028457
482524983,1735776836028547
482524984,1735776842745846
482524985,1735776842782580
482524986,1735776848248406
482524987,1735776848248406
482524988,1735776848248406
482524989,1735776848248406
482524990,1735776848248406
482524991,1735776857730126
482524992,1735776865042874
482524993,1735776877779262
482524994,1735776877779262
482524995,1735776877779262
482524996,1735776877779262
482524997,1735776877779262
482524998,1735776877779262
482524999,1735776877779262
482525000,1735776877779262
482525001,1735776877779262
482525002,1735776877779262
482525003,1735776915421690
482525004,1735776915421690
482525005,1735776915421690
482525006,1735776915421690
482525007,1735776915421690
482525008,1735776919678370
482525009,1735776919678370
482525010,1735776919678370
482525011,1735776919678370
482525012,1735776919678370
482525013,1735776919678370
482525014,1735776919678370
482525015,1735776919678370
482525016,1735776919678370
482525017,1735776919678370
482525018,1735776919678370
482525019,1735776919678370
482525020,1735776919678370
482525021,1735776919678370
482525022,1735776919678370
482525023,1735776919678370
482525024,1735776919678370
482525025,1735776919678370
482525026,1735776919678370
482525027,1735776919678370
482525028,1735776919678370
482525029,1735776919678370
482525030,1735776919678370
482525031,1735776919678370
482525032,1735776919678370
482525033,1735776919678370
482525034,1735776919678370
482525035,1735776919678370
482525036,1735776919678370
482525037,1735776919678370
482525038,1735776919678370
482525039,1735776919678370
482525040,1735776919678370
482525041,1735776919678370
482525042,1735776919678370
482525043,1735776919678370
482525044,1735776919678370
482525045,1735776941276526
482525046,1735776941276526
482525047,1735776941276526
482525048,1735776941276526
482525049,1735776941276526
482525050,1735776948902199
482525051,1735776948902199
482525052,1735776948902199
482525053,1735776948902199
482525054,1735776948902199
482525055,1735776948902199
482525056,1735776949036438
482525057,1735776949321921
482525058,1735776950823300
482525059,1735776951336261
482525060,1735776951404017
482525061,1735776954309185
482525062,1735776954309502
482525063,1735776954309502
482525064,1735776963387572
482525065,1735776963387572
482525066,1735776971301780
482525067,1735776971301780
482525068,1735776972567266
482525069,1735776999650461
482525070,1735776999650461
482525071,1735776999650461
482525072,1735776999650461
482525073,1735777020443507
482525074,1735777020443507
482525075,1735777020443507
482525076,1735777020448175
482525077,1735777020452184
482525078,1735777020679182
482525079,1735777020741341
482525080,1735777020741341
482525081,1735777020741341
482525082,1735777021327348
482525083,1735777021560669
482525084,1735777021718513
482525085,1735777021727399
482525086,1735777021730419
482525087,1735777021795856
482525088,1735777022017543
482525089,1735777022931107
482525090,1735777022962356
482525091,1735777036022142
482525092,1735777036022142
482525093,1735777036022142
482525094,1735777036022142
482525095,1735777041020641
482525096,1735777043644165
482525097,1735777046780870
482525098,1735777046780870
482525099,1735777046780870
482525100,1735777048675736
482525101,1735777048675736
482525102,1735777048675736
482525103,1735777048675736
482525104,1735777048675736
482525105,1735777048831015
482525106,1735777052572879
482525107,1735777058992685
482525108,1735777058992685
482525109,1735777058992685
482525110,1735777062110210
482525111,1735777065459868
482525112,1735777065462090
482525113,1735777065462090
482525114,1735777065481110
482525115,1735777065498197
482525116,1735777065498271
482525117,1735777065504417
482525118,1735777065567375
482525119,1735777065567375
482525120,1735777065567375
482525121,1735777066175377
482525122,1735777075789025
482525123,1735777075789179
482525124,1735777075790391
482525125,1735777075790391
482525126,1735777075792565
482525127,1735777075798305
482525128,1735777102139504
482525129,1735777104006162
482525130,1735777104006162
482525131,1735777104006162
482525132,1735777111132911
482525133,1735777111137200
482525134,1735777111137200
482525135,1735777111184149
482525136,1735777115601333
482525137,1735777115601333
482525138,1735777115601333
482525139,1735777115601333
482525140,1735777124236667
482525141,1735777124236667
482525142,1735777124236667
482525143,1735777135736184
482525144,1735777148811854
482525145,1735777148811854
482525146,1735777148811854
482525147,1735777148811854
482525148,1735777149831183
482525149,1735777149831183
482525150,1735777149831183
482525151,1735777149831183
482525152,1735777150292352
482525153,1735777151983233
482525154,1735777152571011
482525155,1735777154110380
482525156,1735777154159398
482525157,1735777154159398
482525158,1735777156102020
482525159,1735777156102020
482525160,1735777156102020
482525161,1735777156619280
482525162,1735777157443399
482525163,1735777157443399
482525164,1735777157443399
482525165,1735777158078201
482525166,1735777158118538
482525167,1735777158193418
482525168,1735777158194081
482525169,1735777158200847
482525170,1735777162724376
482525171,1735777163392299
482525172,1735777163395217
482525173,1735777163432894
482525174,1735777165912325
482525175,1735777165912325
482525176,1735777165912325
482525177,1735777165912325
482525178,1735777167611019
482525179,1735777168936756
482525180,1735777168936756
482525181,1735777168936756
482525182,1735777168936756
482525183,1735777168936756
482525184,1735777168936756
482525185,1735777168936756
482525186,1735777168936756
482525187,1735777168936756
482525188,1735777168936756
482525189,1735777168936756
482525190,1735777168936756
482525191,1735777168936756
482525192,1735777168936756
482525193,1735777168936756
482525194,1735777168936756
482525195,1735777168936756
482525196,1735777168936756
482525197,1735777168936756
482525198,1735777168936756
482525199,1735777168936756
482525200,1735777170418160
482525201,1735777170423989
482525202,1735777170425202
482525203,1735777170425202
482525204,1735777170425202
482525205,1735777170425202
482525206,1735777170432409
482525207,1735777171622413
482525208,1735777171622413
482525209,1735777171622413
482525210,1735777174188062
482525211,1735777174188062
482525212,1735777174188062
482525213,1735777174188062
482525214,1735777177415973
482525215,1735777177415973
482525216,1735777177415973
482525217,1735777180362811
482525218,1735777180362811
482525219,1735777180362811
482525220,1735777180362811
482525221,1735777181268108
482525222,1735777181268108
482525223,1735777181268108
482525224,1735777183445854
482525225,1735777183445854
482525226,1735777186272659
482525227,1735777186621086
482525228,1735777189094543
482525229,1735777191139671
482525230,1735777191734551
482525231,1735777191881302
482525232,1735777191881302
482525233,1735777191881302
482525234,1735777192119595
482525235,1735777192123041
482525236,1735777194637684
482525237,1735777194647242
482525238,1735777196870065
482525239,1735777196870065
482525240,1735777196870065
482525241,1735777196870065
482525242,1735777197289428
482525243,1735777199944512
482525244,1735777202742389
482525245,1735777204870978
482525246,1735777205115185
482525247,1735777205115185
482525248,1735777205115185
482525249,1735777205115191
482525250,1735777205331236
482525251,1735777205799484
482525252,1735777205799484
482525253,1735777205799484
482525254,1735777205799484
482525255,1735777205799484
482525256,1735777205799484
482525257,1735777207965661
482525258,1735777218278321
482525259,1735777218278321
482525260,1735777218278321
482525261,1735777220671091
482525262,1735777220671091
482525263,1735777222591448
482525264,1735777222591448
482525265,1735777222592993
482525266,1735777223408469
482525267,1735777223408469
482525268,1735777223408469
482525269,1735777223408469
482525270,1735777231986590
482525271,1735777236309288
482525272,1735777236311241
482525273,1735777237528595
482525274,1735777237924667
482525275,1735777237924667
482525276,1735777240135170
482525277,1735777243252237
482525278,1735777244286542
482525279,1735777244350965
482525280,1735777244867076
482525281,1735777244867076
482525282,1735777244867076
482525283,1735777244867076
482525284,1735777247929147
482525285,1735777247929147
482525286,1735777247929147
482525287,1735777247930245
482525288,1735777252060488
482525289,1735777261200331
482525290,1735777261200331
482525291,1735777261200331
482525292,1735777262060915
482525293,1735777262096080
482525294,1735777262104208
482525295,1735777262104208
482525296,1735777262125430
482525297,1735777262352518
482525298,1735777262352518
482525299,1735777267566341
482525300,1735777273890393
482525301,1735777273890393
482525302,1735777273890393
482525303,1735777273912843
482525304,1735777273915162
482525305,1735777273973629
482525306,1735777274330740
482525307,1735777275240446
482525308,1735777275240446
482525309,1735777279573753
482525310,1735777285314869
482525311,1735777285317832
482525312,1735777285408856
482525313,1735777292656883
482525314,1735777292665392
482525315,1735777292666587
482525316,1735777293294946
482525317,1735777293294946
482525318,1735777296099008
482525319,1735777302797835
482525320,1735777302800613
482525321,1735777311579543
482525322,1735777311581642
482525323,1735777311589808
482525324,1735777322661030
482525325,1735777322661030
482525326,1735777322661030
482525327,1735777322661030
482525328,1735777322661030
482525329,1735777322661030
482525330,1735777322661030
482525331,1735777322661030
482525332,1735777322661030
482525333,1735777322661030
482525334,1735777322661030
482525335,1735777322661030
482525336,1735777322661030
482525337,1735777322661030
482525338,1735777322661030
482525339,1735777322661030
482525340,1735777322661030
482525341,1735777322661030
482525342,1735777322661030
482525343,1735777322661030
482525344,1735777322661030
482525345,1735777322661030
482525346,1735777322661030
482525347,1735777322661030
482525348,1735777322661030
482525349,1735777322661030
482525350,1735777322661030
482525351,1735777326520245
482525352,1735777326520245
482525353,1735777326520245
482525354,1735777330302554
482525355,1735777332449279
482525356,1735777338866652
482525357,1735777338869296
482525358,1735777338872038
482525359,1735777343160213
482525360,1735777343776021
482525361,1735777343776021
482525362,1735777343776021
482525363,1735777343776021
482525364,1735777343776021
482525365,1735777343776021
482525366,1735777343776021
482525367,1735777343776021
482525368,1735777343776021
482525369,1735777343776021
482525370,1735777343872426
482525371,1735777347586330
482525372,1735777348762301
482525373,1735777348762301
482525374,1735777348762301
482525375,1735777348767252
482525376,1735777352619995
482525377,1735777353113848
482525378,1735777360660487
482525379,1735777360660487
482525380,1735777360660487
482525381,1735777362879254
482525382,1735777362879254
482525383,1735777362879254
482525384,1735777362879254
482525385,1735777379830369
482525386,1735777382172317
482525387,1735777382172317
482525388,1735777387532261
482525389,1735777389500407
482525390,1735777389500407
482525391,1735777389500407
482525392,1735777389500407
482525393,1735777389500407
482525394,1735777390986772
482525395,1735777396721449
482525396,1735777397284819
482525397,1735777398830793
482525398,1735777402168913
482525399,1735777406067190
482525400,1735777406217292
482525401,1735777409870381
482525402,1735777410292654
482525403,1735777411090736
482525404,1735777411183291
482525405,1735777411183291
482525406,1735777411183291
482525407,1735777411183291
482525408,1735777411183291
482525409,1735777411183291
482525410,1735777416949552
482525411,1735777417881774
482525412,1735777417881774
482525413,1735777417881774
482525414,1735777417881774
482525415,1735777417881774
482525416,1735777417881774
482525417,1735777417881774
482525418,1735777417881774
482525419,1735777417881774
482525420,1735777417881774
482525421,1735777417881774
482525422,1735777417881774
482525423,1735777417881774
482525424,1735777417881774
482525425,1735777417881774
482525426,1735777417881774
482525427,1735777417881774
482525428,1735777417881774
482525429,1735777417881774
482525430,1735777417881774
482525431,1735777417881774
482525432,1735777417881774
482525433,1735777417881774
482525434,1735777417881774
482525435,1735777417881774
482525436,1735777417881774
482525437,1735777417881774
482525438,1735777417881774
482525439,1735777417881774
482525440,1735777417881774
482525441,1735777417881774
482525442,1735777417881774
482525443,1735777417881774
482525444,1735777417881774
482525445,1735777417881774
482525446,1735777417881774
482525447,1735777417881774
482525448,1735777417881774
482525449,1735777417881774
482525450,1735777417881774
482525451,1735777417881774
482525452,1735777417881774
482525453,1735777417913557
482525454,1735777417916391
482525455,1735777417926790
482525456,1735777417928169
482525457,1735777417932497
482525458,1735777417932844
482525459,1735777417934508
482525460,1735777417946720
482525461,1735777418679519
482525462,1735777418720517
482525463,1735777418988773
482525464,1735777418988773
482525465,1735777418988773
482525466,1735777418988773
482525467,1735777418988773
482525468,1735777418988773
482525469,1735777418988773
482525470,1735777418988773
482525471,1735777418988773
482525472,1735777418988773
482525473,1735777418988773
482525474,1735777418988773
482525475,1735777418988773
482525476,1735777418988773
482525477,1735777418988773
482525478,1735777418988773
482525479,1735777418988773
482525480,1735777418988773
482525481,1735777418988773
482525482,1735777418988773
482525483,1735777418988773
482525484,1735777418988773
482525485,1735777418988773
482525486,1735777418988773
482525487,1735777418988773
482525488,1735777418988773
482525489,1735777418988773
482525490,1735777418988773
482525491,1735777418988773
482525492,1735777418988773
482525493,1735777418988773
482525494,1735777418988773
482525495,1735777418988773
482525496,1735777418988773
482525497,1735777418988773
482525498,1735777418988773
482525499,1735777418988773
482525500,1735777418988773
482525501,1735777418988773
482525502,1735777419176332
482525503,1735777419338252
482525504,1735777421503563
482525505,1735777422268391
482525506,1735777422268391
482525507,1735777422268391
482525508,1735777422268391
482525509,1735777422268391
482525510,1735777422275860
482525511,1735777422275860
482525512,1735777422275860
482525513,1735777422275860
482525514,1735777422275860
482525515,1735777422275860
482525516,1735777422275860
482525517,1735777422275860
482525518,1735777422275860
482525519,1735777422275860
482525520,1735777422275860
482525521,1735777422275860
482525522,1735777422275860
482525523,1735777422275860
482525524,1735777422275860
482525525,1735777422275860
482525526,1735777422275860
482525527,1735777422275860
482525528,1735777422275860
482525529,1735777422275860
482525530,1735777422275860
482525531,1735777422275860
482525532,1735777422275860
482525533,1735777422275860
482525534,1735777422275860
482525535,1735777422275860
482525536,1735777422275860
482525537,1735777422275860
482525538,1735777422275860
482525539,1735777422275860
482525540,1735777422322962
482525541,1735777426123164
482525542,1735777426123164
482525543,1735777426123164
482525544,1735777426123164
482525545,1735777426123164
482525546,1735777426123164
482525547,1735777426123164
482525548,1735777426123164
482525549,1735777426123164
482525550,1735777426123164
482525551,1735777426123164
482525552,1735777426123164
482525553,1735777426123164
482525554,1735777426123164
482525555,1735777426123164
482525556,1735777426123164
482525557,1735777426171086
482525558,1735777426271616
482525559,1735777426284301
482525560,1735777426284301
482525561,1735777426284301
482525562,1735777427876863
482525563,1735777427876863
482525564,1735777427876863
482525565,1735777427877223
482525566,1735777427879626
482525567,1735777430110958
482525568,1735777430111651
482525569,1735777430111658
482525570,1735777430111895
482525571,1735777430111895
482525572,1735777430111895
482525573,1735777430111895
482525574,1735777430112279
482525575,1735777430112393
482525576,1735777430112393
482525577,1735777430112515
482525578,1735777430550289
482525579,1735777432566580
482525580,1735777432566580
482525581,1735777432566580
482525582,1735777432567390
482525583,1735777435715674
482525584,1735777435715674
482525585,1735777435715674
482525586,1735777435715674
482525587,1735777439208265
482525588,1735777439208265
482525589,1735777443628317
482525590,1735777443628317
482525591,1735777443628317
482525592,1735777443628317
482525593,1735777446027305
482525594,1735777446036579
482525595,1735777446041633
482525596,1735777446042082
482525597,1735777446042493
482525598,1735777446168947
482525599,1735777446168947
482525600,1735777446258807
482525601,1735777447422732
482525602,1735777447422732
482525603,1735777447422732
482525604,1735777447422732
482525605,1735777448306510
482525606,1735777451601605
482525607,1735777451601605
482525608,1735777453021566
482525609,1735777456179327
482525610,1735777464581451
482525611,1735777464581451
482525612,1735777464581451
482525613,1735777464583672
482525614,1735777464583672
482525615,1735777464588955
482525616,1735777464588955
482525617,1735777464805617
482525618,1735777464805617
482525619,1735777464805617
482525620,1735777464805617
482525621,1735777464805617
482525622,1735777464805617
482525623,1735777464805617
482525624,1735777464805617
482525625,1735777464805617
482525626,1735777464805617
482525627,1735777464805617
482525628,1735777464805617
482525629,1735777464805617
482525630,1735777464805617
482525631,1735777464805617
482525632,1735777464805617
482525633,1735777464805617
482525634,1735777464805617
482525635,1735777464805617
482525636,1735777464805617
482525637,1735777464805617
482525638,1735777464805617
482525639,1735777464805617
482525640,1735777464805617
482525641,1735777464805617
482525642,1735777464805617
482525643,1735777464805617
482525644,1735777464805617
482525645,1735777464805617
482525646,1735777464805617
482525647,1735777464805617
482525648,1735777464805617
482525649,1735777464805617
482525650,1735777464805617
482525651,1735777464805617
482525652,1735777464805617
482525653,1735777464805617
482525654,1735777464805617
482525655,1735777464805617
482525656,1735777464805617
482525657,1735777464805617
482525658,1735777464805617
482525659,1735777464805617
482525660,1735777464805617
482525661,1735777464805617
482525662,1735777464805617
482525663,1735777464805617
482525664,1735777464805617
482525665,1735777464805617
482525666,1735777464805617
482525667,1735777464805617
482525668,1735777464805617
482525669,1735777464805617
482525670,1735777464805617
482525671,1735777464805617
482525672,1735777464805617
482525673,1735777464805617
482525674,1735777464805617
482525675,1735777464805617
482525676,1735777464805617
482525677,1735777464805617
482525678,1735777464805617
482525679,1735777464805617
482525680,1735777464805617
482525681,1735777464805617
482525682,1735777464805617
482525683,1735777464805617
482525684,1735777464805617
482525685,1735777464805617
482525686,1735777464805617
482525687,1735777464805617
482525688,1735777464805617
482525689,1735777464805617
482525690,1735777464805617
482525691,1735777464805617
482525692,1735777464805617
482525693,1735777464805617
482525694,1735777464805617
482525695,1735777464805617
482525696,1735777464805617
482525697,1735777464805617
482525698,1735777464805617
482525699,1735777464805617
482525700,1735777464805617
482525701,1735777464805617
482525702,1735777464805617
482525703,1735777464805617
482525704,1735777464805617
482525705,1735777464805617
482525706,1735777464805617
482525707,1735777464805617
482525708,1735777464805617
482525709,1735777464805617
482525710,1735777464805617
482525711,1735777464805617
482525712,1735777464805617
482525713,1735777464805617
482525714,1735777464805617
482525715,1735777464805617
482525716,1735777464805617
482525717,1735777464805617
482525718,1735777464805617
482525719,1735777464805617
482525720,1735777464805617
482525721,1735777464805617
482525722,1735777464805617
482525723,1735777464805617
482525724,1735777464805617
482525725,1735777464805617
482525726,1735777464805617
482525727,1735777464805617
482525728,1735777464805617
482525729,1735777464805617
482525730,1735777464805617
482525731,1735777464805617
482525732,1735777464805617
482525733,1735777464805617
482525734,1735777464805617
482525735,1735777464805617
482525736,1735777464805617
482525737,1735777464805617
482525738,1735777464805617
482525739,1735777464805617
482525740,1735777464805617
482525741,1735777464805617
482525742,1735777464805617
482525743,1735777464805617
482525744,1735777464805617
482525745,1735777464805617
482525746,1735777464805617
482525747,1735777464805617
482525748,1735777464805617
482525749,1735777464805617
482525750,1735777464805617
482525751,1735777464805617
482525752,1735777464805617
482525753,1735777464805617
482525754,1735777464805617
482525755,1735777464805617
482525756,1735777464805617
482525757,1735777464805617
482525758,1735777464805617
482525759,1735777464805617
482525760,1735777464805617
482525761,1735777464805617
482525762,1735777464805617
482525763,1735777464805617
482525764,1735777464805617
482525765,1735777464805617
482525766,1735777464805617
482525767,1735777464805617
482525768,1735777464805617
482525769,1735777464805617
482525770,1735777464805617
482525771,1735777464805617
482525772,1735777464805617
482525773,1735777464805617
482525774,1735777464805617
482525775,1735777464805617
482525776,1735777464805617
482525777,1735777464805617
482525778,1735777464805617
482525779,1735777464805617
482525780,1735777464805617
482525781,1735777464805617
482525782,1735777464805617
482525783,1735777464805617
482525784,1735777464805617
482525785,1735777464805617
482525786,1735777464805617
482525787,1735777464805617
482525788,1735777464805617
482525789,1735777464805617
482525790,1735777464805617
482525791,1735777464805617
482525792,1735777464805617
482525793,1735777464805617
482525794,1735777464805617
482525795,1735777464805617
482525796,1735777464805617
482525797,1735777464805617
482525798,1735777464805617
482525799,1735777464805617
482525800,1735777464805617
482525801,1735777464805617
482525802,1735777464805617
482525803,1735777464805617
482525804,1735777464805617
482525805,1735777464805617
482525806,1735777464805617
482525807,1735777464805617
482525808,1735777464805617
482525809,1735777464805617
482525810,1735777464805617
482525811,1735777464805617
482525812,1735777464805617
482525813,1735777464805617
482525814,1735777464805617
482525815,1735777464805617
482525816,1735777464805617
482525817,1735777464805617
482525818,1735777464805617
482525819,1735777464805617
482525820,1735777464805617
482525821,1735777464805617
482525822,1735777464805617
482525823,1735777464805617
482525824,1735777464805617
482525825,1735777464805617
482525826,1735777464805617
482525827,1735777464805617
482525828,1735777464805617
482525829,1735777464805617
482525830,1735777464805617
482525831,1735777464805617
482525832,1735777464805617
482525833,1735777464805617
482525834,1735777464805617
482525835,1735777464805617
482525836,1735777464805617
482525837,1735777464805617
482525838,1735777464805617
482525839,1735777464805617
482525840,1735777464805617
482525841,1735777464805617
482525842,1735777464805617
482525843,1735777464805617
482525844,1735777464805617
482525845,1735777464805617
482525846,1735777464805617
482525847,1735777464805617
482525848,1735777464805617
482525849,1735777464805617
482525850,1735777464805617
482525851,1735777464805617
482525852,1735777464805617
482525853,1735777464805617
482525854,1735777464808695
482525855,1735777464808801
482525856,1735777464808804
482525857,1735777464808973
482525858,1735777464809152
482525859,1735777464809183
482525860,1735777464809250
482525861,1735777464809250
482525862,1735777464809328
482525863,1735777464809330
482525864,1735777464809600
482525865,1735777464811094
482525866,1735777464811207
482525867,1735777464811342
482525868,1735777464811480
482525869,1735777464811493
482525870,1735777464811568
482525871,1735777464811687
482525872,1735777464811886
482525873,1735777464811886
482525874,1735777464812063
482525875,1735777464812395
482525876,1735777464813078
482525877,1735777464813082
482525878,1735777464813999
482525879,1735777464817652
482525880,1735777465948004
482525881,1735777465948004
482525882,1735777465948004
482525883,1735777465948004
482525884,1735777466031340
482525885,1735777466203298
482525886,1735777467310880
482525887,1735777467320144
482525888,1735777467333353
482525889,1735777467340148
482525890,1735777467430951
482525891,1735777467440385
482525892,1735777467447069
482525893,1735777467455733
482525894,1735777467455733
482525895,1735777467464729
482525896,1735777467473020
482525897,1735777467481057
482525898,1735777467487973
482525899,1735777467494935
482525900,1735777467503117
482525901,1735777467509997
482525902,1735777467517374
482525903,1735777467527594
482525904,1735777467683241
482525905,1735777467683241
482525906,1735777467683241
482525907,1735777467683241
482525908,1735777467683241
482525909,1735777467683241
482525910,1735777467683241
482525911,1735777467683241
482525912,1735777467683241
482525913,1735777467683241
482525914,1735777467683241
482525915,1735777467683241
482525916,1735777467683241
482525917,1735777467683241
482525918,1735777467683241
482525919,1735777467683241
482525920,1735777467683241
482525921,1735777467683241
482525922,1735777467683241
482525923,1735777467683241
482525924,1735777467683241
482525925,1735777467683241
482525926,1735777467683241
482525927,1735777467683241
482525928,1735777467683241
482525929,1735777467683241
482525930,1735777467683241
482525931,1735777467683241
482525932,1735777467683241
482525933,1735777467683241
482525934,1735777467683241
482525935,1735777467683241
482525936,1735777467683241
482525937,1735777467683241
482525938,1735777467683241
482525939,1735777467683241
482525940,1735777467683241
482525941,1735777467683241
482525942,1735777467683241
482525943,1735777467683241
482525944,1735777467683241
482525945,1735777467683241
482525946,1735777467683241
482525947,1735777467683241
482525948,1735777467683241
482525949,1735777467685429
482525950,1735777467685640
482525951,1735777467685713
482525952,1735777467685717
482525953,1735777467685767
482525954,1735777467685790
482525955,1735777467685793
482525956,1735777467685814
482525957,1735777467685824
482525958,1735777467685848
482525959,1735777467685920
482525960,1735777467685933
482525961,1735777467685934
482525962,1735777467685941
482525963,1735777467685960
482525964,1735777467685983
482525965,1735777467685984
482525966,1735777467686033
482525967,1735777467686036
482525968,1735777467686042
482525969,1735777467686058
482525970,1735777467686074
482525971,1735777467686138
482525972,1735777467686142
482525973,1735777467686152
482525974,1735777467686198
482525975,1735777467686210
482525976,1735777467686246
482525977,1735777467686326
482525978,1735777467686356
482525979,1735777467686367
482525980,1735777467686383
482525981,1735777467686387
482525982,1735777467686387
482525983,1735777467686387
482525984,1735777467686387
482525985,1735777467686387
482525986,1735777467686403
482525987,1735777467686410
482525988,1735777467686618
482525989,1735777467686798
482525990,1735777467686838
482525991,1735777467686881
482525992,1735777467687046
482525993,1735777467687114
482525994,1735777467687114
482525995,1735777467687169
482525996,1735777467687187
482525997,1735777467687187
482525998,1735777467687187
482525999,1735777467687187
482526000,1735777467687187
482526001,1735777467687187
482526002,1735777467687187
482526003,1735777467687187
482526004,1735777467687187
482526005,1735777467687187
482526006,1735777467687187
482526007,1735777467687187
482526008,1735777467687187
482526009,1735777467687187
482526010,1735777467687812
482526011,1735777467688890
482526012,1735777467689049
482526013,1735777467689049
482526014,1735777467689049
482526015,1735777467689049
482526016,1735777467689049
482526017,1735777467689049
482526018,1735777467689088
482526019,1735777467689088
482526020,1735777467689088
482526021,1735777467689088
482526022,1735777467689111
482526023,1735777467689111
482526024,1735777467689111
482526025,1735777467689111
482526026,1735777467689268
482526027,1735777467689268
482526028,1735777467689272
482526029,1735777467689406
482526030,1735777467689549
482526031,1735777467689642
482526032,1735777467689971
482526033,1735777467690109
482526034,1735777467690109
482526035,1735777467690164
482526036,1735777467690164
482526037,1735777467690164
482526038,1735777467690164
482526039,1735777467690283
482526040,1735777467690283
482526041,1735777467690283
482526042,1735777467690283
482526043,1735777467690404
482526044,1735777467690545
482526045,1735777467690548
482526046,1735777467690712
482526047,1735777467692142
482526048,1735777467692142
482526049,1735777467698604
482526050,1735777467700119
482526051,1735777468115794
482526052,1735777468586061
482526053,1735777469667953
482526054,1735777469667953
482526055,1735777469667953
482526056,1735777469667953
482526057,1735777469667953
482526058,1735777469667953
482526059,1735777470399655
482526060,1735777473139990
482526061,1735777473139990
482526062,1735777473139990
482526063,1735777473139990
482526064,1735777477453680
482526065,1735777477510991
482526066,1735777477510991
482526067,1735777477510991
482526068,1735777477510991
482526069,1735777477510991
482526070,1735777477510991
482526071,1735777477510991
482526072,1735777478760764
482526073,1735777478760764
482526074,1735777479285933
482526075,1735777481052316
482526076,1735777481052316
482526077,1735777481052316
482526078,1735777481052316
482526079,1735777481052316
482526080,1735777481052316
482526081,1735777481583787
482526082,1735777481583787
482526083,1735777481583787
482526084,1735777481583787
482526085,1735777481583787
482526086,1735777481583787
482526087,1735777481583787
482526088,1735777481588190
482526089,1735777481588190
482526090,1735777481590890
482526091,1735777481590890
482526092,1735777481590890
482526093,1735777483105937
482526094,1735777483105937
482526095,1735777484392800
482526096,1735777487779545
482526097,1735777487779545
482526098,1735777487779545
482526099,1735777487779545
482526100,1735777488224599
482526101,1735777488615234
482526102,1735777489793230
482526103,1735777489793230
482526104,1735777489811676
482526105,1735777489813019
482526106,1735777489932077
482526107,1735777489932272
482526108,1735777490461124
482526109,1735777490643999
482526110,1735777492547744
482526111,1735777492547744
482526112,1735777492547744
482526113,1735777495523351
482526114,1735777495533332
482526115,1735777495885301
482526116,1735777498058892
482526117,1735777498058892
482526118,1735777498058892
482526119,1735777498058892
482526120,1735777505871083
482526121,1735777505871083
482526122,1735777505871083
482526123,1735777507703482
482526124,1735777511426637
482526125,1735777511426637
482526126,1735777512220219
482526127,1735777512220219
482526128,1735777512220219
482526129,1735777512220219
482526130,1735777512220219
482526131,1735777512220219
482526132,1735777512220219
482526133,1735777512220421
482526134,1735777512407048
482526135,1735777512407739
482526136,1735777512415179
482526137,1735777512415179
482526138,1735777512415179
482526139,1735777512415179
482526140,1735777512415179
482526141,1735777512415179
482526142,1735777512490345
482526143,1735777512490345
482526144,1735777512490345
482526145,1735777512490345
482526146,1735777512490345
482526147,1735777512490345
482526148,1735777512490345
482526149,1735777512490345
482526150,1735777512490345
482526151,1735777512663129
482526152,1735777512663129
482526153,1735777512664522
482526154,1735777512664522
482526155,1735777512664522
482526156,1735777512664522
482526157,1735777512667915
482526158,1735777512667915
482526159,1735777512667915
482526160,1735777514037588
482526161,1735777514038734
482526162,1735777514039261
482526163,1735777514043708
482526164,1735777514043708
482526165,1735777514043708
482526166,1735777514043708
482526167,1735777514043708
482526168,1735777514043708
482526169,1735777514043708
482526170,1735777514043708
482526171,1735777514043708
482526172,1735777514043708
482526173,1735777514043708
482526174,1735777514043708
482526175,1735777514043708
482526176,1735777514043708
482526177,1735777514043708
482526178,1735777514043708
482526179,1735777514043708
482526180,1735777514043708
482526181,1735777514043708
482526182,1735777514043708
482526183,1735777514043708
482526184,1735777514043708
482526185,1735777514043708
482526186,1735777514043708
482526187,1735777516038572
482526188,1735777516038572
482526189,1735777516039717
482526190,1735777517054172
482526191,1735777518852781
482526192,1735777518852781
482526193,1735777518852781
482526194,1735777518852943
482526195,1735777518871280
482526196,1735777518871349
482526197,1735777518871349
482526198,1735777518871349
482526199,1735777519916387
482526200,1735777521417998
482526201,1735777522214480
482526202,1735777530034025
482526203,1735777530502554
482526204,1735777530502554
482526205,1735777534702169
482526206,1735777534702169
482526207,1735777540035901
482526208,1735777540257791
482526209,1735777540257791
482526210,1735777547693135
482526211,1735777547693135
482526212,1735777547693135
482526213,1735777549447116
482526214,1735777549447116
482526215,1735777549447116
482526216,1735777549447116
482526217,1735777549447116
482526218,1735777550804065
482526219,1735777550804065
482526220,1735777551556698
482526221,1735777551556698
482526222,1735777551556698
482526223,1735777551556698
482526224,1735777553127963
482526225,1735777553491682
482526226,1735777553491682
482526227,1735777553491682
482526228,1735777553491682
482526229,1735777554752671
482526230,1735777554752966
482526231,1735777554753013
482526232,1735777554753091
482526233,1735777554753292
482526234,1735777554753570
482526235,1735777554753801
482526236,1735777554754471
482526237,1735777554754471
482526238,1735777554754471
482526239,1735777554754471
482526240,1735777554754471
482526241,1735777554754471
482526242,1735777554754585
482526243,1735777554754585
482526244,1735777554754864
482526245,1735777554755276
482526246,1735777554755276
482526247,1735777555085263
482526248,1735777555085263
482526249,1735777555085263
482526250,1735777555085263
482526251,1735777555744517
482526252,1735777555744517
482526253,1735777555744517
482526254,1735777556028127
482526255,1735777556028127
482526256,1735777556028127
482526257,1735777556028127
482526258,1735777556028127
482526259,1735777556028127
482526260,1735777556028127
482526261,1735777556028127
482526262,1735777556028127
482526263,1735777556028127
482526264,1735777556028127
482526265,1735777556028127
482526266,1735777556028127
482526267,1735777556028127
482526268,1735777556028127
482526269,1735777556028127
482526270,1735777556028127
482526271,1735777556028127
482526272,1735777556028127
482526273,1735777556028127
482526274,1735777556028127
482526275,1735777556028127
482526276,1735777556028127
482526277,1735777556028127
482526278,1735777556028127
482526279,1735777556028127
482526280,1735777556028127
482526281,1735777556028127
482526282,1735777556028127
482526283,1735777556028127
482526284,1735777556028127
482526285,1735777556236906
482526286,1735777556237330
482526287,1735777556237808
482526288,1735777556237808
482526289,1735777556237808
482526290,1735777556237808
482526291,1735777556237808
482526292,1735777556237808
482526293,1735777556237808
482526294,1735777556237808
482526295,1735777556237808
482526296,1735777556238391
482526297,1735777556239072
482526298,1735777556239295
482526299,1735777556240042
482526300,1735777556240042
482526301,1735777556240042
482526302,1735777556240042
482526303,1735777556240069
482526304,1735777556247066
482526305,1735777556247066
482526306,1735777556503095
482526307,1735777556512525
482526308,1735777556512525
482526309,1735777556512525
482526310,1735777556512525
482526311,1735777558339054
482526312,1735777558339054
482526313,1735777558339054
482526314,1735777558339054
482526315,1735777563712329
482526316,1735777564063131
482526317,1735777564063131
482526318,1735777564063131
482526319,1735777564516789
482526320,1735777564516789
482526321,1735777565667030
482526322,1735777565667030
482526323,1735777565667030
482526324,1735777566382003
482526325,1735777566382003
482526326,1735777566382003
482526327,1735777566382003
482526328,1735777566382694
482526329,1735777566382694
482526330,1735777568341885
482526331,1735777569748943
482526332,1735777569748943
482526333,1735777569748943
482526334,1735777569748943
482526335,1735777570186195
482526336,1735777570186195
482526337,1735777570186195
482526338,1735777570186195
482526339,1735777570186195
482526340,1735777570186195
482526341,1735777570358082
482526342,1735777571943299
482526343,1735777571943299
482526344,1735777571943299
482526345,1735777571943299
482526346,1735777571943299
482526347,1735777579760127
482526348,1735777579760127
482526349,1735777579760127
482526350,1735777579760127
482526351,1735777580322826
482526352,1735777580326755
482526353,1735777580328218
482526354,1735777580328218
482526355,1735777580387253
482526356,1735777580390112
482526357,1735777580390188
482526358,1735777580390576
482526359,1735777580390740
482526360,1735777580390740
482526361,1735777580390740
482526362,1735777580390740
482526363,1735777580390740
482526364,1735777580390740
482526365,1735777580390740
482526366,1735777580391696
482526367,1735777580391750
482526368,1735777580393050
482526369,1735777580837188
482526370,1735777581380926
482526371,1735777581380926
482526372,1735777581923699
482526373,1735777582998603
482526374,1735777583111351
482526375,1735777584084450
482526376,1735777584397103
482526377,1735777584397103
482526378,1735777584397103
482526379,1735777584397103
482526380,1735777584397103
482526381,1735777586161295
482526382,1735777586826714
482526383,1735777587086623
482526384,1735777587346835
482526385,1735777587891330
482526386,1735777588409565
482526387,1735777588409565
482526388,1735777588409565
482526389,1735777588409565
482526390,1735777589242247
482526391,1735777589761520
482526392,1735777590293387
482526393,1735777590297346
482526394,1735777590912510
482526395,1735777591292689
482526396,1735777591292689
482526397,1735777591292689
482526398,1735777591292689
482526399,1735777591325195
482526400,1735777591325195
482526401,1735777591868496
482526402,1735777592138171
482526403,1735777592365778
482526404,1735777593011794
482526405,1735777593135153
482526406,1735777593592233
482526407,1735777593592233
482526408,1735777593592233
482526409,1735777593610533
482526410,1735777593612873
482526411,1735777594132642
482526412,1735777595701643
482526413,1735777595701643
482526414,1735777595701643
482526415,1735777595800529
482526416,1735777598073520
482526417,1735777600006295
482526418,1735777600625961
482526419,1735777601212418
482526420,1735777601212418
482526421,1735777601724348
482526422,1735777602425940
482526423,1735777602576461
482526424,1735777602576461
482526425,1735777602576461
482526426,1735777602576461
482526427,1735777602576461
482526428,1735777603033581
482526429,1735777603033581
482526430,1735777603978318
482526431,1735777604626722
482526432,1735777605002214
482526433,1735777605003408
482526434,1735777605003408
482526435,1735777605003408
482526436,1735777605003408
482526437,1735777605152043
482526438,1735777605714577
482526439,1735777606243892
482526440,1735777606803549
482526441,1735777606803549
482526442,1735777606803549
482526443,1735777606803605
482526444,1735777606803605
482526445,1735777606803605
482526446,1735777606803605
482526447,1735777606814584
482526448,1735777606814584
482526449,1735777606814584
482526450,1735777607324901
482526451,1735777607845772
482526452,1735777609082321
482526453,1735777609082321
482526454,1735777609082321
482526455,1735777609082321
482526456,1735777610621984
482526457,1735777610621984
482526458,1735777610621984
482526459,1735777610621984
482526460,1735777622832888
482526461,1735777622832888
482526462,1735777622832888
482526463,1735777622832888
482526464,1735777622832888
482526465,1735777622832888
482526466,1735777622832888
482526467,1735777622832888
482526468,1735777627332065
482526469,1735777627332065
482526470,1735777629440710
482526471,1735777629440710
482526472,1735777629440710
482526473,1735777630519495
482526474,1735777630519495
482526475,1735777630519495
482526476,1735777630519495
482526477,1735777630519495
482526478,1735777630519495
482526479,1735777630950744
482526480,1735777630950744
482526481,1735777630950744
482526482,1735777630953718
482526483,1735777634025702
482526484,1735777634298520
482526485,1735777635996541
482526486,1735777636037538
482526487,1735777636264302
482526488,1735777636264302
482526489,1735777636264302
482526490,1735777640633772
482526491,1735777644975970
482526492,1735777644975970
482526493,1735777646920333
482526494,1735777647602048
482526495,1735777647602048
482526496,1735777649562218
482526497,1735777651669045
482526498,1735777651669045
482526499,1735777651669045
482526500,1735777651669383
482526501,1735777653316631
482526502,1735777658910404
482526503,1735777664156698
482526504,1735777664156698
482526505,1735777664156698
482526506,1735777678976699
482526507,1735777678976699
482526508,1735777678976699
482526509,1735777678976699
482526510,1735777678976699
482526511,1735777678976699
482526512,1735777678976699
482526513,1735777679033292
482526514,1735777686090296
482526515,1735777686090296
482526516,1735777686090296
482526517,1735777686212843
482526518,1735777697773179
482526519,1735777697951921
482526520,1735777697951921
482526521,1735777697951921
482526522,1735777698167016
482526523,1735777698167016
482526524,1735777698167016
482526525,1735777698167016
482526526,1735777698167016
482526527,1735777698167016
482526528,1735777698167016
482526529,1735777698167016
482526530,1735777698167016
482526531,1735777698167016
482526532,1735777698167016
482526533,1735777698167016
482526534,1735777698167016
482526535,1735777698167016
482526536,1735777698167016
482526537,1735777698167016
482526538,1735777698167016
482526539,1735777698167016
482526540,1735777698167016
482526541,1735777698167016
482526542,1735777698167016
482526543,1735777698167016
482526544,1735777698167016
482526545,1735777698167016
482526546,1735777698167016
482526547,1735777698167016
482526548,1735777698167016
482526549,1735777698167016
482526550,1735777698167016
482526551,1735777698167016
482526552,1735777698167016
482526553,1735777698167016
482526554,1735777698167016
482526555,1735777698167016
482526556,1735777698167016
482526557,1735777698167016
482526558,1735777698167016
482526559,1735777698167016
482526560,1735777698167016
482526561,1735777698167016
482526562,1735777698167016
482526563,1735777698167016
482526564,1735777698167016
482526565,1735777698167016
482526566,1735777698167016
482526567,1735777698167016
482526568,1735777698167016
482526569,1735777698167016
482526570,1735777698167016
482526571,1735777698167016
482526572,1735777698167016
482526573,1735777698167016
482526574,1735777698167016
482526575,1735777698167016
482526576,1735777698167016
482526577,1735777698167016
482526578,1735777698167016
482526579,1735777698167016
482526580,1735777698167016
482526581,1735777698167016
482526582,1735777698167016
482526583,1735777698167016
482526584,1735777698167016
482526585,1735777698167016
482526586,1735777698167016
482526587,1735777698167016
482526588,1735777698167016
482526589,1735777698167016
482526590,1735777698169425
482526591,1735777698169428
482526592,1735777698169439
482526593,1735777698169442
482526594,1735777698169596
482526595,1735777698169643
482526596,1735777698169690
482526597,1735777698169711
482526598,1735777698169717
482526599,1735777698169804
482526600,1735777698169816
482526601,1735777698169860
482526602,1735777698169927
482526603,1735777698169941
482526604,1735777698169944
482526605,1735777698169982
482526606,1735777698169988
482526607,1735777698169989
482526608,1735777698169992
482526609,1735777698170011
482526610,1735777698170014
482526611,1735777698170018
482526612,1735777698170055
482526613,1735777698170073
482526614,1735777698170076
482526615,1735777698170092
482526616,1735777698170101
482526617,1735777698170170
482526618,1735777698170215
482526619,1735777698170230
482526620,1735777698170233
482526621,1735777698170252
482526622,1735777698170261
482526623,1735777698170286
482526624,1735777698170287
482526625,1735777698170290
482526626,1735777698170320
482526627,1735777698170354
482526628,1735777698170361
482526629,1735777698170365
482526630,1735777698170426
482526631,1735777698170433
482526632,1735777698170473
482526633,1735777698170497
482526634,1735777698170511
482526635,1735777698170518
482526636,1735777698170587
482526637,1735777698170601
482526638,1735777698170673
482526639,1735777698170730
482526640,1735777698170829
482526641,1735777698170872
482526642,1735777698170999
482526643,1735777698171071
482526644,1735777698171077
482526645,1735777698171082
482526646,1735777698171120
482526647,1735777698171125
482526648,1735777698171459
482526649,1735777698171501
482526650,1735777698171694
482526651,1735777698171921
482526652,1735777698171995
482526653,1735777698172180
482526654,1735777698172309
482526655,1735777698172398
482526656,1735777698172438
482526657,1735777698172453
482526658,1735777698172517
482526659,1735777698172548
482526660,1735777698172610
482526661,1735777698172767
482526662,1735777698173113
482526663,1735777698173189
482526664,1735777698173286
482526665,1735777698173313
482526666,1735777698173353
482526667,1735777698173390
482526668,1735777698173626
482526669,1735777698173627
482526670,1735777698173767
482526671,1735777698173791
482526672,1735777698173985
482526673,1735777698174000
482526674,1735777698174554
482526675,1735777698174974
482526676,1735777698175489
482526677,1735777698175618
482526678,1735777698175664
482526679,1735777698175667
482526680,1735777698175682
482526681,1735777698176030
482526682,1735777698176360
482526683,1735777698176552
482526684,1735777698176573
482526685,1735777698176848
482526686,1735777698176905
482526687,1735777698177169
482526688,1735777698177419
482526689,1735777698177714
482526690,1735777698178336
482526691,1735777698178394
482526692,1735777698178598
482526693,1735777698179855
482526694,1735777698180148
482526695,1735777698181227
482526696,1735777698181255
482526697,1735777698181949
482526698,1735777698182137
482526699,1735777698182151
482526700,1735777698182295
482526701,1735777698182577
482526702,1735777698182977
482526703,1735777698183106
482526704,1735777698183359
482526705,1735777698184158
482526706,1735777698184735
482526707,1735777698185772
482526708,1735777698186236
482526709,1735777698186911
482526710,1735777698187414
482526711,1735777698187504
482526712,1735777698187504
482526713,1735777698187504
482526714,1735777698187588
482526715,1735777698189694
482526716,1735777698190526
482526717,1735777698192012
482526718,1735777698192659
482526719,1735777698192659
482526720,1735777698192659
482526721,1735777698208173
482526722,1735777698323179
482526723,1735777698409676
482526724,1735777699046253
482526725,1735777699822307
482526726,1735777700596463
482526727,1735777700596463
482526728,1735777700596463
482526729,1735777700642092
482526730,1735777700762390
482526731,1735777700763265
482526732,1735777701251371
482526733,1735777701255107
482526734,1735777701255107
482526735,1735777701255107
482526736,1735777701255107
482526737,1735777706987034
482526738,1735777709202098
482526739,1735777709202098
482526740,1735777709202098
482526741,1735777738570674
482526742,1735777745433871
482526743,1735777745433871
482526744,1735777745433871
482526745,1735777745433871
482526746,1735777756827803
482526747,1735777756827803
482526748,1735777762387012
482526749,1735777762387012
482526750,1735777766629159
482526751,1735777766629159
482526752,1735777766629159
482526753,1735777766904597
482526754,1735777766904597
482526755,1735777770358472
482526756,1735777770358472
482526757,1735777770358472
482526758,1735777770358472
482526759,1735777770358472
482526760,1735777770358472
482526761,1735777771242612
482526762,1735777771242612
482526763,1735777772985356
482526764,1735777775015868
482526765,1735777776204419
482526766,1735777777631419
482526767,1735777782156798
482526768,1735777782156798
482526769,1735777782156798
482526770,1735777784923364
482526771,1735777784923364
482526772,1735777784923364
482526773,1735777787686472
482526774,1735777787686472
482526775,1735777794285339
482526776,1735777797674519
482526777,1735777797674519
482526778,1735777797674519
482526779,1735777797674519
482526780,1735777797674519
482526781,1735777797674519
482526782,1735777797674519
482526783,1735777797674519
482526784,1735777799023998
482526785,1735777799023998
482526786,1735777804279492
482526787,1735777804279619
482526788,1735777804284720
482526789,1735777805486419
482526790,1735777809440403
482526791,1735777810693072
482526792,1735777810693072
482526793,1735777812723144
482526794,1735777812723144
482526795,1735777812723144
482526796,1735777812723144
482526797,1735777812723144
482526798,1735777812723144
482526799,1735777812723144
482526800,1735777815958759
482526801,1735777815958759
482526802,1735777833686569
482526803,1735777834799845
482526804,1735777834799845
482526805,1735777834799845
482526806,1735777834799845
482526807,1735777834799845
482526808,1735777834799845
482526809,1735777834799845
482526810,1735777834799845
482526811,1735777834799845
482526812,1735777834804714
482526813,1735777834804880
482526814,1735777834805228
482526815,1735777834805289
482526816,1735777834805585
482526817,1735777834813457
482526818,1735777834821321
482526819,1735777834828092
482526820,1735777834835480
482526821,1735777834841972
482526822,1735777834843101
482526823,1735777834856269
482526824,1735777834856714
482526825,1735777834857045
482526826,1735777834857061
482526827,1735777834861494
482526828,1735777834861494
482526829,1735777834861494
482526830,1735777834930647
482526831,1735777834998031
482526832,1735777835007048
482526833,1735777835007048
482526834,1735777843443158
482526835,1735777843540444
482526836,1735777843649271
482526837,1735777843698213
482526838,1735777843770610
482526839,1735777843779243
482526840,1735777843790275
482526841,1735777843790275
482526842,1735777843790275
482526843,1735777844139687
482526844,1735777844238794
482526845,1735777844238794
482526846,1735777844238794
482526847,1735777844238794
482526848,1735777845169931
482526849,1735777845169931
482526850,1735777845177122
482526851,1735777845334288
482526852,1735777845334288
482526853,1735777846544517
482526854,1735777846544517
482526855,1735777846544517
482526856,1735777846544517
482526857,1735777846544517
482526858,1735777846544517
482526859,1735777846544517
482526860,1735777846544517
482526861,1735777846544517
482526862,1735777846544517
482526863,1735777846544517
482526864,1735777846544517
482526865,1735777846544517
482526866,1735777846544517
482526867,1735777846544517
482526868,1735777846544517
482526869,1735777846544517
482526870,1735777846544517
482526871,1735777846893804
482526872,1735777846893804
482526873,1735777848069140
482526874,1735777849096972
482526875,1735777849096972
482526876,1735777849096972
482526877,1735777849096972
482526878,1735777849096972
482526879,1735777849096972
482526880,1735777849191818
482526881,1735777849219795
482526882,1735777849324652
482526883,1735777849324652
482526884,1735777849324652
482526885,1735777849324652
482526886,1735777851545512
482526887,1735777851545512
482526888,1735777851545512
482526889,1735777851545512
482526890,1735777851545512
482526891,1735777851545512
482526892,1735777851545512
482526893,1735777851545512
482526894,1735777851545512
482526895,1735777851545512
482526896,1735777851545512
482526897,1735777851545512
482526898,1735777851545512
482526899,1735777851545512
482526900,1735777851545512
482526901,1735777851545512
482526902,1735777851849802
482526903,1735777851849802
482526904,1735777854721109
482526905,1735777854721109
482526906,1735777854721109
482526907,1735777854721109
482526908,1735777854721109
482526909,1735777854721109
482526910,1735777854721109
482526911,1735777854721109
482526912,1735777854721109
482526913,1735777854721109
482526914,1735777854721109
482526915,1735777854721109
482526916,1735777854721109
482526917,1735777854721109
482526918,1735777856560315
482526919,1735777859640998
482526920,1735777859793553
482526921,1735777859806583
482526922,1735777859814270
482526923,1735777859822252
482526924,1735777859831603
482526925,1735777860352421
482526926,1735777861166566
482526927,1735777861166566
482526928,1735777861166566
482526929,1735777862629450
482526930,1735777866339356
482526931,1735777866339356
482526932,1735777866339356
482526933,1735777866339356
482526934,1735777867485735
482526935,1735777872322659
482526936,1735777872323467
482526937,1735777872325315
482526938,1735777872333055
482526939,1735777872563494
482526940,1735777872573056
482526941,1735777873019381
482526942,1735777873019381
482526943,1735777873019381
482526944,1735777873053099
482526945,1735777873055593
482526946,1735777873055593
482526947,1735777873055593
482526948,1735777877004880
482526949,1735777888085701
482526950,1735777888085701
482526951,1735777888085712
482526952,1735777888344460
482526953,1735777891218642
482526954,1735777899931101
482526955,1735777904717711
482526956,1735777904717711
482526957,1735777906264381
482526958,1735777906499821
482526959,1735777914551437
482526960,1735777914811172
482526961,1735777915888589
482526962,1735777916048003
482526963,1735777916176147
482526964,1735777916176147
482526965,1735777916176147
482526966,1735777916248672
482526967,1735777916255989
482526968,1735777916255989
482526969,1735777916574226
482526970,1735777916611077
482526971,1735777917041178
482526972,1735777917054187
482526973,1735777917178710
482526974,1735777918151140
482526975,1735777918154795
482526976,1735777918154795
482526977,1735777918154795
482526978,1735777918154795
482526979,1735777928486345
482526980,1735777933484539
482526981,1735777933757258
482526982,1735777940270191
482526983,1735777944318202
482526984,1735777946132727
482526985,1735777946132727
482526986,1735777948740104
482526987,1735777951746145
482526988,1735777956373618
482526989,1735777956373618
482526990,1735777962376318
482526991,1735777965753981
482526992,1735777965753981
482526993,1735777965753981
482526994,1735777966731246
482526995,1735777966731246
482526996,1735777966731246
482526997,1735777966903586
482526998,1735777966909110
482526999,1735777966909110
482527000,1735777966909110
482527001,1735777971655737
482527002,1735777973868300
482527003,1735777974885026
482527004,1735777974885026
482527005,1735777974885026
482527006,1735777974885026
482527007,1735777981672233
482527008,1735777981672233
482527009,1735777981672233
482527010,1735777981672233
482527011,1735777981673244
482527012,1735777981673244
482527013,1735777981673244
482527014,1735777984546345
482527015,1735777984546345
482527016,1735777985272123
482527017,1735777985272123
482527018,1735777985331284
482527019,1735777985331284
482527020,1735777985331816
482527021,1735777985331923
482527022,1735777985331923
482527023,1735777985331990
482527024,1735777985331990
482527025,1735777986378686
482527026,1735777987151244
482527027,1735777987167334
482527028,1735777987524227
482527029,1735777987524227
482527030,1735777988487027
482527031,1735777988488062
482527032,1735777988488062
482527033,1735777988488062
482527034,1735777988488062
482527035,1735777988488062
482527036,1735777988488062
482527037,1735777988488062
482527038,1735777988488062
482527039,1735777988488241
482527040,1735777988488609
482527041,1735777988488617
482527042,1735777988488617
482527043,1735777990466527
482527044,1735777990466527
482527045,1735777990470079
482527046,1735777991341768
482527047,1735777991341768
482527048,1735777991341768
482527049,1735777991860061
482527050,1735777993614542
482527051,1735777993805471
482527052,1735778000858052
482527053,1735778002366356
482527054,1735778004150442
482527055,1735778006615976
482527056,1735778006615976
482527057,1735778009054647
482527058,1735778009054647
482527059,1735778014159766
482527060,1735778022813848
482527061,1735778022813848
482527062,1735778022813848
482527063,1735778029667406
482527064,1735778036975382
482527065,1735778036975382
482527066,1735778042982588
482527067,1735778042982588
482527068,1735778043817497
482527069,1735778043817497
482527070,1735778055891788
482527071,1735778055891788
482527072,1735778055891788
482527073,1735778059101587
482527074,1735778059101587
482527075,1735778066002328
482527076,1735778073058421
482527077,1735778077102483
482527078,1735778077102483
482527079,1735778077102483
482527080,1735778077102483
482527081,1735778082686277
482527082,1735778085914731
482527083,1735778086121583
482527084,1735778090017894
482527085,1735778090017894
482527086,1735778090017894
482527087,1735778090017894
482527088,1735778100142669
482527089,1735778100165024
482527090,1735778100466171
482527091,1735778101428634
482527092,1735778101498461
482527093,1735778101858032
482527094,1735778101858032
482527095,1735778101858032
482527096,1735778101858032
482527097,1735778102617157
482527098,1735778102617157
482527099,1735778102617157
482527100,1735778102617157
482527101,1735778102617157
482527102,1735778102621321
482527103,1735778102621321
482527104,1735778102621321
482527105,1735778106070334
482527106,1735778106070334
482527107,1735778106070334
482527108,1735778106667769
482527109,1735778106667769
482527110,1735778109879210
482527111,1735778122405400
482527112,1735778122405400
482527113,1735778122615782
482527114,1735778122776417
482527115,1735778122776417
482527116,1735778122776417
482527117,1735778123031422
482527118,1735778123735041
482527119,1735778123783135
482527120,1735778123907690
482527121,1735778130886904
482527122,1735778133154343
482527123,1735778133166332
482527124,1735778136343571
482527125,1735778139558078
482527126,1735778139558078
482527127,1735778139999168
482527128,1735778139999168
482527129,1735778140612720
482527130,1735778147160219
482527131,1735778151031826
482527132,1735778151067631
482527133,1735778152216842
482527134,1735778152216842
482527135,1735778156590437
482527136,1735778157785135
482527137,1735778161125396
482527138,1735778161125396
482527139,1735778161125396
482527140,1735778161125396
482527141,1735778161135261
482527142,1735778161204239
482527143,1735778161204239
482527144,1735778161204239
482527145,1735778164972875
482527146,1735778164972875
482527147,1735778164972875
482527148,1735778164972875
482527149,1735778164972875
482527150,1735778164972875
482527151,1735778165806333
482527152,1735778167520631
482527153,1735778169387915
482527154,1735778169387915
482527155,1735778169387915
482527156,1735778169387915
482527157,1735778171922271
482527158,1735778174690963
482527159,1735778175696290
482527160,1735778178101640
482527161,1735778178101640
482527162,1735778184376609
482527163,1735778184376609
482527164,1735778184376609
482527165,1735778187586418
482527166,1735778187686183
482527167,1735778191098416
482527168,1735778191098416
482527169,1735778193310379
482527170,1735778203860741
482527171,1735778210897135
482527172,1735778210897135
482527173,1735778210897135
482527174,1735778210897135
482527175,1735778210897281
482527176,1735778210897281
482527177,1735778210897281
482527178,1735778217643016
482527179,1735778217643016
482527180,1735778217643016
482527181,1735778217652276
482527182,1735778217713203
482527183,1735778217713203
482527184,1735778217713203
482527185,1735778217713203
482527186,1735778217714392
482527187,1735778217714397
482527188,1735778217716458
482527189,1735778229779235
482527190,1735778235042155
482527191,1735778235042155
482527192,1735778240155950
482527193,1735778241214477
482527194,1735778241214477
482527195,1735778241214477
482527196,1735778241214477
482527197,1735778241214477
482527198,1735778257932447
482527199,1735778257932447
482527200,1735778257932447
482527201,1735778257932447
482527202,1735778257932447
482527203,1735778257932447
482527204,1735778257932447
482527205,1735778257932447
482527206,1735778257932447
482527207,1735778257932447
482527208,1735778257932447
482527209,1735778257932447
482527210,1735778257932447
482527211,1735778257932447
482527212,1735778257932447
482527213,1735778257932447
482527214,1735778257932447
482527215,1735778257932447
482527216,1735778257932447
482527217,1735778257932447
482527218,1735778257932447
482527219,1735778257932447
482527220,1735778257932447
482527221,1735778257932447
482527222,1735778257932447
482527223,1735778257932447
482527224,1735778257932447
482527225,1735778257932447
482527226,1735778257932447
482527227,1735778257932447
482527228,1735778257932447
482527229,1735778257932447
482527230,1735778257932447
482527231,1735778257932447
482527232,1735778257932447
482527233,1735778257932447
482527234,1735778257932447
482527235,1735778257932447
482527236,1735778257932447
482527237,1735778257932447
482527238,1735778257932447
482527239,1735778257932447
482527240,1735778257932447
482527241,1735778257932447
482527242,1735778257932447
482527243,1735778257932447
482527244,1735778257932447
482527245,1735778257932447
482527246,1735778257932447
482527247,1735778257932447
482527248,1735778257932447
482527249,1735778257932447
482527250,1735778257932447
482527251,1735778257932447
482527252,1735778257932447
482527253,1735778257932447
482527254,1735778257932447
482527255,1735778257932447
482527256,1735778257932447
482527257,1735778257932447
482527258,1735778257932447
482527259,1735778257932447
482527260,1735778257932447
482527261,1735778257932447
482527262,1735778257932447
482527263,1735778257932447
482527264,1735778257932447
482527265,1735778257932447
482527266,1735778257932447
482527267,1735778257932447
482527268,1735778257932447
482527269,1735778257932447
482527270,1735778257932447
482527271,1735778257932447
482527272,1735778257932447
482527273,1735778257932447
482527274,1735778257932447
482527275,1735778257932447
482527276,1735778257932447
482527277,1735778257932447
482527278,1735778257932447
482527279,1735778257932447
482527280,1735778257932447
482527281,1735778257932447
482527282,1735778257932447
482527283,1735778257932447
482527284,1735778257932447
482527285,1735778257932447
482527286,1735778257932447
482527287,1735778257932447
482527288,1735778257932447
482527289,1735778257932447
482527290,1735778257932447
482527291,1735778257932447
482527292,1735778257932447
482527293,1735778257932447
482527294,1735778257932447
482527295,1735778257932447
482527296,1735778257932447
482527297,1735778257932447
482527298,1735778257932447
482527299,1735778257932447
482527300,1735778257932447
482527301,1735778257932447
482527302,1735778257932447
482527303,1735778257932447
482527304,1735778257932447
482527305,1735778257932447
482527306,1735778257932447
482527307,1735778257932447
482527308,1735778257932447
482527309,1735778257932447
482527310,1735778257932447
482527311,1735778257932447
482527312,1735778257935622
482527313,1735778257935622
482527314,1735778257936848
482527315,1735778257937342
482527316,1735778257942331
482527317,1735778257942331
482527318,1735778257942331
482527319,1735778257942331
482527320,1735778257942331
482527321,1735778257943049
482527322,1735778257948961
482527323,1735778257956205
482527324,1735778257956205
482527325,1735778257965617
482527326,1735778257972854
482527327,1735778257979964
482527328,1735778257979964
482527329,1735778257987122
482527330,1735778257987122
482527331,1735778257987122
482527332,1735778257987122
482527333,1735778259243131
482527334,1735778259691680
482527335,1735778259691680
482527336,1735778259691680
482527337,1735778259691680
482527338,1735778265019307
482527339,1735778265070507
482527340,1735778265320689
482527341,1735778265320689
482527342,1735778265320689
482527343,1735778265320689
482527344,1735778265320689
482527345,1735778265320689
482527346,1735778265320689
482527347,1735778265320689
482527348,1735778265320689
482527349,1735778266126091
482527350,1735778266126091
482527351,1735778266126091
482527352,1735778266629142
482527353,1735778267631528
482527354,1735778270396381
482527355,1735778271007560
482527356,1735778271376940
482527357,1735778271377170
482527358,1735778271380538
482527359,1735778271380538
482527360,1735778271380538
482527361,1735778271380538
482527362,1735778281064748
482527363,1735778290806383
482527364,1735778293296202
482527365,1735778297156354
482527366,1735778297270500
482527367,1735778300488033
482527368,1735778300488033
482527369,1735778300488033
482527370,1735778300490924
482527371,1735778300701685
482527372,1735778300701685
482527373,1735778300701685
482527374,1735778300701685
482527375,1735778300701685
482527376,1735778304513560
482527377,1735778308200478
482527378,1735778308222987
482527379,1735778309247100
482527380,1735778309606864
482527381,1735778309606864
482527382,1735778310447639
482527383,1735778310877422
482527384,1735778310877422
482527385,1735778310877422
482527386,1735778310877422
482527387,1735778310877422
482527388,1735778310877422
482527389,1735778311059605
482527390,1735778311698721
482527391,1735778311864527
482527392,1735778320056059
482527393,1735778322730902
482527394,1735778322730902
482527395,1735778322730902
482527396,1735778326887502
482527397,1735778334104378
482527398,1735778334239111
482527399,1735778334254968
482527400,1735778334269756
482527401,1735778334284854
482527402,1735778334296454
482527403,1735778334304074
482527404,1735778334329319
482527405,1735778334734417
482527406,1735778334737027
482527407,1735778334737027
482527408,1735778334737027
482527409,1735778335320092
482527410,1735778335320092
482527411,1735778335320092
482527412,1735778335320092
482527413,1735778341656825
482527414,1735778344742695
482527415,1735778348049019
482527416,1735778348049019
482527417,1735778348049019
482527418,1735778348052314
482527419,1735778348053337
482527420,1735778348054898
482527421,1735778348054898
482527422,1735778348054898
482527423,1735778362797301
482527424,1735778362797301
482527425,1735778366669064
482527426,1735778366950932
482527427,1735778367644424
482527428,1735778371627995
482527429,1735778376072778
482527430,1735778377641457
482527431,1735778381718110
482527432,1735778381718110
482527433,1735778381718110
482527434,1735778381903187
482527435,1735778383321350
482527436,1735778383964799
482527437,1735778384121200
482527438,1735778385101819
482527439,1735778385101819
482527440,1735778385101819
482527441,1735778387987122
482527442,1735778389163009
482527443,1735778394473135
482527444,1735778394473135
482527445,1735778394473135
482527446,1735778406904679
482527447,1735778406904679
482527448,1735778406904679
482527449,1735778406907471
482527450,1735778406907471
482527451,1735778416210418
482527452,1735778416791370
482527453,1735778416791370
482527454,1735778417784079
482527455,1735778421156587
482527456,1735778421156587
482527457,1735778423890238
482527458,1735778424707550
482527459,1735778424707550
482527460,1735778424707550
482527461,1735778429997722
482527462,1735778432271921
482527463,1735778432271921
482527464,1735778432271921
482527465,1735778432271921
482527466,1735778432271921
482527467,1735778432271921
482527468,1735778440305582
482527469,1735778440305582
482527470,1735778440548394
482527471,1735778440548394
482527472,1735778448282895
482527473,1735778448282895
482527474,1735778453535218
482527475,1735778453535218
482527476,1735778453535218
482527477,1735778453535218
482527478,1735778455275522
482527479,1735778460404863
482527480,1735778460404863
482527481,1735778461465449
482527482,1735778462575758
482527483,1735778463848389
482527484,1735778464192192
482527485,1735778464904478
482527486,1735778465378123
482527487,1735778465749680
482527488,1735778466087585
482527489,1735778466091268
482527490,1735778466093152
482527491,1735778466095205
482527492,1735778466095205
482527493,1735778466095205
482527494,1735778466095205
482527495,1735778466097242
482527496,1735778466097688
482527497,1735778466099337
482527498,1735778466099528
482527499,1735778466099627
482527500,1735778466099726
482527501,1735778466099740
482527502,1735778466099749
482527503,1735778466099749
482527504,1735778466099749
482527505,1735778467099104
482527506,1735778470431329
482527507,1735778470431329
482527508,1735778481497340
482527509,1735778481497340
482527510,1735778483488456
482527511,1735778483488456
482527512,1735778483488456
482527513,1735778496009333
482527514,1735778499548567
482527515,1735778502672422
482527516,1735778502672422
482527517,1735778502672422
482527518,1735778502672422
482527519,1735778502672422
482527520,1735778502672422
482527521,1735778502672422
482527522,1735778505016789
482527523,1735778506232197
482527524,1735778508481018
482527525,1735778509002091
482527526,1735778520538518
482527527,1735778523701827
482527528,1735778523701827
482527529,1735778523701827
482527530,1735778541735874
482527531,1735778541735874
482527532,1735778541735874
482527533,1735778548470330
482527534,1735778548647865
482527535,1735778548650527
482527536,1735778548948864
482527537,1735778555595185
482527538,1735778555595185
482527539,1735778559344078
482527540,1735778559344078
482527541,1735778562361428
482527542,1735778567596256
482527543,1735778571770099
482527544,1735778571770099
482527545,1735778575767242
482527546,1735778575767242
482527547,1735778581405028
482527548,1735778581405028
482527549,1735778593560601
482527550,1735778593646982
482527551,1735778593646982
482527552,1735778593646982
482527553,1735778593646982
482527554,1735778593646982
482527555,1735778593646982
482527556,1735778599128586
482527557,1735778599128586
482527558,1735778603147947
482527559,1735778603147947
482527560,1735778603147947
482527561,1735778603147947
482527562,1735778603430180
482527563,1735778603430180
482527564,1735778603430180
482527565,1735778605293611
482527566,1735778610321394
482527567,1735778610321394
482527568,1735778610321394
482527569,1735778611407164
482527570,1735778611407164
482527571,1735778611407164
482527572,1735778616728573
482527573,1735778616801908
482527574,1735778616801908
482527575,1735778616801908
482527576,1735778621507111
482527577,1735778621507111
482527578,1735778623171464
482527579,1735778623171464
482527580,1735778623171464
482527581,1735778623171464
482527582,1735778623171464
482527583,1735778623171464
482527584,1735778623171464
482527585,1735778623171464
482527586,1735778624848430
482527587,1735778627493269
482527588,1735778627493269
482527589,1735778627493269
482527590,1735778630414266
482527591,1735778630414266
482527592,1735778630414266
482527593,1735778630414266
482527594,1735778630414266
482527595,1735778630414266
482527596,1735778630414266
482527597,1735778630414266
482527598,1735778630415354
482527599,1735778630415354
482527600,1735778630671296
482527601,1735778647823115
482527602,1735778647823115
482527603,1735778650235789
482527604,1735778650236001
482527605,1735778650236004
482527606,1735778650237525
482527607,1735778654252147
482527608,1735778654252147
482527609,1735778654252147
482527610,1735778654323569
482527611,1735778654798720
482527612,1735778657097333
482527613,1735778658346804
482527614,1735778658346804
482527615,1735778658346804
482527616,1735778658346804
482527617,1735778658346804
482527618,1735778658346804
482527619,1735778658346804
482527620,1735778660036812
482527621,1735778667486805
482527622,1735778671413335
482527623,1735778671413335
482527624,1735778671413335
482527625,1735778671413500
482527626,1735778671413500
482527627,1735778677619882
482527628,1735778684058506
482527629,1735778684058506
482527630,1735778684058506
482527631,1735778685814300
482527632,1735778685814300
482527633,1735778693686527
482527634,1735778702166811
482527635,1735778717445925
482527636,1735778720642543
482527637,1735778760916781
482527638,1735778760916781
482527639,1735778760916781
482527640,1735778766932974
482527641,1735778766932974
482527642,1735778766932974
482527643,1735778770749429
482527644,1735778770749429
482527645,1735778770749429
482527646,1735778770749429
482527647,1735778770749429
482527648,1735778784844107
482527649,1735778795354097
482527650,1735778795354097
482527651,1735778795354097
482527652,1735778795354097
482527653,1735778795354097
482527654,1735778795354097
482527655,1735778795354097
482527656,1735778795354097
482527657,1735778795354097
482527658,1735778795354097
482527659,1735778795354772
482527660,1735778795354772
482527661,1735778795361971
482527662,1735778795361971
482527663,1735778795361971
482527664,1735778795361971
482527665,1735778795364001
482527666,1735778795365825
482527667,1735778795367738
482527668,1735778795367738
482527669,1735778795405777
482527670,1735778795405777
482527671,1735778795405777
482527672,1735778795405777
482527673,1735778795426223
482527674,1735778795427968
482527675,1735778795525451
482527676,1735778796192943
482527677,1735778796192943
482527678,1735778796192943
482527679,1735778801002141
482527680,1735778801002141
482527681,1735778803156039
482527682,1735778803156039
482527683,1735778803156039
482527684,1735778803547004
482527685,1735778821985196
482527686,1735778821985196
482527687,1735778823057944
482527688,1735778823057944
482527689,1735778823058300
482527690,1735778834401910
482527691,1735778834401910
482527692,1735778836404220
482527693,1735778841167110
482527694,1735778841167110
482527695,1735778841167110
482527696,1735778842528109
482527697,1735778855281838
482527698,1735778857032371
482527699,1735778857032371
482527700,1735778858467024
482527701,1735778860515057
482527702,1735778860515057
482527703,1735778860515057
482527704,1735778862901860
482527705,1735778862901860
482527706,1735778862901860
482527707,1735778865307104
482527708,1735778865307104
482527709,1735778880029482
482527710,1735778881574727
482527711,1735778881574895
482527712,1735778881574902
482527713,1735778881578008
482527714,1735778881579330
482527715,1735778881922323
482527716,1735778881929985
482527717,1735778882036106
482527718,1735778882036106
482527719,1735778882036106
482527720,1735778882036106
482527721,1735778882036106
482527722,1735778882036106
482527723,1735778882036106
482527724,1735778882270214
482527725,1735778883885089
482527726,1735778883922208
482527727,1735778883923147
482527728,1735778883939455
482527729,1735778884721464
482527730,1735778891590861
482527731,1735778901766796
482527732,1735778904185014
482527733,1735778904204398
482527734,1735778904246213
482527735,1735778904280797
482527736,1735778904341463
482527737,1735778904497096
482527738,1735778905071957
482527739,1735778905091462
482527740,1735778905100160
482527741,1735778905111549
482527742,1735778905119546
482527743,1735778905130007
482527744,1735778905152835
482527745,1735778905197165
482527746,1735778905199515
482527747,1735778905246842
482527748,1735778905248586
482527749,1735778905249421
482527750,1735778905249421
482527751,1735778905249421
482527752,1735778905249421
482527753,1735778905788035
482527754,1735778911375757
482527755,1735778916184768
482527756,1735778918620564
482527757,1735778921728845
482527758,1735778922272202
482527759,1735778929243657
482527760,1735778953535261
482527761,1735778953535261
482527762,1735778953535261
482527763,1735778965448546
482527764,1735778965448546
482527765,1735778965448546
482527766,1735778965448546
482527767,1735778965448546
482527768,1735778965448546
482527769,1735778969872918
482527770,1735778973026641
482527771,1735778973847321
482527772,1735778975038066
482527773,1735778975038066
482527774,1735778975038066
482527775,1735778975038066
482527776,1735779004955236
482527777,1735779004955236
482527778,1735779004955236
482527779,1735779004955236
482527780,1735779004955236
482527781,1735779004955236
482527782,1735779004955236
482527783,1735779004955236
482527784,1735779007201667
482527785,1735779019028194
482527786,1735779021372000
482527787,1735779022038006
482527788,1735779022061332
482527789,1735779022087368
482527790,1735779022087368
482527791,1735779022087368
482527792,1735779022087368
482527793,1735779022127759
482527794,1735779022127759
482527795,1735779022127759
482527796,1735779022127759
482527797,1735779022134252
482527798,1735779026317159
482527799,1735779026317159
482527800,1735779035406189
482527801,1735779035787342
482527802,1735779035787342
482527803,1735779035787342
482527804,1735779039945258
482527805,1735779039945258
482527806,1735779039945258
482527807,1735779039945258
482527808,1735779039945258
482527809,1735779040074710
482527810,1735779046918380
482527811,1735779053152548
482527812,1735779058937340
482527813,1735779058937340
482527814,1735779060280440
482527815,1735779061255132
482527816,1735779061341834
482527817,1735779061350949
482527818,1735779061353545
482527819,1735779061353545
482527820,1735779061353545
482527821,1735779061353545
482527822,1735779061353545
482527823,1735779063260986
482527824,1735779069422225
482527825,1735779069432441
482527826,1735779069797138
482527827,1735779070018311
482527828,1735779070018311
482527829,1735779070033275
482527830,1735779073176257
482527831,1735779073202223
482527832,1735779073218328
482527833,1735779073218328
482527834,1735779073221277
482527835,1735779073221277
482527836,1735779073221277
482527837,1735779073221277
482527838,1735779086769792
482527839,1735779107021347
482527840,1735779109084111
482527841,1735779109084111
482527842,1735779115628225
482527843,1735779117367954
482527844,1735779117367954
482527845,1735779117367954
482527846,1735779117378164
482527847,1735779117606401
482527848,1735779117614137
482527849,1735779117614137
482527850,1735779117614137
482527851,1735779119486183
482527852,1735779119737280
482527853,1735779119737280
482527854,1735779119737280
482527855,1735779121223843
482527856,1735779123283903
482527857,1735779125601652
482527858,1735779125601652
482527859,1735779134714401
482527860,1735779134714401
482527861,1735779134714401
482527862,1735779134714401
482527863,1735779145872617
482527864,1735779146386213
482527865,1735779167297554
482527866,1735779181608285
482527867,1735779181608285
482527868,1735779181608285
482527869,1735779189224248
482527870,1735779209432104
482527871,1735779209432104
482527872,1735779209432104
482527873,1735779220152997
482527874,1735779220152997
482527875,1735779220152997
482527876,1735779220153010
482527877,1735779220167250
482527878,1735779220167250
482527879,1735779220167250
482527880,1735779220167250
482527881,1735779220167250
482527882,1735779222618500
482527883,1735779222618500
482527884,1735779237012577
482527885,1735779242746423
482527886,1735779242746423
482527887,1735779242746423
482527888,1735779246642730
482527889,1735779252299253
482527890,1735779266325395
482527891,1735779267117099
482527892,1735779267117099
482527893,1735779267117099
482527894,1735779283847382
482527895,1735779283847382
482527896,1735779283847382
482527897,1735779283848336
482527898,1735779283848336
482527899,1735779283848336
482527900,1735779283848336
482527901,1735779283848336
482527902,1735779283848336
482527903,1735779289854753
482527904,1735779302826205
482527905,1735779302826205
482527906,1735779303618052
482527907,1735779305235256
482527908,1735779305235256
482527909,1735779305235256
482527910,1735779305264997
482527911,1735779305264997
482527912,1735779305264997
482527913,1735779305264997
482527914,1735779322358553
482527915,1735779322358553
482527916,1735779322358553
482527917,1735779327650228
482527918,1735779327779196
482527919,1735779328496139
482527920,1735779328992310
482527921,1735779329002936
482527922,1735779329002936
482527923,1735779329002936
482527924,1735779329002936
482527925,1735779329002936
482527926,1735779329002936
482527927,1735779329002936
482527928,1735779329148542
482527929,1735779329516110
482527930,1735779329664621
482527931,1735779329664621
482527932,1735779360943921
482527933,1735779360943921
482527934,1735779368331218
482527935,1735779368331218
482527936,1735779368331218
482527937,1735779372412436
482527938,1735779395771254
482527939,1735779395771254
482527940,1735779395771254
482527941,1735779396565995
482527942,1735779404751720
482527943,1735779406406797
482527944,1735779406406797
482527945,1735779406406797
482527946,1735779407325515
482527947,1735779407325515
482527948,1735779407325515
482527949,1735779421487073
482527950,1735779421487073
482527951,1735779421487073
482527952,1735779421487073
482527953,1735779421611399
482527954,1735779421703624
482527955,1735779421706918
482527956,1735779421706918
482527957,1735779421706918
482527958,1735779421706918
482527959,1735779421706918
482527960,1735779423978245
482527961,1735779424799131
482527962,1735779424799131
482527963,1735779424799131
482527964,1735779424799131
482527965,1735779424799131
482527966,1735779424799131
482527967,1735779434484292
482527968,1735779434484292
482527969,1735779434484292
482527970,1735779437027403
482527971,1735779437027403
482527972,1735779437027403
482527973,1735779437027403
482527974,1735779437027403
482527975,1735779437027403
482527976,1735779447719723
482527977,1735779449267964
482527978,1735779449267964
482527979,1735779449267964
482527980,1735779449267964
482527981,1735779449267964
482527982,1735779449267964
482527983,1735779449267964
482527984,1735779449267964
482527985,1735779451393499
482527986,1735779451393499
482527987,1735779451393499
482527988,1735779451393499
482527989,1735779452065204
482527990,1735779458494783
482527991,1735779458494783
482527992,1735779458494783
482527993,1735779461210460
482527994,1735779472768838
482527995,1735779472768838
482527996,1735779475093059
482527997,1735779484284905
482527998,1735779484284905
482527999,1735779484284905
482528000,1735779484284905
482528001,1735779484405042
482528002,1735779485437546
482528003,1735779485641860
482528004,1735779485644466
482528005,1735779486032721
482528006,1735779486032721
482528007,1735779486032721
482528008,1735779500066419
482528009,1735779500066419
482528010,1735779500066419
482528011,1735779523154413
482528012,1735779524212246
482528013,1735779531517141
482528014,1735779541266673
482528015,1735779541266673
482528016,1735779541266673
482528017,1735779541266673
482528018,1735779541266673
482528019,1735779541266673
482528020,1735779541266673
482528021,1735779541266673
482528022,1735779541266673
482528023,1735779579928130
482528024,1735779579928130
482528025,1735779579928130
482528026,1735779579928130
482528027,1735779579928130
482528028,1735779579928142
482528029,1735779579928142
482528030,1735779583206497
482528031,1735779593432521
482528032,1735779593432521
482528033,1735779593432521
482528034,1735779593432521
482528035,1735779593432521
482528036,1735779598618268
