month,date,close,adjusted_close,nominal_value,cpi_u_nsa,real_value,equivalent_annualized_value
2015-12,2015-12-31,186.92999267578125,156.82769775390625,10000.0,236.525,10000.0,10000.0
2016-01,2016-01-29,177.75,149.1259765625,9508.905550377218,236.916,9493.212300152676,10115.659288721055
2016-02,2016-02-29,177.3800048828125,148.81556701660156,9489.112519532277,237.111,9465.660971791152,10232.656284548855
2016-03,2016-03-31,188.55999755859375,159.04420471191406,10141.333896355856,238.132,10072.896544082983,10351.00645930865
2016-04,2016-04-29,189.22000122070312,159.60089111328125,10176.830585355317,239.261,10060.4563811117,10470.725463771718
2016-05,2016-05-31,192.5399932861328,162.40121459960938,10355.391102817124,240.229,10195.725247966817,10591.829129725043
2016-06,2016-06-30,192.1999969482422,162.924560546875,10388.76186287807,241.018,10195.09704510549,10714.333472064938
2016-07,2016-07-29,199.27999877929688,168.92617797851562,10771.450477044833,240.628,10587.784148490739,10838.254690914859
2016-08,2016-08-31,199.52000427246094,169.12965393066406,10784.4249678435,240.849,10590.810489224303,10963.609173767743
2016-09,2016-09-30,198.69000244140625,169.17868041992188,10787.551104996566,241.428,10568.47393471061,11090.413497653104
2016-10,2016-10-31,195.1300048828125,166.1475067138672,10594.270597186574,241.729,10366.19459394427,11218.684431329199
2016-11,2016-11-30,202.39999389648438,172.33767700195312,10988.982142196917,241.353,10769.159700451728,11348.438937500547
2016-12,2016-12-30,205.30999755859375,175.908447265625,11216.669617994407,241.432,10988.695704778684,11479.69417506111
2017-01,2017-01-31,208.97000122070312,179.0443878173828,11416.6305047938,242.839,11119.789367220068,11612.46750136339
2017-02,2017-02-28,217.07000732421875,185.984375,11859.153559203958,243.603,11514.580262109728,11746.776474513796
2017-03,2017-03-31,216.35000610351562,186.2296142578125,11874.79105572561,243.801,11520.399647480936,11882.638855694542
2017-04,2017-04-28,218.60000610351562,188.16635131835938,11998.285635336539,244.524,11605.791292053029,12020.072611512422
2017-05,2017-05-31,221.6699981689453,190.8090057373047,12166.79250349781,244.733,11758.735425503794,12159.095916374717
2017-06,2017-06-30,222.05999755859375,192.01048278808594,12243.40378249947,244.955,11822.053355333377,12299.727154892615
2017-07,2017-07-31,226.63999938964844,195.97064208984375,12495.92035696147,244.786,12074.20997291639,12441.984924312406
2017-08,2017-08-31,227.3000030517578,196.54135131835938,12532.311200969853,245.519,12073.220022928548,12585.888036974813
2017-09,2017-09-29,230.75999450683594,200.5551300048828,12788.24677510688,246.819,12254.891513546992,12731.455522802746
2017-10,2017-10-31,236.1300048828125,205.22232055664062,13085.846664578035,246.663,12548.010371800065,12878.706631817855
2017-11,2017-11-30,243.35000610351562,211.49717712402344,13485.958166388724,246.669,12931.362495105152,13027.660836686173
2017-12,2017-12-29,245.2899932861328,214.21005249023438,13658.942620350928,246.524,13104.936652327982,13178.3378352932
2018-01,2018-01-31,258.989990234375,226.17416381835938,14421.825165939214,247.867,13761.905366078472,13330.757553348776
2018-02,2018-02-28,249.33999633789062,217.74688720703125,13884.466221567525,248.991,13189.325610388563,13484.94014702209
2018-03,2018-03-29,242.0800018310547,212.3737030029297,13541.849178720084,249.554,12834.840864088605,13640.906005607145
2018-04,2018-04-30,242.9199981689453,213.11062622070312,13588.838532534983,250.546,12828.3829472745,13798.675754219073
2018-05,2018-05-31,248.7899932861328,218.26031494140625,13917.204554255457,251.588,13083.95792802229,13958.270256521617
2018-06,2018-06-29,249.50999450683594,219.91571044921875,14022.75960170697,251.989,13162.21428234463,14119.710617486173
2018-07,2018-07-31,258.3999938964844,227.75128173828125,14522.388901969865,252.006,13630.26291055936,14283.018186182728
2018-08,2018-08-31,266.7200012207031,235.08445739746094,14989.983323376657,252.146,14061.320844120723,14448.214558603106
2018-09,2018-09-28,267.04998779296875,236.4389190673828,15076.34955136575,252.439,14125.921817297583,14615.321580516827
2018-10,2018-10-31,248.7899932861328,220.27195739746094,14045.475419980425,252.885,13136.825330529175,14784.361350360034
2018-11,2018-11-30,253.47999572753906,224.42437744140625,14310.251355826991,252.038,13429.451915730879,14955.356222157801
2018-12,2018-12-31,229.80999755859375,204.5691680908203,13044.198889652125,251.233,12280.548902313665,15128.328808480279
2019-01,2019-01-31,248.00999450683594,220.77017211914062,14077.243706374673,251.712,13227.895641249801,15303.301983432984
2019-02,2019-02-28,256.07000732421875,227.9448699951172,14534.732911325898,252.776,13600.293152242926,15480.298885681721
2019-03,2019-03-29,259.5400085449219,232.33432006835938,14814.622888422298,254.202,13784.42608116413,15659.342921512447
2019-04,2019-04-30,270.010009765625,241.7068634033203,15412.256053302925,255.548,14264.96729775805,15840.457767926568
2019-05,2019-05-31,252.8699951171875,226.36351013183594,14433.898690972634,256.092,13331.060274754003,16023.667375771995
2019-06,2019-06-28,269.1499938964844,242.18893432617188,15442.994942526946,256.143,14260.215499862134,16208.995972910452
2019-07,2019-07-31,273.0799865722656,245.7251739501953,15668.480598101161,256.571,14444.295627587986,16396.468067421378
2019-08,2019-08-30,268.6000061035156,241.69398498535156,15411.434870683197,256.558,14208.052887800588,16586.10845084292
2019-09,2019-09-30,272.6000061035156,246.46092224121094,15715.395033596487,256.759,14476.936778541001,16777.942201450394
2019-10,2019-10-31,278.54998779296875,251.84024047851562,16058.403208450009,257.346,14759.171772161364,16971.994687572667
2019-11,2019-11-29,288.6499938964844,260.9718322753906,16640.672280027164,257.208,15302.537289016767,17168.291570946883
2019-12,2019-12-31,295.79998779296875,268.7322998046875,17135.512645628565,256.974,15771.93462571037,17366.858810112022
2020-01,2020-01-31,295.69000244140625,268.63238525390625,17129.141669569348,257.971,15705.138303898075,17567.722663841676
2020-02,2020-02-28,271.739990234375,246.8739471435547,15741.731255339146,258.678,14393.620582999296,17770.909694616545
2020-03,2020-03-31,236.82000732421875,216.159423828125,13783.24281513856,258.115,12630.345027800196,17976.446772137086
2020-04,2020-04-30,267.1000061035156,243.79779052734375,15545.582446151242,256.389,14341.17254670022,18184.361076876812
2020-05,2020-05-29,279.75,255.34410095214844,16281.824231892631,256.394,15020.080331241777,18394.680103676656
2020-06,2020-06-30,283.42999267578125,260.04779052734375,16581.751454096477,257.797,15213.515916322413,18607.43166538091
2020-07,2020-07-31,300.1000061035156,275.3426513671875,17557.016733055323,259.101,16027.237960432072,18822.643896515267
2020-08,2020-08-31,321.0199890136719,294.5367126464844,18780.911590545114,259.918,17090.60208971169,19040.345257007335
2020-09,2020-09-30,307.6499938964844,283.4731750488281,18075.453450426452,260.28,16425.75928754463,19260.56453595021
2020-10,2020-10-30,299.82000732421875,276.2584533691406,17615.41215778382,260.388,16001.06518203534,19483.330855409607
2020-11,2020-11-30,332.6400146484375,306.499267578125,19543.694893684093,260.229,17763.47922302522,19708.67367427497
2020-12,2020-12-31,343.69000244140625,317.97589111328125,20275.49314740617,260.474,18411.284875612328,19936.622792155173
2021-01,2021-01-29,340.17999267578125,314.72845458984375,20068.42280396892,261.582,18146.063963532462,20167.208353319234
2021-02,2021-02-26,349.5899963378906,323.43450927734375,20623.557822348233,263.014,18546.491874694562,20400.460850682655
2021-03,2021-03-31,364.29998779296875,338.2323913574219,21567.13362509316,264.877,19258.622986046958,20636.411129839824
2021-04,2021-04-30,383.57000732421875,356.12353515625,22707.948931003146,267.054,20112.02835720686,20875.090393143073
2021-05,2021-05-28,386.1300048828125,358.5003662109375,22859.505772602468,269.195,20085.23413460428,21116.53020382894
2021-06,2021-06-30,393.5199890136719,366.6007385253906,23376.019910759635,271.696,20349.99819427751,21360.76249019209
2021-07,2021-07-30,403.1499938964844,375.572021484375,23948.067010058516,273.003,20748.18426740399,21607.81954980759
2021-08,2021-08-31,415.04998779296875,386.6579895019531,24654.955409005375,273.567,21316.58178111759,21857.734053801953
2021-09,2021-09-30,394.3999938964844,368.6255187988281,23505.128499512546,274.31,20267.40008875799,22110.539051173622
2021-10,2021-10-29,422.1600036621094,394.5714416503906,25159.55072359421,276.589,21515.18221945963,22366.2679731634
2021-11,2021-11-30,419.05999755859375,391.6739807128906,24974.79630973763,277.948,21252.76561500962,22624.954637675466
2021-12,2021-12-31,436.57000732421875,409.5352783203125,26113.70849573744,278.802,22153.87587590583,22886.63325374943
2022-01,2022-01-31,413.69000244140625,388.0720520019531,24745.12203902369,281.148,20817.647610084645,23151.338426084258
2022-02,2022-02-28,401.3599853515625,376.5056457519531,24007.598858128054,283.716,20014.371131408654,23419.105159614388
2022-03,2022-03-31,415.1700134277344,390.7721252441406,24917.290175192113,287.504,20499.061086758145,23689.968864138846
2022-04,2022-04-29,378.70001220703125,356.4453125,22728.46682091408,289.109,18594.546052930567,23963.96535900387
2022-05,2022-05-31,379.67999267578125,357.36773681640625,22787.284512534712,292.296,18439.398655223722,24241.130877839703
2022-06,2022-06-30,346.8800048828125,327.8330993652344,20904.030605592994,296.311,16686.271650353458,24521.502073352196
2022-07,2022-07-29,378.7900085449219,357.9910583496094,22827.03014051563,296.276,18223.42445552613,24805.116022169776
2022-08,2022-08-31,363.1499938964844,343.20977783203125,21884.512923896607,296.171,17477.1818284864,25092.010229746516
2022-09,2022-09-30,328.29998779296875,311.6383056640625,19871.38178570247,296.808,15835.417431010204,25382.222635321905
2022-10,2022-10-31,354.95001220703125,336.93585205078125,21484.460772962466,298.012,17051.70289896027,25675.791616937982
2022-11,2022-11-30,374.489990234375,355.484130859375,22667.177797712753,297.711,18008.586275293856,25972.755996514486
2022-12,2022-12-30,351.3399963378906,335.106201171875,21367.7944630497,296.797,17028.53325799395,26273.155044982723
2023-01,2023-01-31,373.44000244140625,356.18505859375,22711.871926646207,299.17,17956.09689290368,26577.02848747879
2023-02,2023-02-28,364.1099853515625,347.28619384765625,22144.442520135515,300.84,17410.298720499446,26884.416508596893
2023-03,2023-03-31,376.07000732421875,360.17041015625,22965.99486663566,301.836,17996.633721063758,27195.35975770338
2023-04,2023-04-28,382.04998779296875,365.8975830078125,23331.18372890855,303.363,18190.77551145029,27509.899354312296
2023-05,2023-05-31,383.8900146484375,367.6597900390625,23443.54953268482,304.127,18232.467203563898,27828.07689352305
2023-06,2023-06-30,407.2799987792969,391.59405517578125,24969.69991807633,305.109,19356.879912172386,28149.934451521018
2023-07,2023-07-31,420.67999267578125,404.4779052734375,25791.228913411935,305.691,19955.675563705696,28475.51459114174
2023-08,2023-08-31,413.8299865722656,397.8917236328125,25371.26600284495,307.026,19545.376259088487,28804.86036749949
2023-09,2023-09-29,392.70001220703125,379.0159606933594,24167.667199202948,307.789,18572.00057276731,29138.015333680913
2023-10,2023-10-31,384.1700134277344,370.78326416015625,23642.715506924593,307.671,18175.561834801912,29475.023546504584
2023-11,2023-11-30,419.3999938964844,404.7855529785156,25810.845837557623,307.051,19882.39840198637,29815.92957234709
2023-12,2023-12-29,436.79998779296875,423.3191833496094,26992.62881572623,306.746,20813.414129734854,30160.77849303656
2024-01,2024-01-31,443.82000732421875,430.12249755859375,27426.437020936264,308.417,21033.33479145751,30509.615911814348
2024-02,2024-02-29,466.92999267578125,452.51922607421875,28854.547541998043,310.326,21992.42685875849,30862.487959365644
2024-03,2024-03-28,480.70001220703125,467.3623962402344,29801.01110542467,312.332,22567.92180023363,31219.44129991988
2024-04,2024-04-30,461.42999267578125,448.6271057128906,28606.369419314917,313.548,21579.220811178704,31580.523137421627
2024-05,2024-05-31,484.6199951171875,471.1736755371094,30044.03445853514,314.069,22626.12753982413,31945.781221772922
2024-06,2024-06-28,500.1300048828125,487.98114013671875,31115.749776704488,314.175,23425.328927938343,32315.26385514779
2024-07,2024-07-31,505.92999267578125,493.6402282714844,31476.597268302936,314.54,23669.492493435973,32689.019898379753
2024-08,2024-08-30,518.0399780273438,505.4560241699219,32230.022592251695,314.796,24216.33722675108,33067.09877742324
2024-09,2024-09-30,527.6699829101562,516.4562377929688,32931.44292683496,315.301,24703.726084819395,33449.55048988981
2024-10,2024-10-31,522.6699829101562,511.56243896484375,32619.393531338235,315.664,24441.501264001523,33836.425611659775
2024-11,2024-11-29,553.4500122070312,541.6884765625,34540.357623084965,315.493,25894.89493205926,34227.77530357052
2024-12,2024-12-31,538.8099975585938,529.0474243164062,33734.31044984073,315.605,25281.62665087238,34623.65131818202
2025-01,2025-01-31,553.3300170898438,543.3043823242188,34643.39463662669,317.671,25794.0728503015,35024.1060066207
2025-02,2025-02-28,546.3300170898438,536.4312133789062,34205.132196780265,319.082,25355.140349012017,35429.19232550234
2025-03,2025-03-31,513.9099731445312,506.3480529785156,32286.902137215333,319.799,23879.560373875018,35838.96384393525
2025-04,2025-04-30,509.739990234375,502.2393798828125,32024.915692566352,320.795,23612.254505787983,36253.47475060417
2025-05,2025-05-30,541.760009765625,533.788330078125,34036.610734141155,321.465,25043.19087270072,36672.779860936316
2025-06,2025-06-30,568.030029296875,561.3995971679688,35797.22237897773,322.561,26249.106442464235,37096.93462435029
2025-07,2025-07-31,581.02001953125,574.2379760742188,36615.85193804936,323.048,26808.90882979348,37525.99513158867
2025-08,2025-08-29,593.0800170898438,586.1572265625,37375.87396598124,323.976,27286.9860415701,37960.018122135596
2025-09,2025-09-30,612.3800048828125,606.9628295898438,38702.52756896864,324.8,28183.85262700218,38399.060991720056
2025-10,2025-10-31,627.0399780273438,621.4931030273438,39629.03950822447,,,38843.18179990593
2025-11,2025-11-28,628.4099731445312,622.8510131835938,39715.625626346344,324.122,28982.106587246682,39292.439277769896
2025-12,2025-12-31,627.1300048828125,623.3413696289062,39746.89283566813,324.054,29011.009979683648,39746.892835668106
