month,BusEq_percent,return_decimal,loss_decimal,source_line
199001,-0.94,-0.0094,0.0094,775
199002,3.53,0.0353,-0.0353,776
199003,4.10,0.0410,-0.0410,777
199004,-1.46,-0.0146,0.0146,778
199005,11.64,0.1164,-0.1164,779
199006,-2.00,-0.0200,0.0200,780
199007,-6.52,-0.0652,0.0652,781
199008,-12.22,-0.1222,0.1222,782
199009,-6.16,-0.0616,0.0616,783
199010,-3.82,-0.0382,0.0382,784
199011,10.47,0.1047,-0.1047,785
199012,3.93,0.0393,-0.0393,786
199101,14.36,0.1436,-0.1436,787
199102,5.98,0.0598,-0.0598,788
199103,-0.61,-0.0061,0.0061,789
199104,-3.01,-0.0301,0.0301,790
199105,3.47,0.0347,-0.0347,791
199106,-9.19,-0.0919,0.0919,792
199107,4.15,0.0415,-0.0415,793
199108,1.37,0.0137,-0.0137,794
199109,-2.13,-0.0213,0.0213,795
199110,0.13,0.0013,-0.0013,796
199111,-5.01,-0.0501,0.0501,797
199112,7.05,0.0705,-0.0705,798
199201,7.35,0.0735,-0.0735,799
199202,4.45,0.0445,-0.0445,800
199203,-4.94,-0.0494,0.0494,801
199204,0.20,0.0020,-0.0020,802
199205,-0.75,-0.0075,0.0075,803
199206,-2.71,-0.0271,0.0271,804
199207,2.67,0.0267,-0.0267,805
199208,-5.32,-0.0532,0.0532,806
199209,2.38,0.0238,-0.0238,807
199210,-0.03,-0.0003,0.0003,808
199211,6.77,0.0677,-0.0677,809
199212,0.32,0.0032,-0.0032,810
199301,5.10,0.0510,-0.0510,811
199302,0.75,0.0075,-0.0075,812
199303,1.51,0.0151,-0.0151,813
199304,-2.69,-0.0269,0.0269,814
199305,9.23,0.0923,-0.0923,815
199306,-0.48,-0.0048,0.0048,816
199307,-2.81,-0.0281,0.0281,817
199308,7.83,0.0783,-0.0783,818
199309,-0.05,-0.0005,0.0005,819
199310,1.19,0.0119,-0.0119,820
199311,-0.07,-0.0007,0.0007,821
199312,4.15,0.0415,-0.0415,822
199401,4.55,0.0455,-0.0455,823
199402,1.60,0.0160,-0.0160,824
199403,-3.67,-0.0367,0.0367,825
199404,-2.43,-0.0243,0.0243,826
199405,0.63,0.0063,-0.0063,827
199406,-5.03,-0.0503,0.0503,828
199407,5.09,0.0509,-0.0509,829
199408,9.22,0.0922,-0.0922,830
199409,-0.99,-0.0099,0.0099,831
199410,6.94,0.0694,-0.0694,832
199411,-2.28,-0.0228,0.0228,833
199412,2.75,0.0275,-0.0275,834
199501,-0.59,-0.0059,0.0059,835
199502,6.65,0.0665,-0.0665,836
199503,4.32,0.0432,-0.0432,837
199504,9.28,0.0928,-0.0928,838
199505,3.34,0.0334,-0.0334,839
199506,10.15,0.1015,-0.1015,840
199507,8.73,0.0873,-0.0873,841
199508,-0.16,-0.0016,0.0016,842
199509,1.29,0.0129,-0.0129,843
199510,0.03,0.0003,-0.0003,844
199511,-1.41,-0.0141,0.0141,845
199512,-4.58,-0.0458,0.0458,846
199601,2.11,0.0211,-0.0211,847
199602,6.93,0.0693,-0.0693,848
199603,-4.55,-0.0455,0.0455,849
199604,10.57,0.1057,-0.1057,850
199605,4.32,0.0432,-0.0432,851
199606,-6.32,-0.0632,0.0632,852
199607,-7.54,-0.0754,0.0754,853
199608,5.10,0.0510,-0.0510,854
199609,10.66,0.1066,-0.1066,855
199610,-1.23,-0.0123,0.0123,856
199611,14.01,0.1401,-0.1401,857
199612,-2.42,-0.0242,0.0242,858
199701,10.36,0.1036,-0.1036,859
199702,-8.16,-0.0816,0.0816,860
199703,-5.22,-0.0522,0.0522,861
199704,6.02,0.0602,-0.0602,862
199705,10.21,0.1021,-0.1021,863
199706,0.93,0.0093,-0.0093,864
199707,18.90,0.1890,-0.1890,865
199708,-0.79,-0.0079,0.0079,866
199709,3.89,0.0389,-0.0389,867
199710,-10.68,-0.1068,0.1068,868
199711,0.64,0.0064,-0.0064,869
199712,-4.76,-0.0476,0.0476,870
199801,5.08,0.0508,-0.0508,871
199802,9.65,0.0965,-0.0965,872
199803,-2.18,-0.0218,0.0218,873
199804,7.61,0.0761,-0.0761,874
199805,-7.14,-0.0714,0.0714,875
199806,4.64,0.0464,-0.0464,876
199807,3.85,0.0385,-0.0385,877
199808,-17.49,-0.1749,0.1749,878
199809,13.18,0.1318,-0.1318,879
199810,10.06,0.1006,-0.1006,880
199811,10.34,0.1034,-0.1034,881
199812,14.09,0.1409,-0.1409,882
199901,13.29,0.1329,-0.1329,883
199902,-12.31,-0.1231,0.1231,884
199903,5.09,0.0509,-0.0509,885
199904,6.19,0.0619,-0.0619,886
199905,0.03,0.0003,-0.0003,887
199906,12.86,0.1286,-0.1286,888
199907,2.41,0.0241,-0.0241,889
199908,7.80,0.0780,-0.0780,890
199909,-2.45,-0.0245,0.0245,891
199910,3.17,0.0317,-0.0317,892
199911,14.16,0.1416,-0.1416,893
199912,17.29,0.1729,-0.1729,894
200001,-1.28,-0.0128,0.0128,895
200002,24.72,0.2472,-0.2472,896
200003,4.72,0.0472,-0.0472,897
200004,-6.03,-0.0603,0.0603,898
200005,-11.47,-0.1147,0.1147,899
200006,12.82,0.1282,-0.1282,900
200007,-3.28,-0.0328,0.0328,901
200008,12.84,0.1284,-0.1284,902
200009,-17.73,-0.1773,0.1773,903
200010,-6.66,-0.0666,0.0666,904
200011,-24.28,-0.2428,0.2428,905
200012,-8.29,-0.0829,0.0829,906
200101,13.93,0.1393,-0.1393,907
200102,-31.53,-0.3153,0.3153,908
200103,-14.14,-0.1414,0.1414,909
200104,15.93,0.1593,-0.1593,910
200105,-6.35,-0.0635,0.0635,911
200106,-1.57,-0.0157,0.0157,912
200107,-4.33,-0.0433,0.0433,913
200108,-11.16,-0.1116,0.1116,914
200109,-24.51,-0.2451,0.2451,915
200110,19.58,0.1958,-0.1958,916
200111,20.19,0.2019,-0.2019,917
200112,-3.94,-0.0394,0.0394,918
200201,3.35,0.0335,-0.0335,919
200202,-16.68,-0.1668,0.1668,920
200203,9.73,0.0973,-0.0973,921
200204,-8.52,-0.0852,0.0852,922
200205,-2.71,-0.0271,0.0271,923
200206,-18.52,-0.1852,0.1852,924
200207,-9.20,-0.0920,0.0920,925
200208,-3.42,-0.0342,0.0342,926
200209,-17.48,-0.1748,0.1748,927
200210,15.59,0.1559,-0.1559,928
200211,21.41,0.2141,-0.2141,929
200212,-15.94,-0.1594,0.1594,930
200301,-0.96,-0.0096,0.0096,931
200302,3.07,0.0307,-0.0307,932
200303,-2.21,-0.0221,0.0221,933
200304,10.50,0.1050,-0.1050,934
200305,13.86,0.1386,-0.1386,935
200306,0.34,0.0034,-0.0034,936
200307,8.49,0.0849,-0.0849,937
200308,8.20,0.0820,-0.0820,938
200309,-2.64,-0.0264,0.0264,939
200310,13.09,0.1309,-0.1309,940
200311,3.04,0.0304,-0.0304,941
200312,0.08,0.0008,-0.0008,942
200401,4.85,0.0485,-0.0485,943
200402,-2.72,-0.0272,0.0272,944
200403,-2.52,-0.0252,0.0252,945
200404,-8.06,-0.0806,0.0806,946
200405,6.86,0.0686,-0.0686,947
200406,1.25,0.0125,-0.0125,948
200407,-10.33,-0.1033,0.1033,949
200408,-5.94,-0.0594,0.0594,950
200409,2.53,0.0253,-0.0253,951
200410,5.51,0.0551,-0.0551,952
200411,5.22,0.0522,-0.0522,953
200412,3.03,0.0303,-0.0303,954
200501,-6.28,-0.0628,0.0628,955
200502,1.75,0.0175,-0.0175,956
200503,-2.59,-0.0259,0.0259,957
200504,-4.32,-0.0432,0.0432,958
200505,10.34,0.1034,-0.1034,959
200506,-1.13,-0.0113,0.0113,960
200507,6.66,0.0666,-0.0666,961
200508,-1.19,-0.0119,0.0119,962
200509,1.46,0.0146,-0.0146,963
200510,-4.44,-0.0444,0.0444,964
200511,7.33,0.0733,-0.0733,965
200512,-1.46,-0.0146,0.0146,966
200601,4.79,0.0479,-0.0479,967
200602,0.63,0.0063,-0.0063,968
200603,3.02,0.0302,-0.0302,969
200604,-0.27,-0.0027,0.0027,970
200605,-7.35,-0.0735,0.0735,971
200606,-3.14,-0.0314,0.0314,972
200607,-4.77,-0.0477,0.0477,973
200608,9.10,0.0910,-0.0910,974
200609,2.85,0.0285,-0.0285,975
200610,2.14,0.0214,-0.0214,976
200611,4.02,0.0402,-0.0402,977
200612,-1.31,-0.0131,0.0131,978
200701,1.15,0.0115,-0.0115,979
200702,-1.14,-0.0114,0.0114,980
200703,0.26,0.0026,-0.0026,981
200704,5.02,0.0502,-0.0502,982
200705,4.10,0.0410,-0.0410,983
200706,2.05,0.0205,-0.0205,984
200707,-0.08,-0.0008,0.0008,985
200708,3.67,0.0367,-0.0367,986
200709,3.73,0.0373,-0.0373,987
200710,3.97,0.0397,-0.0397,988
200711,-7.58,-0.0758,0.0758,989
200712,0.39,0.0039,-0.0039,990
200801,-14.17,-0.1417,0.1417,991
200802,-1.75,-0.0175,0.0175,992
200803,0.36,0.0036,-0.0036,993
200804,6.80,0.0680,-0.0680,994
200805,6.23,0.0623,-0.0623,995
200806,-9.74,-0.0974,0.0974,996
200807,0.30,0.0030,-0.0030,997
200808,2.93,0.0293,-0.0293,998
200809,-15.81,-0.1581,0.1581,999
200810,-17.68,-0.1768,0.1768,1000
200811,-11.63,-0.1163,0.1163,1001
200812,1.84,0.0184,-0.0184,1002
200901,-3.08,-0.0308,0.0308,1003
200902,-6.87,-0.0687,0.0687,1004
200903,13.08,0.1308,-0.1308,1005
200904,14.28,0.1428,-0.1428,1006
200905,2.18,0.0218,-0.0218,1007
200906,4.55,0.0455,-0.0455,1008
200907,10.36,0.1036,-0.1036,1009
200908,2.19,0.0219,-0.0219,1010
200909,5.61,0.0561,-0.0561,1011
200910,-3.90,-0.0390,0.0390,1012
200911,4.34,0.0434,-0.0434,1013
200912,6.63,0.0663,-0.0663,1014
201001,-8.05,-0.0805,0.0805,1015
201002,6.25,0.0625,-0.0625,1016
201003,8.19,0.0819,-0.0819,1017
201004,3.83,0.0383,-0.0383,1018
201005,-7.24,-0.0724,0.0724,1019
201006,-6.05,-0.0605,0.0605,1020
201007,6.45,0.0645,-0.0645,1021
201008,-8.40,-0.0840,0.0840,1022
201009,13.79,0.1379,-0.1379,1023
201010,4.48,0.0448,-0.0448,1024
201011,1.03,0.0103,-0.0103,1025
201012,5.20,0.0520,-0.0520,1026
201101,4.85,0.0485,-0.0485,1027
201102,3.07,0.0307,-0.0307,1028
201103,-2.50,-0.0250,0.0250,1029
201104,3.05,0.0305,-0.0305,1030
201105,-1.28,-0.0128,0.0128,1031
201106,-3.47,-0.0347,0.0347,1032
201107,-1.57,-0.0157,0.0157,1033
201108,-7.23,-0.0723,0.0723,1034
201109,-5.34,-0.0534,0.0534,1035
201110,12.08,0.1208,-0.1208,1036
201111,-1.99,-0.0199,0.0199,1037
201112,-0.75,-0.0075,0.0075,1038
201201,10.66,0.1066,-0.1066,1039
201202,7.37,0.0737,-0.0737,1040
201203,5.34,0.0534,-0.0534,1041
201204,-3.26,-0.0326,0.0326,1042
201205,-8.08,-0.0808,0.0808,1043
201206,1.68,0.0168,-0.0168,1044
201207,0.71,0.0071,-0.0071,1045
201208,5.40,0.0540,-0.0540,1046
201209,-0.28,-0.0028,0.0028,1047
201210,-7.27,-0.0727,0.0727,1048
201211,1.68,0.0168,-0.0168,1049
201212,-0.61,-0.0061,0.0061,1050
201301,-0.87,-0.0087,0.0087,1051
201302,0.40,0.0040,-0.0040,1052
201303,3.01,0.0301,-0.0301,1053
201304,-0.86,-0.0086,0.0086,1054
201305,5.40,0.0540,-0.0540,1055
201306,-3.39,-0.0339,0.0339,1056
201307,7.12,0.0712,-0.0712,1057
201308,-0.49,-0.0049,0.0049,1058
201309,2.67,0.0267,-0.0267,1059
201310,4.55,0.0455,-0.0455,1060
201311,3.60,0.0360,-0.0360,1061
201312,3.51,0.0351,-0.0351,1062
201401,-2.79,-0.0279,0.0279,1063
201402,4.66,0.0466,-0.0466,1064
201403,1.57,0.0157,-0.0157,1065
201404,0.94,0.0094,-0.0094,1066
201405,4.43,0.0443,-0.0443,1067
201406,3.45,0.0345,-0.0345,1068
201407,-0.46,-0.0046,0.0046,1069
201408,5.13,0.0513,-0.0513,1070
201409,-1.77,-0.0177,0.0177,1071
201410,2.92,0.0292,-0.0292,1072
201411,6.47,0.0647,-0.0647,1073
201412,-1.64,-0.0164,0.0164,1074
201501,-2.26,-0.0226,0.0226,1075
201502,8.43,0.0843,-0.0843,1076
201503,-3.08,-0.0308,0.0308,1077
201504,-0.06,-0.0006,0.0006,1078
201505,4.09,0.0409,-0.0409,1079
201506,-4.87,-0.0487,0.0487,1080
201507,-0.81,-0.0081,0.0081,1081
201508,-6.31,-0.0631,0.0631,1082
201509,-1.71,-0.0171,0.0171,1083
201510,8.54,0.0854,-0.0854,1084
201511,0.31,0.0031,-0.0031,1085
201512,-4.57,-0.0457,0.0457,1086
201601,-7.72,-0.0772,0.0772,1087
201602,1.45,0.0145,-0.0145,1088
201603,8.83,0.0883,-0.0883,1089
201604,-5.42,-0.0542,0.0542,1090
201605,5.53,0.0553,-0.0553,1091
201606,-1.37,-0.0137,0.0137,1092
201607,7.98,0.0798,-0.0798,1093
201608,2.33,0.0233,-0.0233,1094
201609,3.99,0.0399,-0.0399,1095
201610,-2.24,-0.0224,0.0224,1096
201611,2.41,0.0241,-0.0241,1097
201612,2.07,0.0207,-0.0207,1098
201701,3.28,0.0328,-0.0328,1099
201702,6.70,0.0670,-0.0670,1100
201703,2.37,0.0237,-0.0237,1101
201704,0.85,0.0085,-0.0085,1102
201705,4.53,0.0453,-0.0453,1103
201706,-3.37,-0.0337,0.0337,1104
201707,3.05,0.0305,-0.0305,1105
201708,4.92,0.0492,-0.0492,1106
201709,1.07,0.0107,-0.0107,1107
201710,7.12,0.0712,-0.0712,1108
201711,2.52,0.0252,-0.0252,1109
201712,-0.83,-0.0083,0.0083,1110
201801,5.51,0.0551,-0.0551,1111
201802,1.98,0.0198,-0.0198,1112
201803,-2.71,-0.0271,0.0271,1113
201804,-2.05,-0.0205,0.0205,1114
201805,7.79,0.0779,-0.0779,1115
201806,-2.01,-0.0201,0.0201,1116
201807,2.76,0.0276,-0.0276,1117
201808,9.59,0.0959,-0.0959,1118
201809,-0.18,-0.0018,0.0018,1119
201810,-8.18,-0.0818,0.0818,1120
201811,-4.70,-0.0470,0.0470,1121
201812,-9.01,-0.0901,0.0901,1122
201901,7.46,0.0746,-0.0746,1123
201902,7.38,0.0738,-0.0738,1124
201903,4.35,0.0435,-0.0435,1125
201904,5.30,0.0530,-0.0530,1126
201905,-11.62,-0.1162,0.1162,1127
201906,11.16,0.1116,-0.1116,1128
201907,3.26,0.0326,-0.0326,1129
201908,-3.11,-0.0311,0.0311,1130
201909,4.23,0.0423,-0.0423,1131
201910,5.09,0.0509,-0.0509,1132
201911,5.02,0.0502,-0.0502,1133
201912,6.32,0.0632,-0.0632,1134
202001,0.97,0.0097,-0.0097,1135
202002,-9.02,-0.0902,0.0902,1136
202003,-8.65,-0.0865,0.0865,1137
202004,13.97,0.1397,-0.1397,1138
202005,8.02,0.0802,-0.0802,1139
202006,6.63,0.0663,-0.0663,1140
202007,9.52,0.0952,-0.0952,1141
202008,11.76,0.1176,-0.1176,1142
202009,-5.14,-0.0514,0.0514,1143
202010,-3.18,-0.0318,0.0318,1144
202011,11.73,0.1173,-0.1173,1145
202012,7.21,0.0721,-0.0721,1146
202101,1.26,0.0126,-0.0126,1147
202102,-1.90,-0.0190,0.0190,1148
202103,1.69,0.0169,-0.0169,1149
202104,4.07,0.0407,-0.0407,1150
202105,-0.76,-0.0076,0.0076,1151
202106,7.42,0.0742,-0.0742,1152
202107,3.59,0.0359,-0.0359,1153
202108,4.03,0.0403,-0.0403,1154
202109,-5.82,-0.0582,0.0582,1155
202110,7.15,0.0715,-0.0715,1156
202111,8.76,0.0876,-0.0876,1157
202112,4.38,0.0438,-0.0438,1158
202201,-7.72,-0.0772,0.0772,1159
202202,-2.66,-0.0266,0.0266,1160
202203,4.35,0.0435,-0.0435,1161
202204,-12.41,-0.1241,0.1241,1162
202205,-0.86,-0.0086,0.0086,1163
202206,-10.18,-0.1018,0.1018,1164
202207,15.79,0.1579,-0.1579,1165
202208,-5.86,-0.0586,0.0586,1166
202209,-11.67,-0.1167,0.1167,1167
202210,8.83,0.0883,-0.0883,1168
202211,5.19,0.0519,-0.0519,1169
202212,-9.11,-0.0911,0.0911,1170
202301,9.85,0.0985,-0.0985,1171
202302,1.36,0.0136,-0.0136,1172
202303,9.85,0.0985,-0.0985,1173
202304,-1.83,-0.0183,0.0183,1174
202305,8.26,0.0826,-0.0826,1175
202306,8.02,0.0802,-0.0802,1176
202307,3.49,0.0349,-0.0349,1177
202308,-1.52,-0.0152,0.0152,1178
202309,-7.91,-0.0791,0.0791,1179
202310,-3.88,-0.0388,0.0388,1180
202311,12.13,0.1213,-0.1213,1181
202312,6.29,0.0629,-0.0629,1182
202401,2.34,0.0234,-0.0234,1183
202402,7.98,0.0798,-0.0798,1184
202403,2.95,0.0295,-0.0295,1185
202404,-3.53,-0.0353,0.0353,1186
202405,13.40,0.1340,-0.1340,1187
202406,7.77,0.0777,-0.0777,1188
202407,0.33,0.0033,-0.0033,1189
202408,1.46,0.0146,-0.0146,1190
202409,2.24,0.0224,-0.0224,1191
202410,0.00,0.0000,-0.0000,1192
202411,3.50,0.0350,-0.0350,1193
202412,2.50,0.0250,-0.0250,1194
202501,-4.44,-0.0444,0.0444,1195
202502,-0.74,-0.0074,0.0074,1196
202503,-9.82,-0.0982,0.0982,1197
202504,-1.17,-0.0117,0.0117,1198
202505,9.29,0.0929,-0.0929,1199
202506,10.80,0.1080,-0.1080,1200
202507,6.13,0.0613,-0.0613,1201
202508,3.40,0.0340,-0.0340,1202
202509,8.15,0.0815,-0.0815,1203
202510,9.17,0.0917,-0.0917,1204
202511,-2.88,-0.0288,0.0288,1205
202512,-0.66,-0.0066,0.0066,1206
