date,FISV_split_adjusted_close,IPAY_split_adjusted_close,FISV_price_index,IPAY_price_index
2025-01-02,205.97999572753906,58.09000015258789,100.0,100.0
2025-01-03,208.57000732421875,59.27000045776367,101.25740928750461,102.03133121376521
2025-01-06,205.6300048828125,59.470001220703125,99.8300850315632,102.3756258641596
2025-01-07,203.82000732421875,58.540000915527344,98.95136010868869,100.77466132166882
2025-01-08,205.22999572753906,58.349998474121094,99.63588697176591,100.44757844870074
2025-01-10,200.50999450683594,56.61000061035156,97.34440172144745,97.45223009408033
2025-01-13,201.52999877929688,56.459999084472656,97.8395975140574,97.19400746456597
2025-01-14,204.47000122070312,57.130001068115234,99.26692176999883,98.34739355835603
2025-01-15,204.25,58.33000183105469,99.16011468908495,100.41315489384812
2025-01-16,206.25999450683594,58.70000076293945,100.13593493790884,101.05009572860948
2025-01-17,208.5800018310547,59.220001220703125,101.26226146103761,101.9452591928852
2025-01-21,208.97999572753906,59.70000076293945,101.45645211293638,102.77156241370717
2025-01-22,209.4499969482422,59.630001068115234,101.68463020326162,102.65106027110026
2025-01-23,206.49000549316406,60.04999923706055,100.24760160025423,103.37407312674165
2025-01-24,208.83999633789062,60.150001525878906,101.38848464398195,103.54622373537599
2025-01-27,213.1300048828125,60.0,103.47121531390415,103.28800110586162
2025-01-28,211.72000122070312,60.56999969482422,102.78668104292841,104.26923659101736
2025-01-29,212.50999450683594,60.83000183105469,103.17021017319297,104.71682160659235
2025-01-30,215.91000366210938,61.720001220703125,104.82086034592663,106.24892590562942
2025-01-31,216.0399932861328,61.189998626708984,104.88396823344954,105.33654409705315
2025-02-03,216.6199951171875,60.77000045776367,105.16554986423175,104.61353124141175
2025-02-04,214.22000122070312,60.27000045776367,104.00039113704204,103.75279789886291
2025-02-05,229.52999877929688,61.36000061035156,111.43315056813026,105.62919684829437
2025-02-06,231.24000549316406,60.88999938964844,112.26333153197933,104.8201054048987
2025-02-07,230.05999755859375,60.720001220703125,111.69045651545046,104.52745922053172
2025-02-10,230.64999389648438,60.939998626708984,111.97689031976566,104.90617742577872
2025-02-11,229.88999938964844,60.060001373291016,111.60792511799858,103.39129147104222
2025-02-12,227.72999572753906,59.900001525878906,110.55927781878874,103.11585706410156
2025-02-13,229.8699951171875,60.88999938964844,111.59821336303406,104.8201054048987
2025-02-14,230.60000610351562,61.28099822998047,111.9526220442022,105.49319688244212
2025-02-18,236.27999877929688,62.04399871826172,114.71016782223711,106.80667680373158
2025-02-19,236.33999633789062,60.900001525878906,114.73929567923207,104.83732374919926
2025-02-20,234.42999267578125,60.25,113.8120193894336,103.71836777713605
2025-02-21,232.33999633789062,57.970001220703125,112.79735952865025,99.79342583651307
2025-02-24,232.08999633789062,57.63999938964844,112.67598851923889,99.22533867833118
2025-02-25,232.3800048828125,57.404998779296875,112.81678303857923,98.82079295663335
2025-02-26,229.7100067138672,57.22999954223633,111.52054154701368,98.51953760011611
2025-02-27,231.5800018310547,57.02000045776367,112.42839432688316,98.15803117229541
2025-02-28,235.69000244140625,57.880001068115234,114.42373401792192,99.63849357217931
2025-03-03,237.7899932861328,57.05400085449219,115.44324605223828,98.21656172254364
2025-03-04,223.9199981689453,55.41699981689453,108.70958482062329,95.39851897284893
2025-03-05,225.9600067138672,56.27000045776367,109.69997640584319,96.86693115847214
2025-03-06,219.9499969482422,54.7599983215332,106.78221259853895,94.26751278652503
2025-03-07,218.0399932861328,55.034000396728516,105.85493630874048,94.7391982306214
2025-03-10,214.6199951171875,52.880001068115234,104.19458178894084,91.03116014669084
2025-03-11,213.41000366210938,52.513999938964844,103.607150251813,90.4011013961503
2025-03-12,211.3300018310547,52.790000915527344,102.59734256456261,90.87622788235707
2025-03-13,209.4499969482422,51.90999984741211,101.68463020326162,89.36133536074631
2025-03-14,214.61000061035156,53.13999938964844,104.18972961540784,91.47873859539156
2025-03-17,218.16000366210938,53.94499969482422,105.91319943062891,92.86451980224516
2025-03-18,216.94000244140625,53.486000061035156,105.32090831206958,92.07436722420523
2025-03-19,220.35000610351562,54.810001373291016,106.97641065833623,94.35359137427932
2025-03-20,221.7899932861328,54.83000183105469,107.67550144991094,94.38802149600619
2025-03-21,218.08999633789062,54.49300003051758,105.87921199220244,93.80788412356362
2025-03-24,221.7899932861328,55.470001220703125,107.67550144991094,95.48975912376883
2025-03-25,222.6199951171875,55.417999267578125,108.07845409010449,95.40023949390414
2025-03-26,221.69000244140625,54.90999984741211,107.62695749088552,94.5257354160394
2025-03-27,219.17999267578125,54.70000076293945,106.40838781534035,94.1642289882187
2025-03-28,216.1300048828125,53.2400016784668,104.92766742684051,91.65088920402589
2025-03-31,220.8300018310547,53.209999084472656,107.20944092219446,91.59924073799847
2025-04-01,222.00999450683594,53.689998626708984,107.78230853082482,92.42554395882044
2025-04-02,226.14999389648438,54.68199920654297,109.79221215036108,94.13323990860223
2025-04-03,216.89999389648438,51.277000427246094,105.30148480214059,88.27164794724436
2025-04-04,198.60000610351562,47.62200164794922,96.41713283954752,81.97968931461205
2025-04-07,198.44000244140625,47.15999984741211,96.33945361562859,81.18436860653226
2025-04-08,195.58999633789062,46.380001068115234,94.95582114517961,79.84162669355582
2025-04-09,210.3800048828125,51.63999938964844,102.13613421037913,88.89653856774503
2025-04-10,204.3800048828125,49.59000015258789,99.22322998450637,85.36753317666961
2025-04-11,208.13999938964844,50.560001373291016,101.04864729920983,87.03735796261412
2025-04-14,212.24000549316406,51.04999923706055,103.03913481671563,87.8808729608624
2025-04-15,212.8300018310547,51.34299850463867,103.3255686210308,88.38526143875617
2025-04-16,210.11000061035156,50.520999908447266,102.00505144600326,86.9702182402156
2025-04-17,208.66000366210938,50.68000030517578,101.30110107299706,87.24393212610107
2025-04-21,207.4600067138672,49.790000915527344,100.71852170940221,85.71182782706398
2025-04-22,214.2899932861328,51.349998474121094,104.03437116757,88.39731165301687
2025-04-23,217.10000610351562,52.349998474121094,105.3985875359885,90.11877833811457
2025-04-24,176.89999389648438,52.529998779296875,85.88212329632223,90.4286428667821
2025-04-25,177.52999877929688,52.84000015258789,86.1879806105664,90.96229990323711
2025-04-28,178.02999877929688,52.7400016784668,86.43072262938914,90.79015586147705
2025-04-29,185.2899932861328,53.72999954223633,89.9553340758517,92.49440420227417
2025-04-30,184.57000732421875,53.21699905395508,89.60579238401361,91.61129095225915
2025-05-01,183.02000427246094,53.08599853515625,88.85329064408344,91.38577792341646
2025-05-02,184.3699951171875,53.5,89.50868965016569,92.09846765272661
2025-05-05,185.5,53.611000061035156,90.0572889832326,92.28955055984245
2025-05-06,184.9499969482422,53.369998931884766,89.79027128094789,91.87467514493912
2025-05-07,182.19000244140625,53.54999923706055,88.45033800388988,92.18453967360665
2025-05-08,181.38999938964844,54.7130012512207,88.06194929219382,94.18660889568487
2025-05-09,184.07000732421875,54.81999969482422,89.36305036519087,94.37080315170563
2025-05-12,186.82000732421875,56.59000015258789,90.69813146871589,97.41779997235346
2025-05-13,191.0,57.72999954223633,92.72745119028262,99.38027094266495
2025-05-14,189.86000061035156,57.75600051879883,92.17399968368272,99.4250307575973
2025-05-15,159.1300048828125,56.689998626708984,77.25507728104938,97.58994401411353
2025-05-16,166.66000366210938,57.37099838256836,80.9107714918878,98.7622624063851
2025-05-19,169.13999938964844,57.46500015258789,82.11476983103695,98.92408332181394
2025-05-20,165.8699951171875,57.06999969482422,80.52723495372472,98.24410319317543
2025-05-21,162.22000122070312,55.74399948120117,78.7552211794782,95.96143800099094
2025-05-22,161.33999633789062,56.117000579833984,78.32799285582266,96.60354696579216
2025-05-23,159.33999633789062,55.66600036621094,77.35702478053175,95.82716512306814
2025-05-27,160.13999938964844,56.810001373291016,77.74541349222783,97.79652474447471
2025-05-28,160.74000549316406,56.209999084472656,78.03670687797451,96.76364079329154
2025-05-29,159.6199951171875,56.5099983215332,77.49295971844059,97.28007948544601
2025-05-30,162.7899932861328,56.46900177001953,79.03194322882887,97.20950528781133
2025-06-02,162.0,56.60499954223633,78.64841409856432,97.44362092193003
2025-06-03,162.11000061035156,57.064998626708984,78.70181763902126,98.23549402102516
2025-06-04,164.16000366210938,57.220001220703125,79.69706139777415,98.5023258226898
2025-06-05,165.3800048828125,57.45000076293945,80.2893525163335,98.89826237223735
2025-06-06,166.7100067138672,58.22100067138672,80.93504717534977,100.2255130288427
2025-06-09,166.94000244140625,58.334999084472656,81.04670642979664,100.42175749912414
2025-06-10,168.80999755859375,58.540000915527344,81.95455920966612,100.77466132166882
2025-06-11,168.07000732421875,58.61000061035156,81.59530576286353,100.89516346427571
2025-06-12,168.02000427246094,57.90999984741211,81.57103007940157,99.69013547133247
2025-06-13,163.02000427246094,55.959999084472656,79.14360989117426,96.33327412201712
2025-06-16,164.88999938964844,57.29999923706055,80.05146267104375,98.64003974272299
2025-06-17,163.44000244140625,56.90999984741211,79.34751229803754,97.96866878623479
2025-06-18,161.36000061035156,56.75,78.33770461078716,97.69323437929413
2025-06-20,163.3800048828125,56.63999938964844,79.31838444104258,97.50387199323349
2025-06-23,170.5399932861328,57.630001068115234,82.79444452058118,99.20812690090489
2025-06-24,172.66000366210938,59.435001373291016,83.82367571776055,102.31537479285615
2025-06-25,170.36000061035156,58.79999923706055,82.70706094959628,101.22223977036955
2025-06-26,171.36000061035156,59.2599983215332,83.19254498724175,102.01411286946467
2025-06-27,172.3300018310547,59.29999923706055,83.66346509638973,102.08297311291838
2025-06-30,172.41000366210938,59.91999816894531,83.70230470834919,103.15028061895417
2025-07-01,172.67999267578125,59.84000015258789,83.83338006482653,103.01256669892096
2025-07-02,172.4499969482422,60.209999084472656,83.72172081037965,103.64950753368231
2025-07-03,175.5500030517578,60.630001068115234,85.22672429023999,104.37252695619796
2025-07-07,173.30999755859375,60.470001220703125,84.13923737907069,104.0970925492573
2025-07-08,170.4199981689453,60.22999954223633,82.73618880659124,103.68393765540918
2025-07-09,170.9499969482422,60.65999984741211,82.99349475391146,104.42416885535113
2025-07-10,169.6999969482422,60.68000030517578,82.38663970685464,104.45859897707798
2025-07-11,165.52000427246094,58.869998931884766,80.35731998528792,101.34274191297644
2025-07-14,167.0,59.400001525878906,81.0758342867916,102.25512372155272
2025-07-15,164.4199981689453,58.88999938964844,79.82328458071851,101.3771720347033
2025-07-16,165.7100067138672,59.689998626708984,80.44956313770432,102.7543440694066
2025-07-17,167.35000610351562,60.428001403808594,81.24575666312693,104.02479126369317
2025-07-18,165.74000549316406,60.064998626708984,80.4641270662018,103.39989407631825
2025-07-21,165.4600067138672,60.145999908447266,80.32819212829295,103.5393350842809
2025-07-22,165.97999572753906,60.529998779296875,80.58063849418166,104.20037634756365
2025-07-23,143.0,60.48400115966797,69.4242173833006,104.12119297777869
2025-07-24,140.0800018310547,60.209999084472656,68.00660488232369,103.64950753368231
2025-07-25,142.02999877929688,60.75,68.95329727415262,104.57910111968489
2025-07-28,139.94000244140625,60.29399871826172,67.93863741336925,103.79411010481058
2025-07-29,142.5,59.3380012512207,69.18147536447786,102.14839231426171
2025-07-30,140.85000610351562,58.887001037597656,68.38042966552227,101.37201047153769
2025-07-31,138.94000244140625,58.29999923706055,67.4531533757238,100.36150642782069
2025-08-01,135.3300018310547,56.529998779296875,65.70055570350775,97.31450960717287
2025-08-04,136.14999389648438,57.7599983215332,66.09864876226979,99.43191284181812
2025-08-05,134.27999877929688,56.650001525878906,65.19079598240032,97.52109033753406
2025-08-06,134.0399932861328,57.209999084472656,65.07427714652194,98.48510747838924
2025-08-07,132.6999969482422,57.35100173950195,64.42373031397267,98.7278388515325
2025-08-08,133.24000549316406,56.7599983215332,64.68589584272438,97.71044615672042
2025-08-11,132.22000122070312,56.7859992980957,64.19070005011443,97.75520597165277
2025-08-12,132.32000732421875,57.81999969482422,64.23925141703839,99.53520320699872
2025-08-13,134.2899932861328,59.04800033569336,65.1956481559333,101.64916539953354
2025-08-14,134.6199951171875,58.59600067138672,65.35585877730412,100.87106303575433
2025-08-15,136.6999969482422,58.470001220703125,66.36566646455451,100.6541591790619
2025-08-18,137.05999755859375,58.67399978637695,66.54044101442281,101.00533591367713
2025-08-19,139.11000061035156,57.99800109863281,67.5356847731757,99.84162669355582
2025-08-20,139.9600067138672,57.95000076293945,67.94834916833375,99.75899571478621
2025-08-21,140.0,57.83300018310547,67.96776527036423,99.55758311446489
2025-08-22,139.67999267578125,59.965999603271484,67.81240682252638,103.22947055561337
2025-08-25,137.25999450683594,59.25,66.6375363403722,101.99690109203836
2025-08-26,137.8800048828125,59.417999267578125,66.93854148108338,102.2861062342949
2025-08-27,137.97999572753906,59.400001525878906,66.98708544010881,102.25512372155272
2025-08-28,137.64999389648438,59.82500076293945,66.82687481873798,102.9867457493444
2025-08-29,138.17999267578125,60.380001068115234,67.0841807660582,103.94216028492353
2025-09-02,136.77999877929688,59.279998779296875,66.40450607651395,102.04854299119152
2025-09-03,136.77000427246094,59.255001068115234,66.39965390298097,102.00551026418863
2025-09-04,136.17999267578125,59.57400131225586,66.11321269076727,102.55465855701476
2025-09-05,135.0500030517578,59.36800003051758,65.5646207655989,102.20003421341488
2025-09-08,135.2100067138672,59.59000015258789,65.64229998951782,102.58220002764654
2025-09-09,136.41000366210938,59.88999938964844,66.22487935311267,103.098638719801
2025-09-10,132.13999938964844,58.61000061035156,64.15186043815497,100.89516346427571
2025-09-11,135.6999969482422,59.27000045776367,65.88018242690904,102.03133121376521
2025-09-12,134.32000732421875,58.630001068115234,65.2102194923293,100.92959358600257
2025-09-15,132.64999389648438,58.88800048828125,64.39945463051069,101.3737309925929
2025-09-16,132.75,58.90999984741211,64.44800599743465,101.41160215643016
2025-09-17,134.17999267578125,59.45000076293945,65.14224461547636,102.34119574243275
2025-09-18,132.8699951171875,59.7400016784668,64.50626171142457,102.84042265716089
2025-09-19,131.8000030517578,59.36800003051758,63.98679764325116,102.20003421341488
2025-09-22,130.47999572753906,59.04999923706055,63.34595515776786,101.65260644164395
2025-09-23,129.82000732421875,58.22100067138672,63.02554132292474,100.2255130288427
2025-09-24,130.58999633789062,58.040000915527344,63.39935869822481,99.91392797911996
2025-09-25,128.66000366210938,57.11000061035156,62.46237806136037,98.31296343662918
2025-09-26,129.55999755859375,57.310001373291016,62.89931073208187,98.65725808702356
2025-09-29,130.4499969482422,58.02000045776367,63.33139122927038,99.8794978573931
2025-09-30,128.92999267578125,57.10100173950195,62.593453417837694,98.29747218025807
2025-10-01,126.08999633789062,57.150001525878906,61.21468052882024,98.3818236800829
2025-10-02,125.76000213623047,57.95000076293945,61.054473611398684,99.75899571478621
2025-10-03,127.55999755859375,58.11000061035156,61.928342656790946,100.03443012172686
2025-10-06,125.05000305175781,58.349998474121094,60.70978038914432,100.44757844870074
2025-10-07,126.69000244140625,58.36000061035156,61.50597391456692,100.46479679300128
2025-10-08,126.51000213623047,58.63999938964844,61.41858663963278,100.94680536342888
2025-10-09,125.95999908447266,58.380001068115234,61.15156893734807,100.49922691472814
2025-10-10,122.62999725341797,56.209999084472656,59.53490620304087,96.76364079329154
2025-10-13,122.55000305175781,56.446998596191406,59.49607029503067,97.1716275570998
2025-10-14,124.12000274658203,57.05699920654297,60.25828008597607,98.22172328570926
2025-10-15,121.11000061035156,56.560001373291016,58.79697209555744,97.3661580732003
2025-10-16,118.0,55.400001525878906,57.287116442164134,95.36925698116193
2025-10-17,121.6500015258789,56.119998931884766,59.059133920359905,96.60870852895778
2025-10-20,124.13999938964844,57.16999816894531,60.2679881369913,98.41624723493551
2025-10-21,126.06999969482422,57.619998931884766,61.20497247780501,99.19090855660431
2025-10-22,125.25,57.040000915527344,60.8068757150937,98.19246129402227
2025-10-23,123.95999908447266,57.47999954223633,60.180600862057155,98.94990427139052
2025-10-24,125.16999816894531,57.970001220703125,60.76803610313425,99.79342583651307
2025-10-27,126.54000091552734,58.29999923706055,61.43315056813026,100.36150642782069
2025-10-28,126.16999816894531,57.97800064086914,61.253520140779706,99.80719657182895
2025-10-29,70.5999984741211,54.81999969482422,34.275172316979535,94.37080315170563
2025-10-30,65.19000244140625,53.7400016784668,31.64870559937122,92.51162254657473
2025-10-31,66.69000244140625,54.279998779296875,32.37693165583941,93.44120956570305
2025-11-03,65.13999938964844,53.810001373291016,31.624429915909243,92.63212468918162
2025-11-04,64.44999694824219,53.25,31.28944474467011,91.6681009814522
2025-11-05,64.0,53.84000015258789,31.070978409309358,92.6837665883348
2025-11-06,61.630001068115234,52.689998626708984,29.920381758642517,90.70407727372275
2025-11-07,63.70000076293945,52.54199981689453,30.925333568410647,90.44930225319307
2025-11-10,63.79999923706055,53.27899932861328,30.97388123138534,91.71802235955016
2025-11-11,64.26000213623047,53.849998474121094,31.197205296202966,92.70097836576112
2025-11-13,64.52999877929688,52.45000076293945,31.32828435662957,90.29092894674888
2025-11-14,63.41999816894531,51.72600173950195,30.789396778527166,89.04458874785797
2025-11-17,62.70000076293945,50.5099983215332,30.43984953076519,86.95127937485984
2025-11-18,61.34000015258789,49.72999954223633,29.77959094325142,85.6085374618834
2025-11-19,61.16999816894531,49.91400146484375,29.697057693824885,85.925290641646
2025-11-20,59.77000045776367,49.04999923706055,29.017381152306022,84.43793959066703
2025-11-21,60.84000015258789,50.279998779296875,29.536848924428693,86.55534282531228
2025-11-24,60.66999816894531,50.48899841308594,29.454315675002157,86.91512873207778
2025-11-25,60.7599983215332,51.220001220703125,29.498009312469236,88.17352571210364
2025-11-26,60.79999923706055,51.4900016784668,29.517429118448963,88.63832250510492
2025-11-28,61.470001220703125,52.220001220703125,29.842704386698227,89.89499239720134
2025-12-01,62.689998626708984,51.81999969482422,30.434993653282937,89.20640309641254
2025-12-02,63.2400016784668,51.630001068115234,30.70201135556765,88.87932679031873
2025-12-03,66.94999694824219,52.18000030517578,32.50315483878376,89.8261321537476
2025-12-04,66.05999755859375,51.93000030517578,32.07107434159524,89.39576548247318
2025-12-05,66.27999877929688,52.060001373291016,32.17788142250912,89.61955799026067
2025-12-08,65.7300033569336,51.58000183105469,31.910867424173677,88.79325476943869
2025-12-09,66.20999908447266,51.54999923706055,32.143897688031906,88.74160630341126
2025-12-10,66.56999969482422,52.529998779296875,32.318672237900216,90.4286428667821
2025-12-11,68.16000366210938,53.220001220703125,33.090593783810114,91.61645908229903
2025-12-12,68.75,53.16999816894531,33.37702758812529,91.53038049454474
2025-12-15,68.97000122070312,52.625,33.48383466903917,90.59218430326614
2025-12-16,67.69999694824219,52.869998931884766,32.86726786701785,91.01394180239028
2025-12-17,68.33000183105469,52.369998931884766,33.173125181262016,90.15320845984142
2025-12-18,68.0,52.720001220703125,33.01291455989119,90.75572573975018
2025-12-19,67.94000244140625,52.900001525878906,32.983786702896225,91.06559026841771
2025-12-22,68.62000274658203,53.45000076293945,33.31391599665311,92.01239563184657
2025-12-23,67.72000122070312,53.16999816894531,32.87697962198234,91.53038049454474
2025-12-24,67.94999694824219,53.400001525878906,32.988638876429214,91.92632361096655
2025-12-26,67.5,53.439998626708984,32.77017254106846,91.99517728754603
2025-12-29,67.27999877929688,53.2400016784668,32.66336546015458,91.65088920402589
2025-12-30,67.54000091552734,52.470001220703125,32.78959234704819,90.32535906847575
2025-12-31,67.16999816894531,52.03799819946289,32.60996191969764,89.58168025954913
2026-01-02,65.58999633789062,51.57400131225586,31.84289625126999,88.7829250762332
2026-01-05,66.98999786376953,52.81999969482422,32.52257464476349,90.92786978151024
2026-01-06,68.76000213623047,53.459999084472656,33.38188346560754,92.02960740927288
2026-01-07,68.70999908447266,53.06999969482422,33.35760778214556,91.35823645278467
2026-01-08,69.5,53.47999954223633,33.74114061635938,92.06403753099976
2026-01-09,69.8499984741211,53.369998931884766,33.911059288745435,91.87467514493912
2026-01-12,68.19999694824219,52.7599983215332,33.11000988584058,90.82457941632966
2026-01-13,66.75,51.56999969482422,32.40605951283437,88.77603642513813
2026-01-14,67.5,51.689998626708984,32.77017254106846,88.98261058862505
2026-01-15,66.77999877929688,50.959999084472656,32.420623441331855,87.72594069652865
2026-01-16,66.29000091552734,50.93000030517578,32.18273729999137,87.67429879737549
2026-01-20,64.48999786376953,49.900001525878906,31.30886455064984,85.90119021312462
2026-01-21,65.7300033569336,50.79999923706055,31.910867424173677,87.45050628958799
2026-01-22,67.4000015258789,51.650001525878906,32.72162487809377,88.91375691204559
2026-01-23,67.55999755859375,51.4379997253418,32.79930039806342,88.54880287524023
2026-01-26,67.1500015258789,51.345001220703125,32.60025386868241,88.38870904774085
2026-01-27,66.29000091552734,50.5099983215332,32.18273729999137,86.95127937485984
2026-01-28,64.94999694824219,49.77000045776367,31.532186763492838,85.67739770533713
2026-01-29,63.43000030517578,49.34000015258789,30.79425265600942,84.93716650539518
2026-01-30,63.72999954223633,48.599998474121094,30.93989749690813,83.66327826899821
2026-02-02,62.939998626708984,48.9900016784668,30.556364662694303,84.33465579236069
2026-02-03,58.119998931884766,46.349998474121094,28.216331749401164,79.78997822752841
2026-02-04,59.720001220703125,46.619998931884766,28.99310732081868,80.25477502052969
2026-02-05,58.439998626708984,46.0099983215332,28.371686493289737,79.20467929192021
2026-02-06,60.0,47.119998931884766,29.129042258727523,81.11550836307853
2026-02-09,60.13999938964844,47.33000183105469,29.197009727681944,81.4770213577735
2026-02-10,62.59000015258789,47.83000183105469,30.386445990308246,82.33775470032234
2026-02-11,62.11000061035156,46.63999938964844,30.153413874475383,80.28920514225656
2026-02-12,58.81999969482422,44.08000183105469,28.556170946147912,75.88225463120598
2026-02-13,59.36000061035156,44.369998931884766,28.818332770950374,76.38147497905989
2026-02-17,63.45000076293945,45.029998779296875,30.80396255899928,77.51764272854939
2026-02-18,63.0099983215332,45.83000183105469,30.590348397171518,78.89482133012694
2026-02-19,61.529998779296875,45.540000915527344,29.87183224369319,78.39559441539879
2026-02-20,61.470001220703125,45.95000076293945,29.842704386698227,79.10139549361388
2026-02-23,58.400001525878906,43.84000015258789,28.35226853928464,75.46909973735787
2026-02-24,59.130001068115234,44.16999816894531,28.70667166452887,76.03718032866549
2026-02-25,61.61000061035156,45.04999923706055,29.910671855652655,77.55207285027626
2026-02-26,61.88999938964844,45.41999816894531,30.046606793561498,78.18901368503761
2026-02-27,62.290000915527344,45.189998626708984,30.240801149409535,77.79307713549005
2026-03-02,61.849998474121094,45.61000061035156,30.02718698758177,78.51609655800569
2026-03-03,62.88999938964844,45.40999984741211,30.532090831206958,78.17180190761131
2026-03-04,62.599998474121094,46.029998779296875,30.391300015815865,79.23910941364709
2026-03-05,63.86000061035156,46.11000061035156,31.003010940354937,79.37682990055454
2026-03-06,63.099998474121094,45.64400100708008,30.634042034638593,78.57462710825394
2026-03-09,61.290000915527344,45.63999938964844,29.755317111764075,78.56773845715887
2026-03-10,59.45000076293945,45.029998779296875,28.862026408417446,77.51764272854939
2026-03-11,58.5,44.9900016784668,28.400816202259332,77.44878905196991
2026-03-12,56.06999969482422,43.63999938964844,27.2210898426229,75.12480508696348
2026-03-13,56.7400016784668,43.369998931884766,27.546365110872166,74.66000829396219
2026-03-16,57.56999969482422,43.689998626708984,27.949315899091086,75.21087710784352
2026-03-17,58.209999084472656,44.0,28.260025386868243,75.74453414429853
2026-03-18,57.060001373291016,42.7400016784668,27.701719854760743,73.5754890105001
2026-03-19,57.02000045776367,42.79999923706055,27.682300048781013,73.67877280880644
2026-03-20,57.06999969482422,42.65999984741211,27.70657388026836,73.43776852359265
2026-03-23,57.709999084472656,43.689998626708984,28.017283368045508,75.21087710784352
2026-03-24,56.34000015258789,42.95000076293945,27.35217075502413,73.93699543832079
2026-03-25,56.63999938964844,43.19200134277344,27.49781559592284,74.35359137427933
2026-03-26,55.540000915527344,42.630001068115234,26.96378389530269,73.38612662443947
2026-03-27,53.900001525878906,41.40999984741211,26.167590369880077,71.28593516722053
2026-03-30,54.529998779296875,41.75,26.47344398017498,71.87123410282872
2026-03-31,55.79999923706055,42.79999923706055,27.09000893022167,73.67877280880644
2026-04-01,55.45000076293945,42.50400161743164,26.92009025783561,73.16922276774706
2026-04-02,56.15999984741211,42.540000915527344,27.264783480089978,73.23119436010572
2026-04-06,56.31999969482422,43.150001525878906,27.342460852034268,74.2812900887152
2026-04-07,55.31999969482422,42.77000045776367,26.856976814388805,73.62713090965327
2026-04-08,56.630001068115234,44.130001068115234,27.492961570415225,75.96832665208602
2026-04-09,56.40999984741211,43.849998474121094,27.38615448950134,75.48631151478416
2026-04-10,56.09000015258789,43.40999984741211,27.230799745612767,74.72886853741592
2026-04-13,58.790000915527344,45.12900161743164,28.541607017650428,77.68807281612851
2026-04-14,59.02000045776367,45.810001373291016,28.65326812407193,78.86039120840009
2026-04-15,61.290000915527344,47.33000183105469,29.755317111764075,81.4770213577735
2026-04-16,62.439998626708984,47.63999938964844,30.313622643871575,82.01067182735426
2026-04-17,63.970001220703125,48.689998626708984,31.056414480811878,83.81821053333198
2026-04-20,64.13999938964844,49.119998931884766,31.13894587826378,84.55844173327392
2026-04-21,63.2599983215332,48.119998931884766,30.711719406582883,82.83697504817623
2026-04-22,63.2599983215332,48.709999084472656,30.711719406582883,83.85264065505883
2026-04-23,61.54999923706055,46.7599983215332,29.88154214668306,80.49577930574348
2026-04-24,60.84000015258789,46.939998626708984,29.536848924428693,80.80564383441101
2026-04-27,61.27000045776367,46.9900016784668,29.74560720877421,80.8917224221653
2026-04-28,61.599998474121094,46.915000915527344,29.905815978170402,80.76261110740812
2026-04-29,62.02000045776367,46.88999938964844,30.109720237008304,80.71957181353098
2026-04-30,62.650001525878906,47.119998931884766,30.41557569927784,81.11550836307853
2026-05-01,62.13999938964844,47.61800003051758,30.16797780297286,81.97280066351698
2026-05-04,62.810001373291016,47.83000183105469,30.49325307122213,82.33775470032234
2026-05-05,57.279998779296875,46.939998626708984,27.80852508369999,80.80564383441101
2026-05-06,56.11000061035156,46.880001068115234,27.24050964860263,80.70236003610466
2026-05-07,56.810001373291016,46.9900016784668,27.580348845349377,80.8917224221653
2026-05-08,55.47999954223633,46.599998474121094,26.934654186333095,80.22034489880284
2026-05-11,54.38999938964844,46.459999084472656,26.40547651122056,79.97934061358903
2026-05-12,54.880001068115234,45.92900085449219,26.643364504535672,79.0652448508318
2026-05-13,52.369998931884766,44.66999816894531,25.424798532939775,76.89791367121434
2026-05-14,53.459999084472656,45.06999969482422,25.95397620805231,77.58650297200312
2026-05-15,55.33000183105469,44.7599983215332,26.86183269187105,77.05284593554809
2026-05-18,56.65999984741211,45.119998931884766,27.507525498912706,77.67257499288314
2026-05-19,56.029998779296875,44.880001068115234,27.201670036643172,77.25942666590929
2026-05-20,56.40999984741211,45.448001861572266,27.38615448950134,78.23722110895463
2026-05-21,55.81999969482422,45.349998474121094,27.099718833211533,78.06851154243071
2026-05-22,57.130001068115234,45.2400016784668,27.735703589237954,77.87915572324434
2026-05-26,55.61000061035156,45.31999969482422,26.9977676297799,78.01686964327754
2026-05-27,55.619998931884766,45.290000915527344,27.002621655287516,77.96522774412438
2026-05-28,55.83000183105469,45.56999969482422,27.104574710693786,78.44723631455196
2026-05-29,56.560001373291016,46.35499954223633,27.458977835938015,79.79858739967868
2026-06-01,59.04999923706055,46.47999954223633,28.66783205256941,80.01377073531589
2026-06-02,56.459999084472656,45.369998931884766,27.41042832098869,78.10294166415758
2026-06-03,55.08000183105469,43.47999954223633,26.74046168245969,74.84937068002282
2026-06-04,56.22999954223633,44.3489990234375,27.29876721456719,76.34532433627781
2026-06-05,54.43000030517578,43.16899871826172,26.424896317200286,74.31399312251258
2026-06-08,52.720001220703125,43.10499954223633,25.594719057300463,74.20382067311118
2026-06-09,54.029998779296875,43.27000045776367,26.230701961352253,74.48786425220212
2026-06-10,53.279998779296875,42.38999938964844,25.866588933118155,72.97297173059135
2026-06-11,53.060001373291016,43.15999984741211,25.759783704178908,74.29850186614149
2026-06-12,53.779998779296875,43.78499984741211,26.10933095194089,75.37441854432755
2026-06-15,47.90999984741211,44.33000183105469,23.259540169514942,76.31262130248041
2026-06-16,49.83000183105469,45.22999954223633,24.19167048482103,77.86193737894378
2026-06-17,48.77000045776367,44.310001373291016,23.677056738205977,76.27819118075354
2026-06-18,47.86000061035156,44.400001525878906,23.235266338027596,76.4331234450873
2026-06-22,47.18000030517578,43.88999938964844,22.905137044270713,75.55517175823789
2026-06-23,47.29999923706055,43.650001525878906,22.963394610235273,75.14202343126404
2026-06-24,48.189998626708984,44.76499938964844,23.39547510742379,77.06145510769838
2026-06-25,47.529998779296875,44.34000015258789,23.07505571665677,76.3298330799067
2026-06-26,49.45000076293945,45.7599983215332,24.00718603196286,78.77431262064579
2026-06-29,48.83000183105469,46.36000061035156,23.706186447175572,79.80719657182897
2026-06-30,49.04999923706055,46.099998474121094,23.812991676114827,79.35961155625398
2026-07-01,50.72999954223633,47.507999420166016,24.628605007517166,81.78343827745634
2026-07-02,52.33000183105469,48.39899826049805,25.40538057893468,83.31726309754862
2026-07-06,51.779998779296875,48.76599884033203,25.13836287664997,83.94904236914435
2026-07-07,52.709999084472656,48.54999923706055,25.589863179818217,83.57720624811819
2026-07-08,50.599998474121094,47.11000061035156,24.565491564070356,81.09829658565224
2026-07-09,51.650001525878906,47.900001525878906,25.075251285177796,82.45825684292923
2026-07-10,50.45000076293945,48.279998779296875,24.49267006960832,83.11240945511689
2026-07-13,51.18000030517578,48.53300094604492,24.84707319485255,83.54794425643118
2026-07-14,49.540000915527344,48.37900161743164,24.050879669429936,83.28283954269601
2026-07-15,50.36000061035156,49.77000045776367,24.448976432141244,85.67739770533713
2026-07-16,51.720001220703125,50.069000244140625,25.109235019655006,86.19211587643638
2026-07-17,50.630001068115234,49.28099822998047,24.58005734454247,84.83559666126979
2026-07-20,51.68000030517578,49.54499816894531,25.089815213675276,85.2900637610656
2026-07-21,50.61000061035156,49.29999923706055,24.570347441552606,84.86830626194146
2026-07-22,50.220001220703125,48.45000076293945,24.38100896318682,83.40506220635811
2026-07-23,49.970001220703125,47.84000015258789,24.259637953775453,82.35496647774863
2026-07-24,51.02000045776367,48.0099983215332,24.769395822908262,82.6476126621156
2026-07-27,52.310001373291016,49.5,25.395670675944814,85.21260091233584
2026-07-28,54.209999084472656,50.62300109863281,26.318089236286408,87.14580989096034
2026-07-29,55.630001068115234,50.779998779296875,27.007477532769762,87.41607616786112
2026-07-30,54.06999969482422,50.779998779296875,26.25012176733198,87.41607616786112
2026-07-31,53.939998626708984,49.97999954223633,26.187008323885173,86.03890413315783
2026-08-03,54.349998474121094,50.7599983215332,26.38605670524083,87.38164604613426
2026-08-04,55.779998779296875,51.68000030517578,27.080299027231806,88.96539881119875
2026-08-05,54.11000061035156,51.529998779296875,26.26954157331171,88.7071761816844
2026-08-06,54.11000061035156,51.310001373291016,26.26954157331171,88.3284579764374
2026-08-07,52.40999984741211,50.5,25.444218338919505,86.93406759743354
2026-08-10,52.220001220703125,50.474998474121094,25.351977038477735,86.8910283035564
2026-08-11,52.720001220703125,50.52299880981445,25.594719057300463,86.97365928232601
2026-08-12,51.560001373291016,50.395999908447266,25.031557647710716,86.7550349045784
2026-08-13,55.5,52.314998626708984,26.94436408932296,90.05852726681111
2026-08-14,54.38999938964844,52.11000061035156,26.40547651122056,89.7056300111407
2026-08-17,52.209999084472656,50.77000045776367,25.34712116099549,87.39886439043482
2026-08-18,51.720001220703125,50.779998779296875,25.109235019655006,87.41607616786112
2026-08-19,52.08000183105469,51.290000915527344,25.284009569523313,88.29402785471054
2026-08-20,51.380001068115234,51.34000015258789,24.94417037277657,88.38009987559057
2026-08-21,52.58000183105469,52.2599983215332,25.52675158834604,89.9638460737808
2026-08-24,52.959999084472656,52.52000045776367,25.711234189229582,90.41143108935579
2026-08-25,52.439998626708984,52.77000045776367,25.45878226741699,90.8417977606302
2026-08-26,52.45000076293945,52.52000045776367,25.463638144899235,90.41143108935579
2026-08-27,52.58000183105469,52.42900085449219,25.52675158834604,90.25477830396682
2026-08-28,53.18000030517578,51.790000915527344,25.818041270143468,89.15476119725938
2026-08-31,53.310001373291016,51.290000915527344,25.88115471359027,88.29402785471054
2026-09-01,51.66999816894531,50.18000030517578,25.08495933619303,86.38319878355222
2026-09-02,51.97999954223633,51.45000076293945,25.235460054573988,88.5694622616512
2026-09-03,52.72999954223633,51.959999084472656,25.59957308280808,89.44740738162635
2026-09-04,53.0,51.40999984741211,25.730653995209313,88.50060201819745
2026-09-08,50.86000061035156,49.97999954223633,24.69171845096397,86.03890413315783
2026-09-09,48.650001525878906,49.06999969482422,23.61879917224142,84.47236971239388
2026-09-10,48.93000030517578,48.91999816894531,23.754734110150267,84.21414708287953
2026-09-11,51.58000183105469,49.43000030517578,25.041267550700585,85.09209876972893
2026-09-14,50.9900016784668,50.08000183105469,24.754831894410778,86.21105474179215
2026-09-15,50.02000045776367,49.150001525878906,24.283911785262802,84.61009019930134
2026-09-16,49.45000076293945,48.25,24.00718603196286,83.06076755596372
2026-09-17,49.29999923706055,48.27000045776367,23.93436268552619,83.09519767769059
2026-09-18,47.189998626708984,47.959999084472656,22.90999106977833,82.56154064123558
2026-09-21,46.470001220703125,48.15999984741211,22.56044382201635,82.90583529162996
2026-09-22,46.099998474121094,47.779998779296875,22.380813394665793,82.25167611256805
2026-09-23,45.95000076293945,47.0099983215332,22.307991900203756,80.92614597701791
2026-09-24,45.97999954223633,47.54999923706055,22.322555828701233,81.85573956302049
