date,time,timestamp,open,high,low,close,volume,ema12,ema26,dif,signal,macd_histogram,rsv,k,d,j,sma20,upper2sd,lower2sd
2026-01-02,10:30,1767364200,685.7100219726562,686.8699951171875,679.8200073242188,683.1699829101562,89377200,683.1699829101562,683.1699829101562,0.0,0.0,0.0,,,,,,,
2026-01-05,10:30,1767623400,686.5399780273438,689.4299926757812,686.3800048828125,687.719970703125,71927200,683.8699810321514,683.5070190429688,0.36296198918262235,0.07259239783652448,0.5807391826921957,,,,,,,
2026-01-06,10:30,1767709800,687.9299926757812,692.3200073242188,687.780029296875,691.8099975585938,69273800,685.0915220362194,684.1220544885706,0.9694675476488328,0.2519674277989862,1.4350002396996933,,,,,,,
2026-01-07,10:30,1767796200,692.1900024414062,693.9600219726562,689.3200073242188,689.5800170898438,75588300,685.782059736777,684.5263480145908,1.25571172218622,0.45271628667643293,1.605990871019574,,,,,,,
2026-01-08,10:30,1767882600,688.8200073242188,690.6199951171875,687.489990234375,689.510009765625,64019200,686.3555905104458,684.895508144297,1.4600823661488675,0.6541895025709199,1.6117857271558953,,,,,,,
2026-01-09,10:30,1767969000,690.6300048828125,695.3099975585938,689.1799926757812,694.0700073242188,80125500,687.5424238664109,685.5751006761429,1.9673231902679618,0.9168162401103284,2.101013900315267,,,,,,,
2026-01-12,10:30,1768228200,690.6799926757812,696.0900268554688,690.6300048828125,695.1599731445312,63976000,688.7143545245833,686.2850912293568,2.4292632952265194,1.2193056511335667,2.4199152881859054,,,,,,,
2026-01-13,10:30,1768314600,695.489990234375,696.0900268554688,691.3499755859375,693.77001953125,78309700,689.4921491409935,686.8395303628304,2.6526187781631734,1.505968276539488,2.293301003247371,,,,,,,
2026-01-14,10:30,1768401000,691.0,691.719970703125,686.0399780273438,690.3599853515625,94676700,689.625662404158,687.1003048064402,2.5253575977177434,1.709846140775139,1.6310229138852086,64.78159418985024,54.92719806328341,51.64239935442781,61.49679548099462,,,
2026-01-15,10:30,1768487400,694.5700073242188,695.4500122070312,691.25,692.239990234375,77862000,690.0278666857299,687.4810222455466,2.5468444401833494,1.8772458006567811,1.3391972790531366,61.69136402283493,57.18192004980058,53.4889062528854,64.56794764363096,,,
2026-01-16,10:30,1768573800,693.6599731445312,694.25,690.0999755859375,691.6599731445312,79289200,690.278959987084,687.79057416399,2.488385823094063,1.9994738051442378,0.9778240358996508,55.92007773594073,56.761305945180624,54.579706150317136,61.1245055349076,,,
2026-01-20,10:30,1768919400,681.489990234375,684.77001953125,676.5700073242188,677.5800170898438,111623300,688.3252764644317,687.0342366029421,1.291039861489594,1.857787016413309,-1.1334943098474302,5.1742251794782,39.565612356613144,49.57500821908247,19.546820631674493,,,
2026-01-21,10:30,1769005800,679.6500244140625,688.739990234375,678.1300048828125,685.4000244140625,127844500,687.8752376874519,686.9131838482103,0.9620538392415483,1.678640380978957,-1.4331730834748173,45.23569802636516,41.45564091319714,46.868552450454025,30.62981783868338,,,
2026-01-22,10:30,1769092200,689.8499755859375,691.1300048828125,686.9199829101562,688.97998046875,77112200,688.0451981153439,687.0662798941762,0.9789182211676462,1.538695949016695,-1.1195554556980976,63.57561848062636,48.82896676900688,47.52202388997165,51.44285252707735,,,
2026-01-23,10:30,1769178600,688.1500244140625,690.9600219726562,687.1599731445312,689.22998046875,63059600,688.2274723235602,687.2265540108114,1.0009183127488086,1.4311404217631178,-0.8604442180286185,64.85635490406985,54.17142948069454,49.738492420212616,63.037303601658394,,,
2026-01-26,10:30,1769437800,690.489990234375,694.1300048828125,689.9199829101562,692.72998046875,60473800,688.9201658843587,687.634215229918,1.2859506544406258,1.4021024682986196,-0.23230362771598756,82.78666483227856,63.709841264555884,54.39560870166038,82.3383063903469,,,
2026-01-27,10:30,1769524200,694.1799926757812,696.530029296875,693.5700073242188,695.489990234375,55506100,689.9309080920535,688.2161244895075,1.7147836025460492,1.4646386951481056,0.5002898147958872,94.78938919042886,74.06969057318021,60.95363599216699,100.30179973520667,,,
2026-01-28,10:30,1769610600,697.0499877929688,697.8400268554688,693.9400024414062,695.4199829101562,61172200,690.7753811409924,688.7497436317778,2.0256375092145618,1.576838457961397,0.8975981025063295,88.62227680723583,78.92055265119875,66.94260821184425,102.87644152990774,,,
2026-01-29,10:30,1769697000,696.3900146484375,697.0599975585938,684.8300170898438,694.0399780273438,97486200,691.2776268158157,689.1416128462641,2.1360139695515272,1.688673560279423,0.8946808185442086,82.13424852505682,79.99178460915144,71.29233367761331,97.39068647222769,,,
2026-01-30,10:30,1769783400,691.7899780273438,694.2100219726562,687.1199951171875,691.969970703125,101835100,691.3841412600171,689.3511208356613,2.0330204243558683,1.757542933094712,0.5509549825223123,72.4022061017883,77.46192510669705,73.34886415397456,85.68804701214205,690.4944915771484,699.2143093605388,681.7746737937581
2026-02-02,10:30,1770042600,689.5800170898438,696.9299926757812,689.4199829101562,695.4099731445312,79286500,692.0035000114808,689.7999247103924,2.203575301088449,1.8467494066934598,0.7136517887899787,87.67097411505316,80.86494144281575,75.85422325025496,90.88637782793734,691.1064910888672,699.3914023697104,682.821579808024
2026-02-03,10:30,1770129000,696.2100219726562,696.9600219726562,684.030029296875,689.530029296875,107904600,691.6229660553877,689.7799324575393,1.8430335978483754,1.846006244924443,-0.005945294152135183,39.82621992990458,67.1853676051787,72.9646047018962,55.62689341174368,691.1969940185547,699.3707528908257,683.0232351462838
2026-02-04,10:30,1770215400,690.3499755859375,691.4500122070312,681.760009765625,686.1900024414062,105204600,690.7871254993906,689.5140117156035,1.273113783787153,1.731427752696985,-0.9166279378196642,27.549676415327095,53.973470541894834,66.63422664856242,28.651958328559658,690.9159942626953,699.3678182619018,682.4641702634889
2026-02-05,10:30,1770301800,680.9400024414062,683.6900024414062,675.7899780273438,677.6199951171875,113610800,688.7614131328978,688.6329734490542,0.12843968384356685,1.4108301389263014,-2.564780910165469,8.299378854479222,38.7487733127563,57.33907553662705,1.5681688650147976,690.3179931640625,700.5650736903339,680.0709126377911
2026-02-06,10:30,1770388200,681.4600219726562,692.3099975585938,680.8499755859375,690.6199951171875,89127600,689.0473488227885,688.7801602392863,0.2671885835022749,1.182101827841496,-1.8298264886784423,67.25616439872893,48.25123700808051,54.30979602711154,36.134118970018434,690.3734924316407,700.6144890744773,680.132495788804
2026-02-09,10:30,1770647400,689.4199829101562,695.8699951171875,688.3400268554688,693.9500122070312,73885200,689.8016047280566,689.163112236897,0.6384924911596954,1.073379960505136,-0.8697749386908811,82.35824927754464,59.62024109790188,56.07994438404165,66.70083452562233,690.3674926757812,700.5999568228405,680.135028528722
2026-02-10,10:30,1770733800,694.9500122070312,696.5399780273438,691.6599731445312,692.1199951171875,65185700,690.1582801725384,689.3821405984,0.7761395741383694,1.0139318832317827,-0.4755846181868266,76.77481003650054,65.33843074410143,59.166106504061574,77.68307922418114,690.2154937744141,700.2470234189669,680.1839641298612
2026-02-11,10:30,1770820200,696.3900146484375,697.1400146484375,689.1799926757812,691.9600219726562,76353900,690.4354712187103,689.5730947742708,0.8623764444395192,0.9836207954733301,-0.24248870206762185,75.73778083985374,68.80488077601888,62.379031261380675,81.65657980529528,690.1249938964844,700.0588033950409,680.1911843979279
2026-02-12,10:30,1770906600,694.239990234375,695.3499755859375,680.3699951171875,681.27001953125,118829000,689.0254017283318,688.9580521636766,0.06734956465516007,0.8003665493096962,-1.4660339693090723,25.66759767752338,54.425786409853714,59.72794964420502,43.821459941151105,689.6704956054688,700.3253239181383,679.0156672927992
2026-02-13,10:30,1770993000,681.6900024414062,686.280029296875,677.52001953125,681.75,96267500,687.9061091547422,688.4241223737746,-0.5180132190323548,0.536690595641286,-2.1094076293472814,27.915745899788163,45.589106239831864,55.0150018427473,26.737315034000986,689.14599609375,700.2658592682207,678.0261329192793
2026-02-17,10:30,1771338600,680.1400146484375,684.9400024414062,675.780029296875,682.8499755859375,81354700,687.1282424518492,688.0112226117126,-0.8829801598633367,0.2527564445403614,-2.271473208807396,33.09902217955092,41.425744886404885,50.485249523966495,23.306735611281667,688.7054962158203,700.0870231421036,677.323969289537
2026-02-18,10:30,1771425000,684.02001953125,689.1500244140625,682.8300170898438,686.2899780273438,73570300,686.999278694233,687.8837230128705,-0.8844443186375202,0.0253162919047851,-1.8195212210846106,49.20391356775878,44.01846778018952,48.329655609374164,35.39609212182022,689.1409942626954,699.3973196010243,678.8846689243665
2026-02-19,10:30,1771511400,683.8400268554688,686.1799926757812,681.5499877929688,684.47998046875,58649400,686.611694351851,687.6315939355281,-1.0198995836771019,-0.1837268832115923,-1.672345400931019,40.73013641481075,42.92235732506326,46.527222847937196,35.71262627931537,689.0949920654297,699.4260028326696,678.7639812981897
2026-02-20,10:30,1771597800,682.3200073242188,690.0599975585938,681.72998046875,689.4299926757812,100034000,687.0452787093787,687.7648086570283,-0.719529947649562,-0.2908874960991863,-0.8572849031007514,63.90436675981964,49.91636046998205,47.65693538861882,54.435210632708504,689.1174926757812,699.4493636540348,678.7856216975277
2026-02-23,10:30,1771857000,687.8300170898438,690.0,680.3699951171875,682.3900146484375,90558100,686.3290842384648,687.3666757675031,-1.037591529038309,-0.44022830268701085,-1.1947264527025965,30.94564552722867,43.592788822397594,46.30221986654507,38.17392673410262,688.7754943847656,699.5146269385621,678.0363618309691
2026-02-24,10:30,1771943400,681.9000244140625,688.3499755859375,680.0,687.3499755859375,73798700,686.4861444457683,687.3654387170169,-0.8792942712485683,-0.5280414963993224,-0.7025055496984918,54.16645235768455,47.11734333415991,46.573927689083355,48.20417462431304,688.506494140625,699.1045294403444,677.9084588409056
2026-02-25,10:30,1772029800,690.1799926757812,693.6799926757812,690.0999755859375,693.1500244140625,56369500,687.5113567485829,687.7939265464277,-0.2825697978447579,-0.4789471566884095,0.3927547176873032,88.75852217793496,60.99773628208493,51.381863886750544,80.2294810727537,688.3894958496094,698.7249798225773,678.0540118766414
2026-02-26,10:30,1772116200,693.280029296875,693.2999877929688,684.3499755859375,689.2999877929688,71671000,687.7865307554115,687.905486638764,-0.11895588335255525,-0.4069489020212387,0.5759860373373669,75.53064891756145,65.84204049391043,56.20192275580384,85.12227597012362,688.08349609375,697.9185321896275,678.2484599978725
2026-02-27,10:30,1772202600,683.0900268554688,686.8599853515625,681.6400146484375,685.989990234375,83308900,687.5101399060213,687.7635980162166,-0.25345811019531084,-0.37625074365605315,0.24558526692148464,57.0390046134489,62.907695200423255,58.437180237343654,71.84872512658245,687.6809967041015,697.1604761161867,678.2015172920163
2026-03-02,10:30,1772461800,678.7000122070312,688.6199951171875,678.02001953125,686.3800048828125,87477200,687.3362729793738,687.6611096359644,-0.32483665659060534,-0.3659679262429636,0.0822625393047165,53.38441691058685,59.733269103811125,58.86920985949948,61.46138759243442,687.401498413086,696.686298308419,678.1166985177529
2026-03-03,10:30,1772548200,675.0599975585938,682.6099853515625,669.6599731445312,680.3300170898438,105003100,686.2583874579077,687.1180657436591,-0.8596782857514427,-0.4647099981446594,-0.7899365752135665,44.42146240318745,54.629333536936564,57.455917751978504,48.976165106852676,686.6475006103516,695.6534705451458,677.6415306755574
2026-03-04,10:30,1772634600,681.6300048828125,687.0900268554688,679.6199951171875,685.1300048828125,79182200,686.0847901386622,686.970801976189,-0.8860118375267803,-0.5489703660210836,-0.6740829430113933,64.404742544671,57.887803206181374,57.59987957004613,58.463650478451854,686.4274993896485,695.3556938683137,677.4993049109833
2026-03-05,10:30,1772721000,682.0800170898438,685.530029296875,675.6099853515625,681.3099975585938,106606500,685.3502066648056,686.5514831304412,-1.2012764656356012,-0.6794315859439872,-1.043689759383228,48.501311162157215,54.75897252483999,56.65291055497741,50.971096464565164,686.1834991455078,695.3868135599124,676.9801847311031
2026-03-06,10:30,1772807400,673.4099731445312,676.1099853515625,669.760009765625,672.3800048828125,100687000,683.3547910060373,685.5017440009873,-2.14695299494997,-0.9729358677451838,-2.3480342544095727,11.324019677596405,40.28065490909213,51.195492006348985,18.450980714578407,685.921499633789,696.3074031456298,675.5355961219483
2026-03-09,09:30,1773063000,666.3900146484375,679.9199829101562,662.3900146484375,678.27001953125,102667700,682.5725184714546,684.9660607069327,-2.393542235478094,-1.257057141291766,-2.272970188372656,50.75108991426983,43.77079991081803,48.720594641172,33.871210450110084,685.3040008544922,695.9640022793486,674.6439994296358
2026-03-10,09:30,1773149400,677.719970703125,683.3599853515625,674.760009765625,677.1799926757812,81505300,681.7428991182742,684.3893149268473,-2.646415808573124,-1.5349288747480379,-2.2229738676501727,47.84856317469971,45.130054332111925,47.523747871485305,40.34266725336518,684.4654998779297,694.9092776495534,674.021722106306
2026-03-11,09:30,1773235800,677.5800170898438,680.0800170898438,673.3400268554688,676.3300170898438,68441700,680.9101480369771,683.792329901884,-2.8821818649068973,-1.80437947277981,-2.155604784254175,53.1453024069696,47.80180369039782,47.61643314445614,48.172544782281165,683.6760009765625,694.0730301987733,673.2789717543517
2026-03-12,09:30,1773322200,671.1599731445312,671.6500244140625,665.8699951171875,666.0599975585938,108882200,678.6255095018412,682.478823802381,-3.8533143005398642,-2.214166438331821,-3.278295724416086,13.991557921778142,36.531721767524594,43.921529352145626,21.752106598282523,682.3809997558594,694.6174133853772,670.1445861263417
2026-03-13,09:30,1773408600,669.27001953125,672.3400268554688,661.3599853515625,662.2899780273438,97200200,676.1123508134569,680.9833537449709,-4.871002931513999,-2.745533736968257,-4.250938389091484,3.614423535383966,25.559289023477717,37.80078257592299,1.076301918587177,681.431997680664,696.4855811133551,666.378414247973
2026-03-16,09:30,1773667800,668.3800048828125,672.0700073242188,667.1199951171875,669.030029296875,82023100,675.0227628878289,680.0979223043712,-5.075159416542306,-3.2114588728830666,-3.727401087318478,29.80968353334393,26.976087193433123,34.1925507817597,12.543160016779964,680.7959991455078,696.7876824991009,664.8043157919147
2026-03-17,09:30,1773754200,672.3900146484375,674.4400024414062,669.7000122070312,670.7899780273438,87128000,674.371565216985,679.4084449505174,-5.036879733532373,-3.576543045012928,-2.9206733770388906,39.01520699390407,30.98912712692344,33.12474289681428,26.717895587141754,680.1929992675781,696.729620111944,663.6563784232122
2026-03-18,09:30,1773840600,668.3599853515625,669.719970703125,661.1900024414062,661.4299926757812,82062600,672.3805540567998,678.0767077449815,-5.696153688181653,-4.000465173646673,-3.391377029069959,1.0825007639724364,21.020251672606438,29.089912488745,4.880930040329318,678.95,697.1229219859349,660.7770780140652
2026-03-19,09:30,1773927000,656.969970703125,662.97998046875,655.1699829101562,659.7999877929688,111272500,670.4450823239027,676.7228766374251,-6.2777943135223495,-4.455931001621809,-3.643726623801081,16.424279822025916,19.488261055746264,25.889362011078756,6.6860591450812805,677.7160003662109,697.4996433530584,657.9323573793633
2026-03-20,09:30,1774013400,656.510009765625,656.6900024414062,644.719970703125,648.5700073242188,163617500,667.0796861701052,674.6374789105209,-7.557792740415721,-5.076303349380591,-4.962978782070259,9.963859113726903,16.313460408406478,22.697394810187998,3.5455916048434375,675.6730010986328,698.4139642426331,652.9320379546324
2026-03-23,09:30,1774272600,658.0700073242188,662.6199951171875,653.9400024414062,655.3800048828125,134802700,665.2797352028294,673.2109993529128,-7.931264150083393,-5.647295509521152,-4.5679372811244825,30.14711593730096,20.92467891803797,22.106489512804654,18.5610577285046,674.3225006103515,698.4718998434339,650.1731013772692
2026-03-24,09:30,1774359000,651.3200073242188,657.030029296875,649.8800048828125,653.1799926757812,96457500,663.4182363525143,671.7272210805327,-8.308984728018345,-6.1796333532205905,-4.258702749595509,28.465723210380073,23.43836034881867,22.55044645814266,25.214188130170697,672.6140014648438,697.6534845566084,647.5745183730792
2026-03-25,09:30,1774445400,658.6699829101562,660.8900146484375,654.239990234375,656.8200073242188,90653800,662.4031241943151,670.6229830245094,-8.219858830194312,-6.587678448615335,-3.2643607631579545,40.71340410282318,29.196708266820174,24.765867061035163,38.058390678390204,670.7975006103516,694.8665972812682,646.7284039394349
2026-03-26,09:30,1774531800,652.0599975585938,654.8499755859375,644.8200073242188,645.0900268554688,96494400,659.7395707575695,668.7316529379139,-8.992082180344369,-7.068559194961142,-3.8470459707664535,1.2451405018760282,19.87951901183879,23.137084377969707,13.364388279576957,668.5870025634765,693.5566369836276,643.6173681433254
2026-03-27,09:30,1774618200,642.5,642.6599731445312,633.1099853515625,634.0900268554688,103649400,655.7934870803233,666.1656065614364,-10.372119481113145,-7.729271252191543,-5.285696457843205,2.371258404698509,14.04343214279203,20.105866966243816,1.9185624958884588,665.9920043945312,693.8125373102351,638.1714714788274
2026-03-30,09:30,1774877400,640.1099853515625,640.3699951171875,629.280029296875,631.969970703125,99275900,652.1283307146005,663.6325964978578,-11.504265783257324,-8.4842701584047,-6.039991249705249,6.651694618514628,11.579519634699563,17.263751189062397,0.2110565259738948,663.2715026855469,693.1503108283966,633.3926945426972
2026-03-31,09:30,1774963800,638.9400024414062,651.5399780273438,637.97998046875,650.3400268554688,152534100,651.8532070439649,662.6479617095326,-10.79475466556778,-8.946367059837316,-3.6967752114609276,62.49266490382874,28.550568057742623,21.02602347862247,43.59965721598293,661.7720031738281,691.0806232639501,632.4633830837062
2026-04-01,09:30,1775050200,653.9000244140625,658.52001953125,653.0,655.239990234375,97841500,652.3742506117203,662.0992230817432,-9.724972470022863,-9.102088141874425,-1.2457686562968746,77.8643897759601,44.98850863048179,29.01351852924224,76.93848883296089,660.2775024414062,687.6540484556702,632.9009564271422
2026-04-02,09:30,1775136600,646.4199829101562,658.2000122070312,645.1099853515625,655.8300170898438,68358700,652.90590699297,661.6348374527136,-8.728930459743538,-9.027456605448249,0.5970522914094225,79.63411821134223,56.537045157435266,38.188027405306585,93.23508066169262,659.0035034179688,684.6640925118264,633.3429143241111
2026-04-06,09:30,1775482200,655.8599853515625,659.719970703125,655.52001953125,658.9299926757812,39105800,653.8326894057102,661.4344785803481,-7.601789174637929,-8.742323119286185,2.281067889296512,93.79935817477573,68.95781616321543,48.44462365794286,109.98420117376055,658.3310028076172,683.2483005511159,633.4137050641185
2026-04-07,09:30,1775568600,656.6500244140625,659.6099853515625,651.0599975585938,659.219970703125,69980400,654.6615019130048,661.270440959813,-6.608939046808132,-8.315646304790576,3.413414515964888,94.7167202808275,77.54411753575278,58.14445495054617,116.34344270616599,657.3785003662109,680.5709098666792,634.1860908657426
2026-04-08,09:30,1775655000,676.3900146484375,677.0800170898438,671.4600219726562,676.010009765625,93606100,657.9458877364848,662.3622608713546,-4.4163731348697866,-7.535791670806418,6.238837071873263,97.7614903818529,84.28324181778615,66.85738390629282,119.1349576407728,657.3200012207031,680.3174136577624,634.3225887836439
2026-04-09,09:30,1775741400,674.8400268554688,681.1599731445312,673.77001953125,679.9099731445312,57134400,661.3249777992611,663.6620914101082,-2.3371136108471546,-6.496056058814566,8.317884895934823,97.59059106989285,88.71902490182171,74.14459757146912,117.86787956252687,657.4989990234375,681.1324085020029,633.865589544872
2026-04-10,09:30,1775827800,681.3200073242188,682.030029296875,678.4500122070312,679.4600219726562,42253500,664.114984595168,664.8323084888156,-0.7173238936475173,-5.340309625781157,9.24597146426728,95.12794820053317,90.85533266805886,79.7148426036657,113.1363127968452,658.1690002441406,683.4383809973368,632.8996194909445
2026-04-13,09:30,1776087000,677.4099731445312,686.2999877929688,676.5800170898438,686.0999755859375,54185800,667.4972909014402,666.4076912367506,1.089599664689672,-4.054327767686992,10.287854864753328,99.5860675150788,93.7655776170655,84.39842094146564,112.49989096826522,659.3595001220704,687.3863413451459,631.3326588989949
2026-04-14,09:30,1776173400,687.6900024414062,694.5800170898438,687.6599731445312,694.4600219726562,63480500,671.645403373935,668.4856416616325,3.1597617123024975,-2.611509871689094,11.542543167983183,99.75743877056249,95.76286466823117,88.18656885038749,110.91545630391857,660.6309997558594,692.3602052864289,628.9017942252899
2026-04-15,09:30,1776259800,695.260009765625,700.280029296875,694.2000122070312,699.9400024414062,58240400,675.9984186150843,670.8155943119862,5.182824303098187,-1.0526430367316382,12.47093467965965,99.38367485114603,96.96980139586947,91.11431303221482,108.68077812317875,662.0885009765625,697.9583185798078,626.2186833733172
2026-04-16,09:30,1776346200,701.0599975585938,702.780029296875,698.530029296875,701.6599731445312,49972400,679.946350081153,673.1003631143969,6.845986966756072,0.5270829639659039,12.637808005580338,97.83438618519887,97.25799632564593,93.16220746335853,105.44957405022075,664.1,703.8938796409266,624.3061203590735
2026-04-17,09:30,1776432600,706.1400146484375,712.3900146484375,705.760009765625,710.1400146484375,70661900,684.5915292453507,675.8440410058073,8.747488239543372,2.171164019081398,13.152648440923949,96.33132337676685,96.94910534268624,94.42450675646776,101.99830251512316,666.6170013427734,711.0967747528078,622.1372279327389
2026-04-20,09:30,1776691800,708.780029296875,709.9099731445312,706.1400146484375,708.719970703125,43546800,688.3035971619314,678.2792950574604,10.024302104470962,3.741791636159311,12.565020936623302,91.03336280955627,94.97719116497625,94.60873489263726,95.71410370965421,669.6244995117188,716.8649828796285,622.384016143809
2026-04-21,09:30,1776778200,710.280029296875,711.280029296875,702.6400146484375,704.0800170898438,58941400,690.7307386893026,680.1904596524519,10.540279036850734,5.101489116297596,10.877579841106275,78.48265507704464,89.47901246899904,92.89882741809119,82.63938257081477,672.0595001220703,721.0982783471935,623.0207218969471
2026-04-22,09:30,1776864600,709.1500244140625,711.4500122070312,708.219970703125,711.2100219726562,42518500,693.8813976559725,682.488205009504,11.393192646468492,6.3598298223317755,10.066725648273433,96.70485128112477,91.88762540637428,92.56176008085222,90.53935605741839,674.9610015869141,726.013841260752,623.9081619130762
2026-04-23,09:30,1776951000,709.5,712.3599853515625,702.280029296875,708.4500122070312,56174000,696.12272297152,684.4113018389504,11.711421132569626,7.430148084379346,8.56254609638056,88.99747916776744,90.92424332683868,92.01592116284772,88.7408876548206,677.5425018310547,729.8705009960871,625.2145026660222
2026-04-24,09:30,1777037400,710.75,714.469970703125,709.010009765625,713.9400024414062,45182000,698.8638428899641,686.5986129946879,12.265229895276207,8.397164446558719,7.736130897434975,98.02324390160612,93.29057685176116,92.44080639248553,94.99011777031242,680.9850006103516,733.3790774603324,628.5909237603707
2026-04-27,09:30,1777296600,713.1699829101562,715.6300048828125,712.2999877929688,715.1699829101562,33135900,701.3724798161475,688.715010766204,12.657469049943415,9.24922536723566,6.816487365415512,97.8533731690159,94.81150895751273,93.23104058082794,97.97244571088231,685.0389984130859,734.7712272641716,635.3067695620002
2026-04-28,09:30,1777383000,711.8200073242188,712.8800048828125,709.25,711.6900024414062,43117400,702.9597909892642,690.4168620014043,12.54292898785991,9.90796609136051,5.269925792998798,76.95901715411577,88.8606783563804,91.77425317267875,83.03352872378372,689.025,733.617965976941,644.4320340230589
2026-04-29,09:30,1777469400,711.0,712.2000122070312,708.3699951171875,711.5800170898438,41859200,704.2859796201226,691.9845031190664,12.301476501056186,10.386668173299647,3.829616655513078,69.662957307316,82.46143800669228,88.66998145068325,70.04435111871032,692.0869995117188,733.9614497209761,650.2125493024614
2026-04-30,09:30,1777555800,714.6300048828125,719.7899780273438,710.4500122070312,718.6599731445312,67240900,706.4973632392623,693.9604638616934,12.536899377568943,10.816714414153505,3.4403699268308756,93.54649804972759,86.15645802103738,87.83214030746797,82.8050934481762,695.2579986572266,735.0440867409453,655.4719105735079
2026-05-01,09:30,1777642200,721.25,724.8699951171875,720.469970703125,720.6500244140625,43049800,708.6746957276931,695.937468347054,12.73722738063907,11.200817007450619,3.0728207463769017,81.31926919813895,84.5440617467379,86.73611412055794,80.1599569990978,698.4989990234375,735.3629966338689,661.6350014130061
2026-05-04,09:30,1777901400,720.0700073242188,722.1199951171875,714.989990234375,718.010009765625,51950600,710.1108978873749,697.5724714150964,12.538426472278502,11.468338900416196,2.140175143724612,69.6325996855023,79.5735743929927,84.3486008780362,70.0235214229057,701.4529998779296,734.4233576405732,668.4826421152861
2026-05-05,09:30,1777987800,721.77001953125,725.0399780273438,721.489990234375,723.77001953125,36933200,712.2123012172019,699.5130305348115,12.69927068239042,11.714525256811042,1.9694908511587563,94.42020493484831,84.5224512402779,84.40655099878343,84.75425172326683,704.6805023193359,732.7564978590302,676.6045067796416
2026-05-06,09:30,1778074200,728.1599731445312,734.5900268554688,727.8200073242188,733.8300170898438,53288900,715.5381036591468,702.0550295388881,13.48307412025872,12.068235029500578,2.829678181516286,97.10141553903847,88.71543933986476,85.8428471124772,94.46062379463987,707.5715026855469,735.1462992703258,679.9967061007679
2026-05-07,09:30,1778160600,735.0499877929688,736.1300048828125,729.75,731.5800170898438,51724600,718.0060903407925,704.2420656537736,13.764024687018946,12.407392961004252,2.7132634520293877,83.60955982586518,87.01347950186491,86.23305790893977,88.57432268771515,710.1550048828125,736.5353229580254,683.7746868075996
2026-05-08,09:30,1778247000,734.9299926757812,738.0800170898438,734.5700073242188,737.6199951171875,47227100,721.0236141525456,706.7145048732857,14.309109279259928,12.787736224655388,3.04274610920908,98.4516269524148,90.82619531871487,87.76410371219814,96.9503785317483,713.0630035400391,738.0534837181306,688.0725233619476
2026-05-11,09:30,1778506200,736.4500122070312,740.7899780273438,736.4500122070312,739.2999877929688,44024000,723.8353639433799,709.1282443488178,14.707119594562073,13.171612898636726,3.0710133918506948,95.40409926031074,92.35216329924683,89.29345690788102,98.4695760819784,715.7230041503906,739.9819525981338,691.4640557026473
2026-05-12,09:30,1778592600,736.8900146484375,738.8400268554688,731.8300170898438,738.1799926757812,54185300,726.0422299022108,711.2802257063707,14.762004195840063,13.489691158077393,2.54462607552534,91.39753364581867,92.03395341477078,90.20695574351095,95.68794875729043,717.9090026855469,741.988508617256,693.8294967538377
2026-05-13,09:30,1778679000,738.469970703125,743.9099731445312,735.469970703125,742.3099975585938,44200200,728.5449633878081,713.5787273250538,14.96623606275432,13.78500013901278,2.3624718474830786,94.46757769218593,92.8451615072425,91.08635766475479,96.36276919221791,720.0275024414062,744.8544063413495,695.2005985414629
2026-05-14,09:30,1778765400,743.6500244140625,749.530029296875,743.5599975585938,748.1699829101562,45307600,731.5641971604772,716.1410425535798,15.423154606897356,14.112631032589697,2.621047148615318,96.062406344539,93.917576453008,92.0300972608392,97.69253483734559,722.3530029296875,748.5383034256818,696.1677024336932
2026-05-15,09:30,1778851800,741.7899780273438,743.4600219726562,737.9600219726562,739.1699829101562,60410800,732.7343180450432,717.8468899874005,14.887428057642751,14.267590437600308,1.2396752400848854,63.05266778114443,83.6292735623868,89.2298226946884,72.42817529778361,723.8045013427734,750.3369968543882,697.2720058311586
2026-05-18,09:30,1779111000,739.8300170898438,741.4199829101562,733.3900146484375,738.6500244140625,47843900,733.6444267172001,719.387862907894,14.256563809306044,14.265385111941455,-0.017642605270822287,49.884873923592274,72.3811403494553,83.61359524627736,49.91623055581118,725.3010040283203,751.6369971755477,698.965010881093
2026-05-19,09:30,1779197400,734.780029296875,737.6500244140625,731.530029296875,733.72998046875,54255900,733.6575888328232,720.4502419864759,13.207346846347264,14.053777458822617,-1.6928612249507076,20.1212061368321,54.9611622785809,74.0627842570452,16.757918321652312,726.7835021972656,751.4601470908723,702.106857303659
2026-05-20,09:30,1779283800,735.7100219726562,741.8699951171875,733.8900146484375,741.25,45768000,734.8256520893119,721.9909648022925,12.834687287019392,13.809959424461972,-1.9505442748851607,53.999837239583336,54.640720598915046,67.58876303766849,28.744635721408173,728.2855010986328,752.6424724801567,703.928529717109
2026-05-21,09:30,1779370200,738.6400146484375,744.8699951171875,737.030029296875,742.719970703125,43332200,736.0401626452831,723.5264467208727,12.513715924410349,13.550710724451648,-2.073989600082598,62.166341145833336,57.149260781221145,64.10892895218603,43.22992443929138,729.9989990234375,753.3335059384328,706.6644921084421
2026-05-22,09:30,1779456600,746.239990234375,748.9400024414062,744.47998046875,745.6400146484375,41762000,737.5170629534607,725.1644887895814,12.352574163879353,13.31108341233719,-1.9170184969156736,78.38880750868056,64.22910969037429,64.14898919824878,64.38935067462529,731.5839996337891,754.6447954773558,708.5232037902223
2026-05-26,09:30,1779802200,750.010009765625,752.1300048828125,748.3699951171875,750.5900268554688,41123600,739.5282881691543,727.0478619796471,12.48042618950717,13.144951967771187,-1.3290515565280323,92.52436964830672,73.6608630096851,67.31961380206089,86.34336142493353,733.3550018310547,756.5415568782646,710.1684467838447
2026-05-27,09:30,1779888600,750.8800048828125,751.3800048828125,748.219970703125,750.4600219726562,42106300,741.2100933696931,728.7820960532034,12.427997316489723,13.001561037514895,-1.1471274420503441,91.89327723623003,79.73833441853341,71.45918734088505,96.29662857383013,735.2935028076172,757.366724002336,713.2202816128984
2026-05-28,09:30,1779975000,750.25,755.1500244140625,749.22998046875,754.5999755859375,41562600,743.2700752491154,730.6945315741466,12.575543674968799,12.916357565005676,-0.6816277800737538,97.67125765523657,85.71597549743447,76.21145005973486,104.72502637283372,737.4445007324218,758.20027156541,716.6887298994336
2026-05-29,09:30,1780061400,755.9000244140625,758.0800170898438,754.6900024414062,756.47998046875,55075700,745.3023683598285,732.6045648255987,12.69780353422982,12.872646758850506,-0.3496864492413714,93.9734939482063,88.46848164769175,80.29712725572048,104.81119043163426,739.3355010986328,759.7902486099044,718.8807535873611
2026-06-01,09:30,1780320600,755.3599853515625,760.280029296875,754.6900024414062,758.5399780273438,43634900,747.3389236932923,734.5257065442464,12.81321714904584,12.860760836889572,-0.09508737568746284,93.94764775815217,90.29487035117856,83.62970828753984,103.62519447845597,741.2299987792969,761.4283449724103,721.0316525861836
2026-06-02,09:30,1780407000,757.030029296875,760.4000244140625,756.75,759.5700073242188,31581900,749.220628867281,736.3808399353554,12.839788931925568,12.856566455896772,-0.03355504794240716,96.86904268545379,92.4862611292703,86.58189256811667,104.29499825157757,743.3079986572266,762.0199857161338,724.5960115983194
2026-06-03,09:30,1780493400,758.1500244140625,758.7999877929688,753.5700073242188,754.239990234375,51402500,749.9928383083725,737.703739957505,12.289098350867448,12.743072834890906,-0.9079489680469166,73.6412688629229,86.20459704048784,86.4561273922404,85.70153633698271,744.8314971923828,761.8141186287031,727.8488757560625
2026-06-04,09:30,1780579800,752.0999755859375,758.3099975585938,751.469970703125,757.0900268554688,49923000,751.0847134694643,739.139761209206,11.944952260258333,12.583448719964393,-1.2769929194121197,79.20861544123849,83.87260317407139,85.59495265285074,80.42790421651267,745.994497680664,762.9899955350146,728.9989998263135
2026-06-05,09:30,1780666200,752.3099975585938,752.8200073242188,735.530029296875,737.5499877929688,93989400,749.0024479807727,739.0220002154106,9.9804477653621,12.062848529043936,-4.164801527363672,8.122070336466487,58.62242556153642,76.6041102890793,22.659056106450635,746.2929962158203,762.4545877563625,730.1314046752781
2026-06-08,09:30,1780925400,743.3599853515625,745.3400268554688,738.1900024414062,739.219970703125,49319100,747.4974514765191,739.0366646959819,8.460786780537205,11.342436179342592,-5.763298797610773,14.836920509485362,44.02725721085273,65.74515926300377,0.5914531065506594,746.3729949951172,762.3771441531899,730.3688458370445
2026-06-09,09:30,1781011800,743.6300048828125,746.9000244140625,722.5900268554688,737.0499877929688,87683500,745.8901493713574,738.8895034439068,7.000645927450591,10.474078128964193,-6.946864403027202,38.243749989910874,42.09942147053878,57.86324666551544,10.571771080585464,746.2604949951171,762.4919573986028,730.0290325916314
2026-06-10,09:30,1781098200,733.3900146484375,738.3800048828125,725.3300170898438,725.4299926757812,60341300,742.7424329566535,737.892502646268,4.849930310385503,9.349248565248455,-8.998636509725905,7.5111504990483935,30.569997813375316,48.765497048135394,-5.821000656144847,745.6229949951172,763.9412320441453,727.3047579460891
2026-06-11,09:30,1781184600,728.760009765625,740.0,724.4099731445312,737.760009765625,86330500,741.9759063118798,737.8826883588129,4.093217953066983,8.29804244281216,-8.409648979490356,40.12161832765921,33.75387131813662,43.761621804802466,13.73837034480492,745.3954956054688,763.9836881382619,726.8073030726757
2026-06-12,09:30,1781271000,740.7100219726562,744.4400024414062,735.030029296875,741.75,57079500,741.9411514946676,738.1691558877898,3.7719956068777947,7.392833075625288,-7.241674937494986,50.674356999995155,39.39403321208946,42.3057589405648,33.57058175513879,745.074496459961,763.6816754914972,726.4673174284247
2026-06-15,09:30,1781530200,751.8499755859375,756.6799926757812,751.760009765625,754.8300170898438,60176400,743.9240538939255,739.4032937546086,4.520760139316849,6.8184184883636005,-4.595316698093503,89.0362469322258,55.94143778546824,46.85098522219928,74.12234291200618,745.8574981689453,764.7211172624968,726.9938790753938
2026-06-16,09:30,1781616600,754.5499877929688,755.4400024414062,749.8800048828125,750.3300170898438,67093100,744.9095866932975,740.2126806683298,4.696906024967689,6.394115995684419,-3.39441994143346,77.65961082366772,63.1808287982014,52.29426641419998,84.95395356620423,746.4414978027344,765.0984818176182,727.7845137878505
2026-06-17,09:30,1781703000,751.2899780273438,752.1500244140625,739.219970703125,740.9600219726562,85945200,744.3019613516603,740.268039283465,4.033922068195352,5.922077210186606,-3.7763102839825073,53.88681001915743,60.08282253852008,54.89045178897335,70.46756403761353,746.8029998779297,764.7265346408847,728.8794651149747
2026-06-18,09:30,1781789400,747.760009765625,748.22998046875,743.8599853515625,746.739990234375,80875700,744.6770427182319,740.7474430576066,3.9295996606252857,5.523581700274342,-3.187964079298112,70.84185272053426,63.669165932524805,57.816689836823834,75.37411812392675,747.0774993896484,764.8196900938794,729.3353086854174
2026-06-22,09:30,1782135000,747.7000122070312,750.1799926757812,743.1300048828125,744.3900146484375,46628100,744.6328845536482,741.0172631754459,3.6156213782022633,5.141989635859926,-3.052736515315326,63.94840026498129,63.76224404334363,59.798541238997096,71.68964965203669,747.161001586914,764.8359653524661,729.486037821362
2026-06-23,09:30,1782221400,733.8099975585938,739.6300048828125,732.2999877929688,733.5800170898438,66846800,742.9324434053706,740.466356057994,2.4660873473766287,4.6068091781632665,-4.281443661573276,28.416604881296433,51.98036432266123,57.192482266885136,41.556128434213434,746.5580017089844,765.1960235039867,727.9199799139822
2026-06-24,09:30,1782307800,735.1699829101562,739.9500122070312,730.8400268554688,733.239990234375,57439500,741.4412967636789,739.9310697006889,1.5102270629899976,3.987492755128613,-4.954531384277231,27.362912133637973,43.77454692632014,52.71983715336347,25.88396647223348,745.6904998779297,765.0963768046402,726.2846229512193
2026-06-25,09:30,1782394200,738.9099731445312,739.3699951171875,729.5999755859375,734.2999877929688,53934400,740.3426338451081,739.5139525223393,0.8286813227688299,3.3557304686566565,-5.054098291775653,17.356016399243597,34.96837008396129,46.80268146356275,11.299747324758371,744.8824981689453,764.7665540217349,724.9984423161557
2026-06-26,09:30,1782480600,728.9500122070312,736.530029296875,716.5800170898438,728.989990234375,71034000,738.5960732896107,738.7343997602678,-0.1383264706571481,2.656919080793896,-5.590491102902088,30.94758279325051,33.62810765372436,42.411156860283285,16.06200924060653,743.6019989013672,764.1067654662396,723.0972323364948
2026-06-29,09:30,1782739800,736.530029296875,741.5599975585938,732.0900268554688,741.0,58035200,738.9659081681322,738.902222000248,0.06368616788415693,2.138272498211948,-4.149172660655582,62.840947286086305,43.36572086451167,42.72934486169275,44.63847287014951,742.8279998779296,762.4808559485713,723.175143807288
2026-06-30,09:30,1782826200,741.2899780273438,748.02001953125,740.8900146484375,746.77001953125,55626000,740.1665406855349,739.4850218173592,0.6815188681756581,1.84692177220469,-2.330805808058064,84.87488396115852,57.20210856339395,47.55359942892648,76.49912683232888,742.239501953125,760.6401564202698,723.8388474859802
2026-07-01,09:30,1782912600,745.0,749.4400024414062,742.3800048828125,745.760009765625,47100900,741.0270743901641,739.949835739453,1.0772386507111378,1.6929851479059796,-1.2314929943896837,86.84527939952989,67.0831655087726,54.06345478887519,93.1225869485674,741.5490020751953,758.2548823651305,724.8431217852601
2026-07-02,09:30,1782999000,747.4000244140625,751.3099975585938,740.030029296875,744.780029296875,57447800,741.6044520681196,740.3076278548176,1.2968242133019885,1.6137529609851815,-0.633857495366386,81.19789250214406,71.78807450656308,59.971661361437825,95.42090079681358,741.0760040283203,756.826153200389,725.3258548562517
2026-07-06,09:30,1783344600,748.739990234375,752.4099731445312,747.4099731445312,751.280029296875,50673300,743.093002411005,741.120398332007,1.9726040789980743,1.6855231845877603,0.5741617888206281,96.84637110374456,80.14084003895691,66.69472092061085,107.03307827564902,740.7855041503906,755.5253915020863,726.0456167986948
2026-07-07,09:30,1783431000,750.219970703125,750.9600219726562,745.2100219726562,747.7100219726562,43721500,743.8033131127975,741.6085186016848,2.1947945111127183,1.7873774498927522,0.8148341224399323,86.88262088655249,82.38810032148876,71.92584738757016,103.31260618932598,741.293505859375,756.2510488524506,726.3359628662995
2026-07-08,09:30,1783517400,743.1599731445312,746.1500244140625,739.510009765625,745.4000244140625,43767400,744.0489610052998,741.8893708840832,2.159590121216638,1.8618199841575294,0.5955402741182176,80.43550843386629,81.73723635894794,75.19631037802941,94.819088320785,741.6025085449219,756.6311129734828,726.573904116361
2026-07-09,09:30,1783603800,747.3499755859375,751.969970703125,745.5900268554688,751.7100219726562,41441700,745.2275857695084,742.6168265202738,2.610759249234661,2.011607837172956,1.1983028241234104,98.04646377236227,87.17364549675273,79.18875541760384,103.14342565505049,742.3355102539062,757.8273488003034,726.8436717075091
2026-07-10,09:30,1783690200,752.0499877929688,755.4199829101562,748.0999755859375,754.9500122070312,42191300,746.7233436829736,743.5303958304039,3.1929478525696595,2.2478758402522967,1.8901440246347256,97.98554827097253,90.77761308815933,83.05170797445567,106.22942331556663,743.8115112304688,758.1624196687734,729.4606027921642
2026-07-13,09:30,1783949400,752.469970703125,753.9099731445312,748.0,749.1699829101562,44013600,747.0997497179247,743.9481430214965,3.151606696428189,2.4286220114874753,1.4459693698814275,60.71646417487312,80.75723011706393,82.28688202199176,77.69792630720826,744.3820098876953,758.6321049009089,730.1319148744817
2026-07-14,09:30,1784035800,750.9099731445312,753.3400268554688,748.6599731445312,751.8300170898438,35143100,747.8274831597585,744.5319855450778,3.2954976146806985,2.60199713212612,1.3870009651091566,77.43575185388366,79.65007069600384,81.40794491332912,76.13432226135328,744.8860107421875,759.4379249629065,730.3340965214685
2026-07-15,09:30,1784122200,754.239990234375,755.5800170898438,750.2000122070312,754.8099975585938,43844800,748.9017161441947,745.2933197683012,3.6083963758934487,2.803276980879586,1.6102387900277257,95.2083436197971,84.8361616706016,82.55068383241994,89.40711734696492,744.885009765625,759.4341902888484,730.3358292424016
2026-07-16,09:30,1784208600,752.760009765625,754.5700073242188,747.8800048828125,750.719970703125,46409800,749.1814476147994,745.6952939116214,3.4861537031779335,2.9398523253392557,1.0926027556773557,69.75703689074066,79.80978674398129,81.63705146960706,76.15525729272974,744.904507446289,759.4838375452823,730.3251773472957
2026-07-17,09:30,1784295000,742.0800170898438,747.2899780273438,740.7999877929688,743.2899780273438,62651000,748.2750676782678,745.5171223646379,2.7579453136298753,2.9034709229973794,-0.2910512187350083,23.521882631764853,61.04715203990915,74.77375165970776,33.59395280031194,745.0210052490235,759.509349774946,730.5326607231009
2026-07-20,09:30,1784554200,747.0599975585938,748.72998046875,741.510009765625,742.0900268554688,50422300,747.3235229362987,745.2632634380327,2.060259498265964,2.734828638051096,-1.3491382795702647,16.054859452089133,46.04972117730248,65.19907483223933,7.751013867428782,744.7885070800781,759.3082539959271,730.2687601642292
2026-07-21,09:30,1784640600,746.2899780273438,749.0399780273438,744.1799926757812,748.280029296875,34324300,747.4706777610027,745.4867275757248,1.9839501852778767,2.584652947496452,-1.2014055244371509,50.609111481854676,47.569517945486545,59.3225558699884,24.06344209648283,744.9830078125,759.580203248443,730.3858123765569
2026-07-22,09:30,1784727000,746.6199951171875,750.02001953125,746.3699951171875,747.4099731445312,32836200,747.4613385892378,745.6291902104512,1.8321483787866555,2.434152033754493,-1.2040073099356752,44.722410347049006,46.6204820793407,55.08853127310583,29.68438369181044,745.6745056152344,759.3250671571911,732.0239440732776
2026-07-23,09:30,1784813400,739.3699951171875,742.5599975585938,735.2100219726562,738.1799926757812,55437300,746.0334392179368,745.0773978004758,0.9560414174610514,2.1385299104958047,-2.3649769860695065,14.580124767035615,35.940362975239005,48.705808507150216,10.409471911416588,745.9215057373046,758.821269473827,733.0217420007823
2026-07-24,09:30,1784899800,738.510009765625,743.719970703125,737.2899780273438,738.9299926757812,44782000,744.9406012883744,744.6220344579058,0.318566830468626,1.774537294490369,-2.911940928043486,18.262010774790106,30.047578908422704,42.486398640907716,5.169939443452677,746.1530059814453,758.3576710779457,733.9483408849449
2026-07-27,09:30,1785159000,744.9099731445312,745.530029296875,735.8699951171875,739.0900268554688,41461200,744.0405129140812,744.2122561169846,-0.17174320290337164,1.385281195011621,-3.1140487958299854,19.04764758406194,26.38093513363578,37.1179108051504,4.906983790606546,746.6580078125,756.6077342228201,736.70828140218
2026-07-28,09:30,1785245400,739.1900024414062,742.7899780273438,735.97998046875,740.8599853515625,47322200,743.551200981386,743.9639397639903,-0.412738782604265,1.025677199488444,-2.876831964185418,29.183717220376174,27.31519582921591,33.85033914650557,14.244909194636591,746.6510070800781,756.616831783004,736.6851823771522
2026-07-29,09:30,1785331800,739.969970703125,742.6799926757812,729.0999755859375,729.4600219726562,70697200,741.3833272877353,742.8895754831508,-1.5062481954155373,0.5192921205076477,-4.05108063184637,1.7210594187084614,18.78381702571343,28.82816510624152,-1.304879135342759,745.7855072021484,758.2524419839895,733.3185724203074
2026-07-30,09:30,1785418200,736.0499877929688,742.4500122070312,734.5900268554688,741.6900024414062,66811300,741.4305080806076,742.8007182207994,-1.3702101401917162,0.14139166836777495,-3.0232036171189822,60.18164631193217,32.58309345445301,30.079807888978685,37.58966458540165,745.5820068359375,758.1761846607772,732.9878290110978
2026-07-31,09:30,1785504600,744.6799926757812,748.9000244140625,737.6799926757812,747.030029296875,62445900,742.2919728831102,743.1140005227309,-0.8220276396206145,-0.051292193229902944,-1.5414708927814231,85.70753368304965,50.29124019731855,36.81695199175864,77.23981660843836,745.6945068359375,758.2982130487356,733.0908006231394
2026-08-03,09:30,1785763800,749.4400024414062,758.5800170898438,748.7999877929688,757.6699829101562,59927500,744.6578205795789,744.192221440318,0.4655991392609167,0.05208607326826098,0.8270261319853114,96.91304986946197,65.83184342136636,46.488582468294545,104.51836532750998,746.0140045166015,759.4634613247866,732.5645477084164
2026-08-04,09:30,1785850200,760.6300048828125,773.4099731445312,760.52001953125,771.3300170898438,69154800,748.7612354273119,746.202428525468,2.558806901843923,0.5534302389833934,4.010753325721058,95.30589896346292,75.65652860206521,56.21123117955143,114.54712344709276,747.1950042724609,764.5994189486671,729.7905895962547
2026-08-05,09:30,1785936600,775.8499755859375,776.8499755859375,769.510009765625,769.7899780273438,44689100,751.9964265965476,747.9496544144957,4.046772182051882,1.2520986275970911,5.589347108909582,85.21466479875654,78.84257400096232,63.75501212002173,109.01769776284348,748.414501953125,768.3751414495719,728.453862456678
2026-08-06,09:30,1786023000,770.2100219726562,771.8200073242188,767.4600219726562,768.5599975585938,38416900,754.5446682830163,749.4763464992437,5.068321783772603,2.0153432588321936,6.1059570498808196,82.63878947153141,80.10797915781868,69.20600113262071,101.9119352082146,749.2570007324218,771.0419501363754,727.4720513284683
2026-08-07,09:30,1786109400,771.02001953125,773.9199829101562,769.6099853515625,773.260009765625,43586300,757.4239515880331,751.2380993337904,6.185852254242718,2.8494450579142985,6.672814392656839,92.48174697316755,84.23256842960163,74.21485689828101,104.26799149224286,750.1725006103516,774.2552386819758,726.0897625387273
2026-08-10,09:30,1786368600,772.5999755859375,775.0499877929688,771.6199951171875,773.030029296875,39249500,759.8248866201626,752.8523163680929,6.972570252069659,3.6740700967453708,6.597000310648576,92.00011248363874,86.82174978094733,78.41715452583645,103.63094029116905,751.3655029296875,777.4150244238322,725.3159814355429
2026-08-11,09:30,1786455000,774.530029296875,774.6099853515625,769.2000122070312,770.5599975585938,36740600,761.476442149152,754.1639964562783,7.31244569287378,4.401745215971053,5.821400953805455,85.1159828246342,86.25316079550961,81.02915661572752,96.70116915507379,752.302001953125,779.6646045069964,724.9393993992536
2026-08-12,09:30,1786541400,774.7100219726562,774.9000244140625,771.280029296875,772.489990234375,33179100,763.1708341622633,755.521477476878,7.649356685385328,5.051267509853908,5.196178351062841,88.86906496343654,87.12512885148526,83.0611473609801,95.25309183249556,753.186001586914,781.923419057667,724.448584116161
2026-08-13,09:30,1786627800,774.8699951171875,779.3699951171875,774.1099853515625,777.8800048828125,35634500,765.4337835038863,757.1776646921323,8.256118811753936,5.692237770233914,5.127762083040043,95.12597357739403,89.79207709345485,85.30479060513835,98.76665007008785,754.5440032958984,785.1904547448595,723.8975518469373
2026-08-14,09:30,1786714200,778.5399780273438,778.7999877929688,775.4299926757812,776.3400268554688,31367900,767.1116670964375,758.5970989264536,8.514568169983932,6.256703850183918,4.515728639600027,83.92587699700167,87.83667706130379,86.1487527571935,91.21252566952433,756.1965057373047,787.7870840921075,724.6059273825019
2026-08-17,09:30,1786973400,776.1799926757812,776.780029296875,772.510009765625,772.6699829101562,34356600,767.9667926062405,759.6395347770982,8.32725782914224,6.670814645975582,3.3128863663333163,43.74452296638703,73.1392923629982,81.81226595912841,55.79334517073778,757.7255035400391,789.3970971913226,726.0539098887556
2026-08-18,09:30,1787059800,768.7000122070312,769.5,766.9199829101562,767.4500122070312,43920900,767.887287929439,760.218088660797,7.669199268642046,6.870491570508875,1.5974153962663422,4.257259254538413,50.17861466017827,71.26771552614503,8.00041292824477,758.6840026855468,790.314443387369,727.0535619837246
2026-08-19,09:30,1787146200,770.3599853515625,772.469970703125,768.0999755859375,769.0599975585938,40306000,768.0677047954629,760.8730448754485,7.194659920014374,6.935325240409975,0.518669359208797,17.188855824807213,39.18202838172125,60.57248647800377,-3.5988878108437774,759.76650390625,791.2610915194091,728.271916293091
2026-08-20,09:30,1787232600,765.9600219726562,768.1500244140625,762.0399780273438,762.5999755859375,45520300,767.2265156863051,761.000965668818,6.22555001748708,6.793370195825396,-1.1356403566766318,3.231373377709687,27.198476713717398,49.44781655657498,-17.300202971997763,760.9875030517578,790.893286977295,731.0817191262206
2026-08-21,09:30,1787319000,766.0499877929688,767.8499755859375,764.1699829101562,765.719970703125,39188700,766.9947395350466,761.3505215972853,5.644217937761368,6.563539744212591,-1.8386436129024446,21.234789652561325,25.210581026665373,41.36873804660511,-7.105733013214106,762.327001953125,790.5112418788503,734.1427620273996
2026-08-24,09:30,1787578200,764.780029296875,765.219970703125,762.0800170898438,763.469970703125,32430900,766.4524674070586,761.5075178273474,4.944949579711192,6.239821711312311,-2.5897442632022383,8.251536443200028,19.55756616551026,34.09834741957349,-9.523996342616208,763.5459991455078,789.6357947895058,737.4562035015099
2026-08-25,09:30,1787664600,766.1599731445312,766.780029296875,763.0499877929688,765.9099731445312,27422300,766.3690067512852,761.8336256286203,4.53538112266483,5.898933593582816,-2.7271049418359716,22.331167344638736,20.482099891886417,29.5595982436778,2.3271031883036457,764.7984985351562,788.7273315218084,740.869665548504
2026-08-26,09:30,1787751000,764.72998046875,767.3499755859375,763.9299926757812,766.0800170898438,28751600,766.324546803371,762.1481731442665,4.17637365910457,5.554421606687168,-2.7560958951651955,24.10523095747935,21.68981024708406,26.936335578146554,11.196759584959068,766.6294982910156,784.2290914820185,749.0299051000127
2026-08-27,09:30,1787837400,768.5,772.3599853515625,767.1599731445312,771.0999755859375,34557100,767.0592281545352,762.8112696214273,4.247958533107862,5.293128991971306,-2.0903409177268877,61.465169916480676,34.94826347021626,29.606978208836455,45.63083399297587,768.0999969482422,781.5423761307947,754.6576177656897
2026-08-28,09:30,1787923800,771.760009765625,775.2999877929688,768.3099975585938,769.3499755859375,36744300,767.4116508362893,763.295618211391,4.116032624898253,5.057709718556696,-1.8833541873168862,55.128146116031154,41.67489101882123,33.629615812164715,57.76544143213425,769.2159942626953,778.5562051819979,759.8757833433926
2026-08-31,09:30,1788183000,767.3300170898438,768.0,764.719970703125,767.0499877929688,38810800,767.3560103680861,763.5737196618783,3.7822907062078457,4.802625916086926,-2.040670419758161,37.782851251081695,40.37754442957472,35.87892535130138,49.374782586121384,769.6849945068359,777.4719025116754,761.8980865019964
2026-09-01,09:30,1788269400,762.010009765625,764.6699829101562,759.47998046875,761.780029296875,41126300,766.4981671263613,763.4408537089151,3.057313417446153,4.453563416358772,-2.7924999978252387,14.53886070333147,31.7646498541603,34.50750018558769,26.27894919130553,769.2074951171875,777.6739222704672,760.7410679639078
2026-09-02,09:30,1788355800,762.4500122070312,766.4299926757812,761.72998046875,765.1599731445312,29566200,766.2922911291566,763.5681958893312,2.7240952398254876,4.107669781052115,-2.7671490824532547,35.90385617006501,33.14438529279521,34.05312855465686,31.326898769071903,768.9759948730468,777.6174443374217,760.3345454086719
2026-09-03,09:30,1788442200,767.9000244140625,774.030029296875,767.4500122070312,773.1699829101562,43531600,767.3503975570027,764.2794393723552,3.070958184647452,3.9003274617711825,-1.6587385542474609,86.5360057099867,50.9415920985257,39.682616402613135,73.45954349035085,769.206494140625,778.0351647978579,760.377823483392
2026-09-04,09:30,1788528600,772.010009765625,772.8699951171875,769.0,770.1900024414062,34054200,767.787259846911,764.7172588589516,3.070000987959361,3.734262167008818,-1.3285223580989145,67.69922259302841,56.5274689300266,45.297567245084295,78.98727229991121,769.0529937744141,777.6992898632196,760.4066976856085
2026-09-08,09:30,1788874200,769.0700073242188,769.7000122070312,765.1400146484375,765.9600219726562,44746100,767.5061463277949,764.8093153858927,2.696830941902249,3.5267759219875043,-1.6598899601705108,40.96105248943845,51.338663449830555,47.31126597999972,59.393458389492224,768.6994934082031,777.2439956537152,760.1549911626911
2026-09-09,09:30,1788960600,764.0800170898438,764.469970703125,760.9400024414062,762.4000244140625,32812400,766.7205891102975,764.6308493879793,2.0897397223181997,3.2393686820536436,-2.2992579194708878,18.45791778390787,40.378414894523,45.00031561817414,31.134613447220715,768.2914947509765,777.2126512785389,759.3703382234141
2026-09-10,09:30,1789047000,758.030029296875,760.1099853515625,756.6400146484375,757.8300170898438,42740400,765.3528087994584,764.1270840325618,1.225724766896633,2.8366398990222415,-3.221830264251217,6.37729986098618,29.04470988334406,39.68178037323078,7.77056890357062,767.55849609375,777.3462903176463,757.7707018698537
