example,stage_or_year,asset_or_fee,value_usd,weight,portfolio_value_usd,annual_fee
cap,0,A,4000.0,0.4,10000.0,
cap,0,B,3000.0,0.3,10000.0,
cap,0,C,2000.0,0.2,10000.0,
cap,0,D,1000.0,0.1,10000.0,
cap,1,A,5600.0,0.49122807017543857,11400.0,
cap,1,B,2700.0,0.23684210526315788,11400.0,
cap,1,C,2000.0,0.17543859649122806,11400.0,
cap,1,D,1100.0,0.09649122807017543,11400.0,
cap,2,A,5600.0,0.49122807017543857,11400.0,
cap,2,B,2700.0,0.23684210526315788,11400.0,
cap,2,C,2000.0,0.17543859649122806,11400.0,
cap,2,D,1100.0,0.09649122807017543,11400.0,
equal,0,A,2500.0,0.25,10000.0,
equal,0,B,2500.0,0.25,10000.0,
equal,0,C,2500.0,0.25,10000.0,
equal,0,D,2500.0,0.25,10000.0,
equal,1,A,3500.0,0.3181818181818182,11000.0,
equal,1,B,2250.0,0.20454545454545456,11000.0,
equal,1,C,2500.0,0.22727272727272727,11000.0,
equal,1,D,2750.0,0.25,11000.0,
equal,2,A,2750.0,0.25,11000.0,
equal,2,B,2750.0,0.25,11000.0,
equal,2,C,2750.0,0.25,11000.0,
equal,2,D,2750.0,0.25,11000.0,
fees,0,0.0003,10000.0,,,0.0003
fees,0,0.0033,10000.0,,,0.0033
fees,0,0.0075,10000.0,,,0.0075
fees,1,0.0003,10596.82,,,0.0003
fees,1,0.0033,10565.02,,,0.0033
fees,1,0.0075,10520.500000000002,,,0.0075
fees,2,0.0003,11229.25941124,,,0.0003
fees,2,0.0033,11161.964760040002,,,0.0033
fees,2,0.0075,11068.092025000002,,,0.0075
fees,3,0.0003,11899.444071421625,,,0.0003
fees,3,0.0033,11792.638092911782,,,0.0033
fees,3,0.0075,11644.186214901256,,,0.0075
fees,4,0.0003,12609.626692492211,,,0.0003
fees,4,0.0033,12458.945730437483,,,0.0033
fees,4,0.0075,12250.266107386868,,,0.0075
fees,5,0.0003,13362.194432753531,,,0.0003
fees,5,0.0033,13162.901082098664,,,0.0033
fees,5,0.0075,12887.892458276356,,,0.0075
fees,6,0.0003,14159.676920889127,,,0.0003
fees,6,0.0033,13906.631319039401,,,0.0033
fees,6,0.0075,13558.707260729641,,,0.0075
fees,7,0.0003,15004.754758881632,,,0.0003
fees,7,0.0033,14692.38380182777,,,0.0033
fees,7,0.0075,14264.437973650622,,,0.0075
fees,8,0.0003,15900.268532401207,,,0.0003
fees,8,0.0033,15522.532871398642,,,0.0033
fees,8,0.0075,15006.901970179139,,,0.0075
fees,9,0.0003,16849.22835895198,,,0.0003
fees,9,0.0033,16399.58702369841,,,0.0033
fees,9,0.0075,15788.011217726966,,,0.0075
fees,10,0.0003,17854.82400587095,,,0.0003
fees,10,0.0033,17326.196489711416,,,0.0033
fees,10,0.0075,16609.777201609657,,,0.0075
fees,11,0.0003,18920.43561218934,,,0.0003
fees,11,0.0033,18305.16124377309,,,0.0033
fees,11,0.0075,17474.31610495344,,,0.0075
fees,12,0.0003,20049.645050396022,,,0.0003
fees,12,0.0033,19339.43946436876,,,0.0033
fees,12,0.0075,18383.85425821627,,,0.0075
fees,13,0.0003,21246.247966293762,,,0.0003
fees,13,0.0033,20432.156472984527,,,0.0033
fees,13,0.0075,19340.73387235643,,,0.0075
fees,14,0.0003,22514.266537418105,,,0.0003
fees,14,0.0033,21586.614178021096,,,0.0033
fees,14,0.0075,20347.419070412583,,,0.0075
fees,15,0.0003,23857.96299290429,,,0.0003
fees,15,0.0033,22806.301052307645,,,0.0033
fees,15,0.0075,21406.50223302756,,,0.0075
fees,16,0.0003,25281.853940246805,,,0.0003
fees,16,0.0033,24094.902674365134,,,0.0033
fees,16,0.0075,22520.71067425665,,,0.0075
fees,17,0.0003,26790.725547108614,,,0.0003
fees,17,0.0033,25456.312865272113,,,0.0033
fees,17,0.0075,23692.913664851712,,,0.0075
fees,18,0.0003,28389.64962921115,,,0.0003
fees,18,0.0033,26894.64545478572,,,0.0033
fees,18,0.0075,24926.12982110725,,,0.0075
fees,19,0.0003,30084.000698381733,,,0.0003
fees,19,0.0033,28414.246712272026,,,0.0033
fees,19,0.0075,26223.534878295886,,,0.0075
fees,20,0.0003,31879.474028062552,,,0.0003
fees,20,0.0033,30019.70848000882,,,0.0033
fees,20,0.0075,27588.46986871119,,,0.0075
